ISO-10303-21;
HEADER;
/* Generated by software containing ST-Developer
 * from STEP Tools, Inc. (www.steptools.com) 
 */

FILE_DESCRIPTION(
/* description */ ('FreeCAD Model'),
/* implementation_level */ '2;1');

FILE_NAME(
/* name */ 'TO-220-3_Vertical v2.step',
/* time_stamp */ '2025-08-18T13:55:18+02:00',
/* author */ (''),
/* organization */ (''),
/* preprocessor_version */ 'ST-DEVELOPER v20.1',
/* originating_system */ 'Autodesk Translation Framework v14.10.0.0',
/* authorisation */ '');

FILE_SCHEMA (('AUTOMOTIVE_DESIGN { 1 0 10303 214 3 1 1 }'));
ENDSEC;

DATA;
#10=MECHANICAL_DESIGN_GEOMETRIC_PRESENTATION_REPRESENTATION('',(#25,#26,
#27,#28,#29,#30,#31,#32,#33,#34,#35,#36,#37,#38,#39,#40,#41,#42,#43,#44,
#45,#46,#47,#48,#49,#50,#51,#52,#53,#54,#55,#56,#57,#58,#59,#60,#61,#62,
#63,#64,#65,#66,#67,#68,#69,#70,#71,#72,#73,#74,#75,#76,#77,#78,#79,#80),
#8038);
#11=ITEM_DEFINED_TRANSFORMATION($,$,#4914,#5293);
#12=(
REPRESENTATION_RELATIONSHIP($,$,#8049,#8048)
REPRESENTATION_RELATIONSHIP_WITH_TRANSFORMATION(#11)
SHAPE_REPRESENTATION_RELATIONSHIP()
);
#13=CONTEXT_DEPENDENT_SHAPE_REPRESENTATION(#12,#8047);
#14=NEXT_ASSEMBLY_USAGE_OCCURRENCE('v8508a v2:1','v8508a v2:1',
'v8508a v2:1',#8051,#8052,'v8508a v2:1');
#15=FACE_BOUND('',#747,.T.);
#16=FACE_BOUND('',#763,.T.);
#17=SHAPE_REPRESENTATION_RELATIONSHIP('SRR','None',#8049,#19);
#18=SHAPE_REPRESENTATION_RELATIONSHIP('SRR','None',#8048,#20);
#19=ADVANCED_BREP_SHAPE_REPRESENTATION('',(#81,#82,#83,#84,#85,#86,#87),
#8037);
#20=ADVANCED_BREP_SHAPE_REPRESENTATION('',(#88),#8036);
#21=ELLIPSE('',#4970,0.750271875948045,0.750000000000001);
#22=ELLIPSE('',#4993,0.750271875948045,0.750000000000001);
#23=ELLIPSE('',#5001,0.750271875948045,0.750000000000001);
#24=ELLIPSE('',#5134,0.750271875948045,0.750000000000001);
#25=STYLED_ITEM('',(#8062),#81);
#26=STYLED_ITEM('',(#8062),#82);
#27=STYLED_ITEM('',(#8062),#83);
#28=STYLED_ITEM('',(#8062),#84);
#29=STYLED_ITEM('',(#8062),#85);
#30=STYLED_ITEM('',(#8062),#86);
#31=STYLED_ITEM('',(#8062),#87);
#32=STYLED_ITEM('',(#8063),#4845);
#33=STYLED_ITEM('',(#8063),#4846);
#34=STYLED_ITEM('',(#8063),#4847);
#35=STYLED_ITEM('',(#8063),#4848);
#36=STYLED_ITEM('',(#8063),#4849);
#37=STYLED_ITEM('',(#8063),#4850);
#38=STYLED_ITEM('',(#8063),#4851);
#39=STYLED_ITEM('',(#8063),#4852);
#40=STYLED_ITEM('',(#8064),#4853);
#41=STYLED_ITEM('',(#8064),#4854);
#42=STYLED_ITEM('',(#8064),#4855);
#43=STYLED_ITEM('',(#8064),#4856);
#44=STYLED_ITEM('',(#8064),#4857);
#45=STYLED_ITEM('',(#8064),#4858);
#46=STYLED_ITEM('',(#8064),#4859);
#47=STYLED_ITEM('',(#8064),#4860);
#48=STYLED_ITEM('',(#8064),#4861);
#49=STYLED_ITEM('',(#8064),#4862);
#50=STYLED_ITEM('',(#8064),#4863);
#51=STYLED_ITEM('',(#8064),#4864);
#52=STYLED_ITEM('',(#8064),#4865);
#53=STYLED_ITEM('',(#8064),#4866);
#54=STYLED_ITEM('',(#8064),#4867);
#55=STYLED_ITEM('',(#8064),#4868);
#56=STYLED_ITEM('',(#8064),#4869);
#57=STYLED_ITEM('',(#8064),#4870);
#58=STYLED_ITEM('',(#8064),#4871);
#59=STYLED_ITEM('',(#8064),#4872);
#60=STYLED_ITEM('',(#8064),#4873);
#61=STYLED_ITEM('',(#8064),#4874);
#62=STYLED_ITEM('',(#8064),#4875);
#63=STYLED_ITEM('',(#8064),#4876);
#64=STYLED_ITEM('',(#8064),#4877);
#65=STYLED_ITEM('',(#8064),#4878);
#66=STYLED_ITEM('',(#8064),#4879);
#67=STYLED_ITEM('',(#8064),#4880);
#68=STYLED_ITEM('',(#8064),#4881);
#69=STYLED_ITEM('',(#8064),#4882);
#70=STYLED_ITEM('',(#8064),#4883);
#71=STYLED_ITEM('',(#8064),#4884);
#72=STYLED_ITEM('',(#8064),#4885);
#73=STYLED_ITEM('',(#8064),#4886);
#74=STYLED_ITEM('',(#8064),#4887);
#75=STYLED_ITEM('',(#8064),#4888);
#76=STYLED_ITEM('',(#8064),#4889);
#77=STYLED_ITEM('',(#8064),#4890);
#78=STYLED_ITEM('',(#8064),#4891);
#79=STYLED_ITEM('',(#8064),#4892);
#80=STYLED_ITEM('',(#8062),#88);
#81=MANIFOLD_SOLID_BREP('K\X\F6rper1',#4893);
#82=MANIFOLD_SOLID_BREP('K\X\F6rper2',#4894);
#83=MANIFOLD_SOLID_BREP('K\X\F6rper3',#4895);
#84=MANIFOLD_SOLID_BREP('K\X\F6rper4',#4896);
#85=MANIFOLD_SOLID_BREP('K\X\F6rper6',#4897);
#86=MANIFOLD_SOLID_BREP('K\X\F6rper8',#4898);
#87=MANIFOLD_SOLID_BREP('K\X\F6rper9',#4899);
#88=MANIFOLD_SOLID_BREP('K\X\F6rper1',#4900);
#89=CYLINDRICAL_SURFACE('',#4923,0.5);
#90=CYLINDRICAL_SURFACE('',#4927,1.);
#91=CYLINDRICAL_SURFACE('',#4933,0.5);
#92=CYLINDRICAL_SURFACE('',#4947,1.);
#93=CYLINDRICAL_SURFACE('',#4952,0.5);
#94=CYLINDRICAL_SURFACE('',#4964,0.5);
#95=CYLINDRICAL_SURFACE('',#4969,0.750000000000001);
#96=CYLINDRICAL_SURFACE('',#4973,0.5);
#97=CYLINDRICAL_SURFACE('',#4990,0.5);
#98=CYLINDRICAL_SURFACE('',#4992,0.750000000000001);
#99=CYLINDRICAL_SURFACE('',#4997,0.25);
#100=CYLINDRICAL_SURFACE('',#5026,0.750000000000001);
#101=CYLINDRICAL_SURFACE('',#5029,0.25);
#102=CYLINDRICAL_SURFACE('',#5031,0.25);
#103=CYLINDRICAL_SURFACE('',#5032,0.25);
#104=CYLINDRICAL_SURFACE('',#5035,0.5);
#105=CYLINDRICAL_SURFACE('',#5038,0.5);
#106=CYLINDRICAL_SURFACE('',#5041,0.500000000000002);
#107=CYLINDRICAL_SURFACE('',#5044,0.5);
#108=CYLINDRICAL_SURFACE('',#5047,0.5);
#109=CYLINDRICAL_SURFACE('',#5050,0.500000000000001);
#110=CYLINDRICAL_SURFACE('',#5054,0.25);
#111=CYLINDRICAL_SURFACE('',#5056,0.25);
#112=CYLINDRICAL_SURFACE('',#5057,0.5);
#113=CYLINDRICAL_SURFACE('',#5059,0.5);
#114=CYLINDRICAL_SURFACE('',#5060,0.5);
#115=CYLINDRICAL_SURFACE('',#5066,0.25);
#116=CYLINDRICAL_SURFACE('',#5069,0.25);
#117=CYLINDRICAL_SURFACE('',#5071,0.25);
#118=CYLINDRICAL_SURFACE('',#5072,0.25);
#119=CYLINDRICAL_SURFACE('',#5075,0.25);
#120=CYLINDRICAL_SURFACE('',#5096,0.5);
#121=CYLINDRICAL_SURFACE('',#5100,0.5);
#122=CYLINDRICAL_SURFACE('',#5102,0.5);
#123=CYLINDRICAL_SURFACE('',#5104,0.5);
#124=CYLINDRICAL_SURFACE('',#5105,0.5);
#125=CYLINDRICAL_SURFACE('',#5112,0.5);
#126=CYLINDRICAL_SURFACE('',#5123,0.5);
#127=CYLINDRICAL_SURFACE('',#5141,0.750000000000001);
#128=CYLINDRICAL_SURFACE('',#5169,0.5);
#129=CYLINDRICAL_SURFACE('',#5172,0.5);
#130=CYLINDRICAL_SURFACE('',#5175,0.5);
#131=CYLINDRICAL_SURFACE('',#5179,0.5);
#132=CYLINDRICAL_SURFACE('',#5217,0.25);
#133=CYLINDRICAL_SURFACE('',#5218,0.25);
#134=CYLINDRICAL_SURFACE('',#5219,0.25);
#135=CYLINDRICAL_SURFACE('',#5220,0.25);
#136=CYLINDRICAL_SURFACE('',#5221,0.25);
#137=CYLINDRICAL_SURFACE('',#5222,0.5);
#138=CYLINDRICAL_SURFACE('',#5226,0.5);
#139=CYLINDRICAL_SURFACE('',#5227,0.5);
#140=CYLINDRICAL_SURFACE('',#5228,0.5);
#141=CYLINDRICAL_SURFACE('',#5229,0.25);
#142=CYLINDRICAL_SURFACE('',#5230,0.25);
#143=CYLINDRICAL_SURFACE('',#5232,0.25);
#144=CYLINDRICAL_SURFACE('',#5233,0.500000000000001);
#145=CYLINDRICAL_SURFACE('',#5234,0.5);
#146=CYLINDRICAL_SURFACE('',#5235,0.5);
#147=CYLINDRICAL_SURFACE('',#5236,0.500000000000002);
#148=CYLINDRICAL_SURFACE('',#5237,0.5);
#149=CYLINDRICAL_SURFACE('',#5238,0.5);
#150=CYLINDRICAL_SURFACE('',#5239,0.25);
#151=CYLINDRICAL_SURFACE('',#5240,0.25);
#152=CYLINDRICAL_SURFACE('',#5241,0.25);
#153=CYLINDRICAL_SURFACE('',#5280,1.8675);
#154=CIRCLE('',#4917,0.5);
#155=CIRCLE('',#4921,0.5);
#156=CIRCLE('',#4928,1.);
#157=CIRCLE('',#4929,1.);
#158=CIRCLE('',#4934,0.5);
#159=CIRCLE('',#4935,0.5);
#160=CIRCLE('',#4943,1.);
#161=CIRCLE('',#4944,0.5);
#162=CIRCLE('',#4948,1.);
#163=CIRCLE('',#4953,0.5);
#164=CIRCLE('',#4963,0.5);
#165=CIRCLE('',#4965,0.5);
#166=CIRCLE('',#4971,0.750000000000001);
#167=CIRCLE('',#4974,0.5);
#168=CIRCLE('',#4975,0.5);
#169=CIRCLE('',#4985,0.750000000000001);
#170=CIRCLE('',#4987,0.5);
#171=CIRCLE('',#4989,0.5);
#172=CIRCLE('',#4998,0.25);
#173=CIRCLE('',#4999,0.25);
#174=CIRCLE('',#5005,0.5);
#175=CIRCLE('',#5006,0.5);
#176=CIRCLE('',#5007,0.25);
#177=CIRCLE('',#5008,0.25);
#178=CIRCLE('',#5009,0.25);
#179=CIRCLE('',#5012,0.25);
#180=CIRCLE('',#5013,0.25);
#181=CIRCLE('',#5014,0.25);
#182=CIRCLE('',#5015,0.5);
#183=CIRCLE('',#5016,0.5);
#184=CIRCLE('',#5019,0.5);
#185=CIRCLE('',#5020,0.5);
#186=CIRCLE('',#5021,0.25);
#187=CIRCLE('',#5022,0.25);
#188=CIRCLE('',#5023,0.25);
#189=CIRCLE('',#5027,0.750000000000001);
#190=CIRCLE('',#5030,0.25);
#191=CIRCLE('',#5033,0.25);
#192=CIRCLE('',#5034,0.25);
#193=CIRCLE('',#5036,0.5);
#194=CIRCLE('',#5037,0.5);
#195=CIRCLE('',#5039,0.5);
#196=CIRCLE('',#5040,0.5);
#197=CIRCLE('',#5042,0.500000000000002);
#198=CIRCLE('',#5043,0.500000000000002);
#199=CIRCLE('',#5045,0.5);
#200=CIRCLE('',#5046,0.5);
#201=CIRCLE('',#5048,0.5);
#202=CIRCLE('',#5049,0.5);
#203=CIRCLE('',#5051,0.500000000000001);
#204=CIRCLE('',#5052,0.500000000000001);
#205=CIRCLE('',#5055,0.25);
#206=CIRCLE('',#5058,0.5);
#207=CIRCLE('',#5061,0.5);
#208=CIRCLE('',#5062,0.5);
#209=CIRCLE('',#5067,0.25);
#210=CIRCLE('',#5068,0.25);
#211=CIRCLE('',#5070,0.25);
#212=CIRCLE('',#5073,0.25);
#213=CIRCLE('',#5074,0.25);
#214=CIRCLE('',#5076,0.25);
#215=CIRCLE('',#5077,0.25);
#216=CIRCLE('',#5079,0.5);
#217=CIRCLE('',#5081,0.5);
#218=CIRCLE('',#5083,0.5);
#219=CIRCLE('',#5085,0.5);
#220=CIRCLE('',#5097,0.5);
#221=CIRCLE('',#5098,0.5);
#222=CIRCLE('',#5106,0.5);
#223=CIRCLE('',#5111,0.5);
#224=CIRCLE('',#5113,0.5);
#225=CIRCLE('',#5124,0.5);
#226=CIRCLE('',#5125,0.5);
#227=CIRCLE('',#5127,0.5);
#228=CIRCLE('',#5128,0.5);
#229=CIRCLE('',#5129,0.25);
#230=CIRCLE('',#5130,0.25);
#231=CIRCLE('',#5131,0.25);
#232=CIRCLE('',#5137,0.500000000000001);
#233=CIRCLE('',#5138,0.5);
#234=CIRCLE('',#5139,0.5);
#235=CIRCLE('',#5140,0.500000000000002);
#236=CIRCLE('',#5142,0.750000000000001);
#237=CIRCLE('',#5145,0.5);
#238=CIRCLE('',#5146,0.5);
#239=CIRCLE('',#5147,0.25);
#240=CIRCLE('',#5148,0.25);
#241=CIRCLE('',#5149,0.25);
#242=CIRCLE('',#5152,0.5);
#243=CIRCLE('',#5153,0.5);
#244=CIRCLE('',#5154,0.25);
#245=CIRCLE('',#5155,0.25);
#246=CIRCLE('',#5156,0.25);
#247=CIRCLE('',#5158,0.25);
#248=CIRCLE('',#5159,0.25);
#249=CIRCLE('',#5160,0.25);
#250=CIRCLE('',#5161,0.5);
#251=CIRCLE('',#5162,0.5);
#252=CIRCLE('',#5164,0.500000000000002);
#253=CIRCLE('',#5165,0.5);
#254=CIRCLE('',#5166,0.5);
#255=CIRCLE('',#5167,0.500000000000001);
#256=CIRCLE('',#5170,0.5);
#257=CIRCLE('',#5173,0.5);
#258=CIRCLE('',#5176,0.5);
#259=CIRCLE('',#5177,0.5);
#260=CIRCLE('',#5194,0.5);
#261=CIRCLE('',#5195,0.5);
#262=CIRCLE('',#5196,0.25);
#263=CIRCLE('',#5198,0.5);
#264=CIRCLE('',#5199,0.25);
#265=CIRCLE('',#5201,0.5);
#266=CIRCLE('',#5202,0.25);
#267=CIRCLE('',#5204,0.25);
#268=CIRCLE('',#5205,0.25);
#269=CIRCLE('',#5206,0.25);
#270=CIRCLE('',#5207,0.5);
#271=CIRCLE('',#5209,0.25);
#272=CIRCLE('',#5210,0.25);
#273=CIRCLE('',#5211,0.25);
#274=CIRCLE('',#5212,0.5);
#275=CIRCLE('',#5214,0.5);
#276=CIRCLE('',#5215,0.5);
#277=CIRCLE('',#5216,0.25);
#278=CIRCLE('',#5262,1.8675);
#279=CIRCLE('',#5278,1.8675);
#280=FACE_OUTER_BOUND('',#528,.T.);
#281=FACE_OUTER_BOUND('',#529,.T.);
#282=FACE_OUTER_BOUND('',#530,.T.);
#283=FACE_OUTER_BOUND('',#531,.T.);
#284=FACE_OUTER_BOUND('',#532,.T.);
#285=FACE_OUTER_BOUND('',#533,.T.);
#286=FACE_OUTER_BOUND('',#534,.T.);
#287=FACE_OUTER_BOUND('',#535,.T.);
#288=FACE_OUTER_BOUND('',#536,.T.);
#289=FACE_OUTER_BOUND('',#537,.T.);
#290=FACE_OUTER_BOUND('',#538,.T.);
#291=FACE_OUTER_BOUND('',#539,.T.);
#292=FACE_OUTER_BOUND('',#540,.T.);
#293=FACE_OUTER_BOUND('',#541,.T.);
#294=FACE_OUTER_BOUND('',#542,.T.);
#295=FACE_OUTER_BOUND('',#543,.T.);
#296=FACE_OUTER_BOUND('',#544,.T.);
#297=FACE_OUTER_BOUND('',#545,.T.);
#298=FACE_OUTER_BOUND('',#546,.T.);
#299=FACE_OUTER_BOUND('',#547,.T.);
#300=FACE_OUTER_BOUND('',#548,.T.);
#301=FACE_OUTER_BOUND('',#549,.T.);
#302=FACE_OUTER_BOUND('',#550,.T.);
#303=FACE_OUTER_BOUND('',#551,.T.);
#304=FACE_OUTER_BOUND('',#552,.T.);
#305=FACE_OUTER_BOUND('',#553,.T.);
#306=FACE_OUTER_BOUND('',#554,.T.);
#307=FACE_OUTER_BOUND('',#555,.T.);
#308=FACE_OUTER_BOUND('',#556,.T.);
#309=FACE_OUTER_BOUND('',#557,.T.);
#310=FACE_OUTER_BOUND('',#558,.T.);
#311=FACE_OUTER_BOUND('',#559,.T.);
#312=FACE_OUTER_BOUND('',#560,.T.);
#313=FACE_OUTER_BOUND('',#561,.T.);
#314=FACE_OUTER_BOUND('',#562,.T.);
#315=FACE_OUTER_BOUND('',#563,.T.);
#316=FACE_OUTER_BOUND('',#564,.T.);
#317=FACE_OUTER_BOUND('',#565,.T.);
#318=FACE_OUTER_BOUND('',#566,.T.);
#319=FACE_OUTER_BOUND('',#567,.T.);
#320=FACE_OUTER_BOUND('',#568,.T.);
#321=FACE_OUTER_BOUND('',#569,.T.);
#322=FACE_OUTER_BOUND('',#570,.T.);
#323=FACE_OUTER_BOUND('',#571,.T.);
#324=FACE_OUTER_BOUND('',#572,.T.);
#325=FACE_OUTER_BOUND('',#573,.T.);
#326=FACE_OUTER_BOUND('',#574,.T.);
#327=FACE_OUTER_BOUND('',#575,.T.);
#328=FACE_OUTER_BOUND('',#576,.T.);
#329=FACE_OUTER_BOUND('',#577,.T.);
#330=FACE_OUTER_BOUND('',#578,.T.);
#331=FACE_OUTER_BOUND('',#579,.T.);
#332=FACE_OUTER_BOUND('',#580,.T.);
#333=FACE_OUTER_BOUND('',#581,.T.);
#334=FACE_OUTER_BOUND('',#582,.T.);
#335=FACE_OUTER_BOUND('',#583,.T.);
#336=FACE_OUTER_BOUND('',#584,.T.);
#337=FACE_OUTER_BOUND('',#585,.T.);
#338=FACE_OUTER_BOUND('',#586,.T.);
#339=FACE_OUTER_BOUND('',#587,.T.);
#340=FACE_OUTER_BOUND('',#588,.T.);
#341=FACE_OUTER_BOUND('',#589,.T.);
#342=FACE_OUTER_BOUND('',#590,.T.);
#343=FACE_OUTER_BOUND('',#591,.T.);
#344=FACE_OUTER_BOUND('',#592,.T.);
#345=FACE_OUTER_BOUND('',#593,.T.);
#346=FACE_OUTER_BOUND('',#594,.T.);
#347=FACE_OUTER_BOUND('',#595,.T.);
#348=FACE_OUTER_BOUND('',#596,.T.);
#349=FACE_OUTER_BOUND('',#597,.T.);
#350=FACE_OUTER_BOUND('',#598,.T.);
#351=FACE_OUTER_BOUND('',#599,.T.);
#352=FACE_OUTER_BOUND('',#600,.T.);
#353=FACE_OUTER_BOUND('',#601,.T.);
#354=FACE_OUTER_BOUND('',#602,.T.);
#355=FACE_OUTER_BOUND('',#603,.T.);
#356=FACE_OUTER_BOUND('',#604,.T.);
#357=FACE_OUTER_BOUND('',#605,.T.);
#358=FACE_OUTER_BOUND('',#606,.T.);
#359=FACE_OUTER_BOUND('',#607,.T.);
#360=FACE_OUTER_BOUND('',#608,.T.);
#361=FACE_OUTER_BOUND('',#609,.T.);
#362=FACE_OUTER_BOUND('',#610,.T.);
#363=FACE_OUTER_BOUND('',#611,.T.);
#364=FACE_OUTER_BOUND('',#612,.T.);
#365=FACE_OUTER_BOUND('',#613,.T.);
#366=FACE_OUTER_BOUND('',#614,.T.);
#367=FACE_OUTER_BOUND('',#615,.T.);
#368=FACE_OUTER_BOUND('',#616,.T.);
#369=FACE_OUTER_BOUND('',#617,.T.);
#370=FACE_OUTER_BOUND('',#618,.T.);
#371=FACE_OUTER_BOUND('',#619,.T.);
#372=FACE_OUTER_BOUND('',#620,.T.);
#373=FACE_OUTER_BOUND('',#621,.T.);
#374=FACE_OUTER_BOUND('',#622,.T.);
#375=FACE_OUTER_BOUND('',#623,.T.);
#376=FACE_OUTER_BOUND('',#624,.T.);
#377=FACE_OUTER_BOUND('',#625,.T.);
#378=FACE_OUTER_BOUND('',#626,.T.);
#379=FACE_OUTER_BOUND('',#627,.T.);
#380=FACE_OUTER_BOUND('',#628,.T.);
#381=FACE_OUTER_BOUND('',#629,.T.);
#382=FACE_OUTER_BOUND('',#630,.T.);
#383=FACE_OUTER_BOUND('',#631,.T.);
#384=FACE_OUTER_BOUND('',#632,.T.);
#385=FACE_OUTER_BOUND('',#633,.T.);
#386=FACE_OUTER_BOUND('',#634,.T.);
#387=FACE_OUTER_BOUND('',#635,.T.);
#388=FACE_OUTER_BOUND('',#636,.T.);
#389=FACE_OUTER_BOUND('',#637,.T.);
#390=FACE_OUTER_BOUND('',#638,.T.);
#391=FACE_OUTER_BOUND('',#639,.T.);
#392=FACE_OUTER_BOUND('',#640,.T.);
#393=FACE_OUTER_BOUND('',#641,.T.);
#394=FACE_OUTER_BOUND('',#642,.T.);
#395=FACE_OUTER_BOUND('',#643,.T.);
#396=FACE_OUTER_BOUND('',#644,.T.);
#397=FACE_OUTER_BOUND('',#645,.T.);
#398=FACE_OUTER_BOUND('',#646,.T.);
#399=FACE_OUTER_BOUND('',#647,.T.);
#400=FACE_OUTER_BOUND('',#648,.T.);
#401=FACE_OUTER_BOUND('',#649,.T.);
#402=FACE_OUTER_BOUND('',#650,.T.);
#403=FACE_OUTER_BOUND('',#651,.T.);
#404=FACE_OUTER_BOUND('',#652,.T.);
#405=FACE_OUTER_BOUND('',#653,.T.);
#406=FACE_OUTER_BOUND('',#654,.T.);
#407=FACE_OUTER_BOUND('',#655,.T.);
#408=FACE_OUTER_BOUND('',#656,.T.);
#409=FACE_OUTER_BOUND('',#657,.T.);
#410=FACE_OUTER_BOUND('',#658,.T.);
#411=FACE_OUTER_BOUND('',#659,.T.);
#412=FACE_OUTER_BOUND('',#660,.T.);
#413=FACE_OUTER_BOUND('',#661,.T.);
#414=FACE_OUTER_BOUND('',#662,.T.);
#415=FACE_OUTER_BOUND('',#663,.T.);
#416=FACE_OUTER_BOUND('',#664,.T.);
#417=FACE_OUTER_BOUND('',#665,.T.);
#418=FACE_OUTER_BOUND('',#666,.T.);
#419=FACE_OUTER_BOUND('',#667,.T.);
#420=FACE_OUTER_BOUND('',#668,.T.);
#421=FACE_OUTER_BOUND('',#669,.T.);
#422=FACE_OUTER_BOUND('',#670,.T.);
#423=FACE_OUTER_BOUND('',#671,.T.);
#424=FACE_OUTER_BOUND('',#672,.T.);
#425=FACE_OUTER_BOUND('',#673,.T.);
#426=FACE_OUTER_BOUND('',#674,.T.);
#427=FACE_OUTER_BOUND('',#675,.T.);
#428=FACE_OUTER_BOUND('',#676,.T.);
#429=FACE_OUTER_BOUND('',#677,.T.);
#430=FACE_OUTER_BOUND('',#678,.T.);
#431=FACE_OUTER_BOUND('',#679,.T.);
#432=FACE_OUTER_BOUND('',#680,.T.);
#433=FACE_OUTER_BOUND('',#681,.T.);
#434=FACE_OUTER_BOUND('',#682,.T.);
#435=FACE_OUTER_BOUND('',#683,.T.);
#436=FACE_OUTER_BOUND('',#684,.T.);
#437=FACE_OUTER_BOUND('',#685,.T.);
#438=FACE_OUTER_BOUND('',#686,.T.);
#439=FACE_OUTER_BOUND('',#687,.T.);
#440=FACE_OUTER_BOUND('',#688,.T.);
#441=FACE_OUTER_BOUND('',#689,.T.);
#442=FACE_OUTER_BOUND('',#690,.T.);
#443=FACE_OUTER_BOUND('',#691,.T.);
#444=FACE_OUTER_BOUND('',#692,.T.);
#445=FACE_OUTER_BOUND('',#693,.T.);
#446=FACE_OUTER_BOUND('',#694,.T.);
#447=FACE_OUTER_BOUND('',#695,.T.);
#448=FACE_OUTER_BOUND('',#696,.T.);
#449=FACE_OUTER_BOUND('',#697,.T.);
#450=FACE_OUTER_BOUND('',#698,.T.);
#451=FACE_OUTER_BOUND('',#699,.T.);
#452=FACE_OUTER_BOUND('',#700,.T.);
#453=FACE_OUTER_BOUND('',#701,.T.);
#454=FACE_OUTER_BOUND('',#702,.T.);
#455=FACE_OUTER_BOUND('',#703,.T.);
#456=FACE_OUTER_BOUND('',#704,.T.);
#457=FACE_OUTER_BOUND('',#705,.T.);
#458=FACE_OUTER_BOUND('',#706,.T.);
#459=FACE_OUTER_BOUND('',#707,.T.);
#460=FACE_OUTER_BOUND('',#708,.T.);
#461=FACE_OUTER_BOUND('',#709,.T.);
#462=FACE_OUTER_BOUND('',#710,.T.);
#463=FACE_OUTER_BOUND('',#711,.T.);
#464=FACE_OUTER_BOUND('',#712,.T.);
#465=FACE_OUTER_BOUND('',#713,.T.);
#466=FACE_OUTER_BOUND('',#714,.T.);
#467=FACE_OUTER_BOUND('',#715,.T.);
#468=FACE_OUTER_BOUND('',#716,.T.);
#469=FACE_OUTER_BOUND('',#717,.T.);
#470=FACE_OUTER_BOUND('',#718,.T.);
#471=FACE_OUTER_BOUND('',#719,.T.);
#472=FACE_OUTER_BOUND('',#720,.T.);
#473=FACE_OUTER_BOUND('',#721,.T.);
#474=FACE_OUTER_BOUND('',#722,.T.);
#475=FACE_OUTER_BOUND('',#723,.T.);
#476=FACE_OUTER_BOUND('',#724,.T.);
#477=FACE_OUTER_BOUND('',#725,.T.);
#478=FACE_OUTER_BOUND('',#726,.T.);
#479=FACE_OUTER_BOUND('',#727,.T.);
#480=FACE_OUTER_BOUND('',#728,.T.);
#481=FACE_OUTER_BOUND('',#729,.T.);
#482=FACE_OUTER_BOUND('',#730,.T.);
#483=FACE_OUTER_BOUND('',#731,.T.);
#484=FACE_OUTER_BOUND('',#732,.T.);
#485=FACE_OUTER_BOUND('',#733,.T.);
#486=FACE_OUTER_BOUND('',#734,.T.);
#487=FACE_OUTER_BOUND('',#735,.T.);
#488=FACE_OUTER_BOUND('',#736,.T.);
#489=FACE_OUTER_BOUND('',#737,.T.);
#490=FACE_OUTER_BOUND('',#738,.T.);
#491=FACE_OUTER_BOUND('',#739,.T.);
#492=FACE_OUTER_BOUND('',#740,.T.);
#493=FACE_OUTER_BOUND('',#741,.T.);
#494=FACE_OUTER_BOUND('',#742,.T.);
#495=FACE_OUTER_BOUND('',#743,.T.);
#496=FACE_OUTER_BOUND('',#744,.T.);
#497=FACE_OUTER_BOUND('',#745,.T.);
#498=FACE_OUTER_BOUND('',#746,.T.);
#499=FACE_OUTER_BOUND('',#748,.T.);
#500=FACE_OUTER_BOUND('',#749,.T.);
#501=FACE_OUTER_BOUND('',#750,.T.);
#502=FACE_OUTER_BOUND('',#751,.T.);
#503=FACE_OUTER_BOUND('',#752,.T.);
#504=FACE_OUTER_BOUND('',#753,.T.);
#505=FACE_OUTER_BOUND('',#754,.T.);
#506=FACE_OUTER_BOUND('',#755,.T.);
#507=FACE_OUTER_BOUND('',#756,.T.);
#508=FACE_OUTER_BOUND('',#757,.T.);
#509=FACE_OUTER_BOUND('',#758,.T.);
#510=FACE_OUTER_BOUND('',#759,.T.);
#511=FACE_OUTER_BOUND('',#760,.T.);
#512=FACE_OUTER_BOUND('',#761,.T.);
#513=FACE_OUTER_BOUND('',#762,.T.);
#514=FACE_OUTER_BOUND('',#764,.T.);
#515=FACE_OUTER_BOUND('',#765,.T.);
#516=FACE_OUTER_BOUND('',#766,.T.);
#517=FACE_OUTER_BOUND('',#767,.T.);
#518=FACE_OUTER_BOUND('',#768,.T.);
#519=FACE_OUTER_BOUND('',#769,.T.);
#520=FACE_OUTER_BOUND('',#770,.T.);
#521=FACE_OUTER_BOUND('',#771,.T.);
#522=FACE_OUTER_BOUND('',#772,.T.);
#523=FACE_OUTER_BOUND('',#773,.T.);
#524=FACE_OUTER_BOUND('',#774,.T.);
#525=FACE_OUTER_BOUND('',#775,.T.);
#526=FACE_OUTER_BOUND('',#776,.T.);
#527=FACE_OUTER_BOUND('',#777,.T.);
#528=EDGE_LOOP('',(#3070,#3071,#3072,#3073));
#529=EDGE_LOOP('',(#3074,#3075,#3076,#3077,#3078));
#530=EDGE_LOOP('',(#3079,#3080,#3081,#3082));
#531=EDGE_LOOP('',(#3083,#3084,#3085,#3086));
#532=EDGE_LOOP('',(#3087,#3088,#3089,#3090,#3091));
#533=EDGE_LOOP('',(#3092,#3093,#3094,#3095));
#534=EDGE_LOOP('',(#3096,#3097,#3098,#3099));
#535=EDGE_LOOP('',(#3100,#3101,#3102,#3103));
#536=EDGE_LOOP('',(#3104,#3105,#3106,#3107));
#537=EDGE_LOOP('',(#3108,#3109,#3110,#3111,#3112,#3113,#3114,#3115));
#538=EDGE_LOOP('',(#3116,#3117,#3118,#3119));
#539=EDGE_LOOP('',(#3120,#3121,#3122,#3123));
#540=EDGE_LOOP('',(#3124,#3125,#3126,#3127));
#541=EDGE_LOOP('',(#3128,#3129,#3130,#3131));
#542=EDGE_LOOP('',(#3132,#3133,#3134,#3135));
#543=EDGE_LOOP('',(#3136,#3137,#3138,#3139,#3140,#3141,#3142,#3143));
#544=EDGE_LOOP('',(#3144,#3145,#3146,#3147,#3148,#3149,#3150,#3151));
#545=EDGE_LOOP('',(#3152,#3153,#3154,#3155,#3156,#3157,#3158,#3159));
#546=EDGE_LOOP('',(#3160,#3161,#3162,#3163));
#547=EDGE_LOOP('',(#3164,#3165,#3166,#3167));
#548=EDGE_LOOP('',(#3168,#3169,#3170,#3171));
#549=EDGE_LOOP('',(#3172,#3173,#3174,#3175,#3176,#3177,#3178,#3179));
#550=EDGE_LOOP('',(#3180,#3181,#3182,#3183));
#551=EDGE_LOOP('',(#3184,#3185,#3186,#3187,#3188,#3189,#3190,#3191));
#552=EDGE_LOOP('',(#3192,#3193,#3194,#3195));
#553=EDGE_LOOP('',(#3196,#3197,#3198,#3199));
#554=EDGE_LOOP('',(#3200,#3201,#3202,#3203));
#555=EDGE_LOOP('',(#3204,#3205,#3206,#3207));
#556=EDGE_LOOP('',(#3208,#3209,#3210,#3211));
#557=EDGE_LOOP('',(#3212,#3213,#3214,#3215,#3216,#3217,#3218,#3219));
#558=EDGE_LOOP('',(#3220,#3221,#3222,#3223,#3224,#3225,#3226,#3227));
#559=EDGE_LOOP('',(#3228,#3229,#3230,#3231));
#560=EDGE_LOOP('',(#3232,#3233,#3234,#3235));
#561=EDGE_LOOP('',(#3236,#3237,#3238,#3239));
#562=EDGE_LOOP('',(#3240,#3241,#3242,#3243));
#563=EDGE_LOOP('',(#3244,#3245,#3246,#3247));
#564=EDGE_LOOP('',(#3248,#3249,#3250,#3251));
#565=EDGE_LOOP('',(#3252,#3253,#3254,#3255,#3256));
#566=EDGE_LOOP('',(#3257,#3258,#3259,#3260));
#567=EDGE_LOOP('',(#3261,#3262,#3263,#3264));
#568=EDGE_LOOP('',(#3265,#3266,#3267,#3268,#3269));
#569=EDGE_LOOP('',(#3270,#3271,#3272,#3273));
#570=EDGE_LOOP('',(#3274,#3275,#3276,#3277));
#571=EDGE_LOOP('',(#3278,#3279,#3280,#3281));
#572=EDGE_LOOP('',(#3282,#3283,#3284,#3285));
#573=EDGE_LOOP('',(#3286,#3287,#3288,#3289,#3290));
#574=EDGE_LOOP('',(#3291,#3292,#3293,#3294,#3295,#3296,#3297));
#575=EDGE_LOOP('',(#3298,#3299,#3300,#3301));
#576=EDGE_LOOP('',(#3302,#3303,#3304,#3305,#3306));
#577=EDGE_LOOP('',(#3307,#3308,#3309,#3310));
#578=EDGE_LOOP('',(#3311,#3312,#3313,#3314));
#579=EDGE_LOOP('',(#3315,#3316,#3317,#3318,#3319,#3320,#3321));
#580=EDGE_LOOP('',(#3322,#3323,#3324,#3325));
#581=EDGE_LOOP('',(#3326,#3327,#3328,#3329,#3330,#3331,#3332));
#582=EDGE_LOOP('',(#3333,#3334,#3335,#3336,#3337));
#583=EDGE_LOOP('',(#3338,#3339,#3340,#3341,#3342));
#584=EDGE_LOOP('',(#3343,#3344,#3345,#3346));
#585=EDGE_LOOP('',(#3347,#3348,#3349,#3350));
#586=EDGE_LOOP('',(#3351,#3352,#3353,#3354));
#587=EDGE_LOOP('',(#3355,#3356,#3357,#3358));
#588=EDGE_LOOP('',(#3359,#3360,#3361,#3362));
#589=EDGE_LOOP('',(#3363,#3364,#3365,#3366,#3367,#3368,#3369));
#590=EDGE_LOOP('',(#3370,#3371,#3372,#3373));
#591=EDGE_LOOP('',(#3374,#3375,#3376,#3377,#3378,#3379,#3380));
#592=EDGE_LOOP('',(#3381,#3382,#3383,#3384));
#593=EDGE_LOOP('',(#3385,#3386,#3387,#3388));
#594=EDGE_LOOP('',(#3389,#3390,#3391,#3392,#3393,#3394,#3395,#3396,#3397,
#3398,#3399,#3400,#3401,#3402,#3403));
#595=EDGE_LOOP('',(#3404,#3405,#3406,#3407));
#596=EDGE_LOOP('',(#3408,#3409,#3410,#3411,#3412,#3413,#3414,#3415,#3416,
#3417,#3418,#3419,#3420,#3421,#3422));
#597=EDGE_LOOP('',(#3423,#3424,#3425,#3426));
#598=EDGE_LOOP('',(#3427,#3428,#3429,#3430,#3431,#3432,#3433,#3434,#3435,
#3436,#3437,#3438,#3439,#3440,#3441));
#599=EDGE_LOOP('',(#3442,#3443,#3444,#3445));
#600=EDGE_LOOP('',(#3446,#3447,#3448,#3449));
#601=EDGE_LOOP('',(#3450,#3451,#3452,#3453));
#602=EDGE_LOOP('',(#3454,#3455,#3456,#3457));
#603=EDGE_LOOP('',(#3458,#3459,#3460,#3461));
#604=EDGE_LOOP('',(#3462,#3463,#3464,#3465));
#605=EDGE_LOOP('',(#3466,#3467,#3468,#3469));
#606=EDGE_LOOP('',(#3470,#3471,#3472,#3473));
#607=EDGE_LOOP('',(#3474,#3475,#3476,#3477));
#608=EDGE_LOOP('',(#3478,#3479,#3480,#3481));
#609=EDGE_LOOP('',(#3482,#3483,#3484,#3485));
#610=EDGE_LOOP('',(#3486,#3487,#3488,#3489));
#611=EDGE_LOOP('',(#3490,#3491,#3492,#3493));
#612=EDGE_LOOP('',(#3494,#3495,#3496,#3497));
#613=EDGE_LOOP('',(#3498,#3499,#3500,#3501));
#614=EDGE_LOOP('',(#3502,#3503,#3504,#3505));
#615=EDGE_LOOP('',(#3506,#3507,#3508,#3509));
#616=EDGE_LOOP('',(#3510,#3511,#3512,#3513));
#617=EDGE_LOOP('',(#3514,#3515,#3516,#3517));
#618=EDGE_LOOP('',(#3518,#3519,#3520,#3521,#3522,#3523,#3524));
#619=EDGE_LOOP('',(#3525,#3526,#3527,#3528));
#620=EDGE_LOOP('',(#3529,#3530,#3531,#3532));
#621=EDGE_LOOP('',(#3533,#3534,#3535,#3536));
#622=EDGE_LOOP('',(#3537,#3538,#3539,#3540));
#623=EDGE_LOOP('',(#3541,#3542,#3543,#3544));
#624=EDGE_LOOP('',(#3545,#3546,#3547,#3548));
#625=EDGE_LOOP('',(#3549,#3550,#3551,#3552));
#626=EDGE_LOOP('',(#3553,#3554,#3555,#3556,#3557,#3558,#3559,#3560,#3561));
#627=EDGE_LOOP('',(#3562,#3563,#3564,#3565,#3566,#3567,#3568,#3569,#3570,
#3571,#3572,#3573,#3574,#3575,#3576));
#628=EDGE_LOOP('',(#3577,#3578,#3579,#3580,#3581,#3582,#3583,#3584,#3585));
#629=EDGE_LOOP('',(#3586,#3587,#3588,#3589,#3590,#3591,#3592,#3593,#3594));
#630=EDGE_LOOP('',(#3595,#3596,#3597,#3598));
#631=EDGE_LOOP('',(#3599,#3600,#3601,#3602));
#632=EDGE_LOOP('',(#3603,#3604,#3605,#3606));
#633=EDGE_LOOP('',(#3607,#3608,#3609,#3610));
#634=EDGE_LOOP('',(#3611,#3612,#3613,#3614));
#635=EDGE_LOOP('',(#3615,#3616,#3617,#3618));
#636=EDGE_LOOP('',(#3619,#3620,#3621,#3622));
#637=EDGE_LOOP('',(#3623,#3624,#3625,#3626));
#638=EDGE_LOOP('',(#3627,#3628,#3629,#3630));
#639=EDGE_LOOP('',(#3631,#3632,#3633,#3634));
#640=EDGE_LOOP('',(#3635,#3636,#3637,#3638));
#641=EDGE_LOOP('',(#3639,#3640,#3641,#3642));
#642=EDGE_LOOP('',(#3643,#3644,#3645,#3646));
#643=EDGE_LOOP('',(#3647,#3648,#3649,#3650));
#644=EDGE_LOOP('',(#3651,#3652,#3653,#3654));
#645=EDGE_LOOP('',(#3655,#3656,#3657,#3658));
#646=EDGE_LOOP('',(#3659,#3660,#3661,#3662));
#647=EDGE_LOOP('',(#3663,#3664,#3665,#3666));
#648=EDGE_LOOP('',(#3667,#3668,#3669,#3670));
#649=EDGE_LOOP('',(#3671,#3672,#3673,#3674));
#650=EDGE_LOOP('',(#3675,#3676,#3677,#3678));
#651=EDGE_LOOP('',(#3679,#3680,#3681,#3682,#3683,#3684,#3685,#3686,#3687,
#3688,#3689,#3690,#3691,#3692,#3693,#3694,#3695,#3696,#3697));
#652=EDGE_LOOP('',(#3698,#3699,#3700,#3701));
#653=EDGE_LOOP('',(#3702,#3703,#3704,#3705));
#654=EDGE_LOOP('',(#3706,#3707,#3708,#3709));
#655=EDGE_LOOP('',(#3710,#3711,#3712,#3713));
#656=EDGE_LOOP('',(#3714,#3715,#3716,#3717));
#657=EDGE_LOOP('',(#3718,#3719,#3720,#3721));
#658=EDGE_LOOP('',(#3722,#3723,#3724,#3725));
#659=EDGE_LOOP('',(#3726,#3727,#3728,#3729));
#660=EDGE_LOOP('',(#3730,#3731,#3732,#3733));
#661=EDGE_LOOP('',(#3734,#3735,#3736,#3737));
#662=EDGE_LOOP('',(#3738,#3739,#3740,#3741));
#663=EDGE_LOOP('',(#3742,#3743,#3744,#3745,#3746,#3747,#3748,#3749,#3750,
#3751,#3752,#3753,#3754,#3755,#3756,#3757,#3758,#3759,#3760,#3761,#3762,
#3763,#3764,#3765,#3766,#3767,#3768,#3769,#3770,#3771,#3772,#3773,#3774,
#3775));
#664=EDGE_LOOP('',(#3776,#3777,#3778,#3779));
#665=EDGE_LOOP('',(#3780,#3781,#3782,#3783,#3784,#3785,#3786));
#666=EDGE_LOOP('',(#3787,#3788,#3789,#3790));
#667=EDGE_LOOP('',(#3791,#3792,#3793,#3794,#3795,#3796,#3797,#3798,#3799,
#3800,#3801,#3802,#3803,#3804,#3805,#3806,#3807,#3808,#3809,#3810,#3811,
#3812,#3813,#3814,#3815,#3816,#3817,#3818,#3819,#3820,#3821,#3822,#3823,
#3824,#3825,#3826));
#668=EDGE_LOOP('',(#3827,#3828,#3829,#3830));
#669=EDGE_LOOP('',(#3831,#3832,#3833,#3834));
#670=EDGE_LOOP('',(#3835,#3836,#3837,#3838,#3839,#3840,#3841,#3842,#3843,
#3844,#3845,#3846,#3847,#3848,#3849));
#671=EDGE_LOOP('',(#3850,#3851,#3852,#3853));
#672=EDGE_LOOP('',(#3854,#3855,#3856,#3857,#3858,#3859,#3860,#3861,#3862,
#3863,#3864,#3865,#3866,#3867,#3868));
#673=EDGE_LOOP('',(#3869,#3870,#3871,#3872,#3873,#3874,#3875,#3876,#3877,
#3878,#3879,#3880,#3881,#3882,#3883,#3884,#3885,#3886,#3887));
#674=EDGE_LOOP('',(#3888,#3889,#3890,#3891,#3892,#3893,#3894,#3895,#3896,
#3897,#3898,#3899,#3900,#3901,#3902,#3903,#3904,#3905,#3906,#3907,#3908,
#3909,#3910,#3911,#3912,#3913,#3914,#3915,#3916,#3917,#3918,#3919,#3920,
#3921,#3922,#3923));
#675=EDGE_LOOP('',(#3924,#3925,#3926,#3927));
#676=EDGE_LOOP('',(#3928,#3929,#3930,#3931));
#677=EDGE_LOOP('',(#3932,#3933,#3934,#3935));
#678=EDGE_LOOP('',(#3936,#3937,#3938,#3939));
#679=EDGE_LOOP('',(#3940,#3941,#3942,#3943));
#680=EDGE_LOOP('',(#3944,#3945,#3946,#3947));
#681=EDGE_LOOP('',(#3948,#3949,#3950,#3951));
#682=EDGE_LOOP('',(#3952,#3953,#3954,#3955));
#683=EDGE_LOOP('',(#3956,#3957,#3958,#3959));
#684=EDGE_LOOP('',(#3960,#3961,#3962,#3963));
#685=EDGE_LOOP('',(#3964,#3965,#3966,#3967));
#686=EDGE_LOOP('',(#3968,#3969,#3970,#3971));
#687=EDGE_LOOP('',(#3972,#3973,#3974,#3975));
#688=EDGE_LOOP('',(#3976,#3977,#3978,#3979));
#689=EDGE_LOOP('',(#3980,#3981,#3982,#3983));
#690=EDGE_LOOP('',(#3984,#3985,#3986,#3987));
#691=EDGE_LOOP('',(#3988,#3989,#3990,#3991));
#692=EDGE_LOOP('',(#3992,#3993,#3994,#3995));
#693=EDGE_LOOP('',(#3996,#3997,#3998,#3999));
#694=EDGE_LOOP('',(#4000,#4001,#4002,#4003));
#695=EDGE_LOOP('',(#4004,#4005,#4006,#4007));
#696=EDGE_LOOP('',(#4008,#4009,#4010,#4011,#4012,#4013,#4014,#4015,#4016,
#4017,#4018,#4019,#4020,#4021));
#697=EDGE_LOOP('',(#4022,#4023,#4024,#4025,#4026,#4027,#4028,#4029,#4030));
#698=EDGE_LOOP('',(#4031,#4032,#4033,#4034,#4035,#4036,#4037,#4038,#4039));
#699=EDGE_LOOP('',(#4040,#4041,#4042,#4043,#4044,#4045,#4046,#4047,#4048,
#4049,#4050,#4051,#4052,#4053,#4054));
#700=EDGE_LOOP('',(#4055,#4056,#4057,#4058,#4059,#4060,#4061,#4062,#4063,
#4064,#4065,#4066,#4067,#4068,#4069));
#701=EDGE_LOOP('',(#4070,#4071,#4072,#4073,#4074,#4075,#4076,#4077,#4078));
#702=EDGE_LOOP('',(#4079,#4080,#4081,#4082));
#703=EDGE_LOOP('',(#4083,#4084,#4085,#4086));
#704=EDGE_LOOP('',(#4087,#4088,#4089,#4090));
#705=EDGE_LOOP('',(#4091,#4092,#4093,#4094));
#706=EDGE_LOOP('',(#4095,#4096,#4097,#4098));
#707=EDGE_LOOP('',(#4099,#4100,#4101,#4102));
#708=EDGE_LOOP('',(#4103,#4104,#4105,#4106));
#709=EDGE_LOOP('',(#4107,#4108,#4109,#4110));
#710=EDGE_LOOP('',(#4111,#4112,#4113,#4114,#4115,#4116,#4117));
#711=EDGE_LOOP('',(#4118,#4119,#4120,#4121));
#712=EDGE_LOOP('',(#4122,#4123,#4124,#4125));
#713=EDGE_LOOP('',(#4126,#4127,#4128,#4129));
#714=EDGE_LOOP('',(#4130,#4131,#4132,#4133));
#715=EDGE_LOOP('',(#4134,#4135,#4136,#4137));
#716=EDGE_LOOP('',(#4138,#4139,#4140,#4141));
#717=EDGE_LOOP('',(#4142,#4143,#4144,#4145));
#718=EDGE_LOOP('',(#4146,#4147,#4148,#4149));
#719=EDGE_LOOP('',(#4150,#4151,#4152,#4153));
#720=EDGE_LOOP('',(#4154,#4155,#4156,#4157));
#721=EDGE_LOOP('',(#4158,#4159,#4160,#4161));
#722=EDGE_LOOP('',(#4162,#4163,#4164,#4165));
#723=EDGE_LOOP('',(#4166,#4167,#4168,#4169));
#724=EDGE_LOOP('',(#4170,#4171,#4172,#4173));
#725=EDGE_LOOP('',(#4174,#4175,#4176,#4177));
#726=EDGE_LOOP('',(#4178,#4179,#4180,#4181));
#727=EDGE_LOOP('',(#4182,#4183,#4184,#4185));
#728=EDGE_LOOP('',(#4186,#4187,#4188,#4189,#4190,#4191));
#729=EDGE_LOOP('',(#4192,#4193,#4194,#4195,#4196,#4197,#4198,#4199,#4200,
#4201,#4202,#4203,#4204,#4205,#4206,#4207));
#730=EDGE_LOOP('',(#4208,#4209,#4210,#4211));
#731=EDGE_LOOP('',(#4212,#4213,#4214,#4215));
#732=EDGE_LOOP('',(#4216,#4217,#4218,#4219,#4220,#4221,#4222,#4223));
#733=EDGE_LOOP('',(#4224,#4225,#4226,#4227,#4228,#4229,#4230,#4231));
#734=EDGE_LOOP('',(#4232,#4233,#4234,#4235,#4236,#4237,#4238,#4239,#4240,
#4241,#4242,#4243,#4244,#4245,#4246,#4247));
#735=EDGE_LOOP('',(#4248,#4249,#4250,#4251,#4252,#4253));
#736=EDGE_LOOP('',(#4254,#4255,#4256,#4257,#4258,#4259));
#737=EDGE_LOOP('',(#4260,#4261,#4262,#4263));
#738=EDGE_LOOP('',(#4264,#4265,#4266,#4267,#4268,#4269));
#739=EDGE_LOOP('',(#4270,#4271,#4272,#4273,#4274,#4275));
#740=EDGE_LOOP('',(#4276,#4277,#4278,#4279));
#741=EDGE_LOOP('',(#4280,#4281,#4282,#4283,#4284,#4285));
#742=EDGE_LOOP('',(#4286,#4287,#4288,#4289,#4290,#4291));
#743=EDGE_LOOP('',(#4292,#4293,#4294,#4295));
#744=EDGE_LOOP('',(#4296,#4297,#4298,#4299,#4300,#4301));
#745=EDGE_LOOP('',(#4302,#4303,#4304,#4305,#4306,#4307));
#746=EDGE_LOOP('',(#4308,#4309,#4310,#4311));
#747=EDGE_LOOP('',(#4312));
#748=EDGE_LOOP('',(#4313,#4314,#4315,#4316,#4317,#4318));
#749=EDGE_LOOP('',(#4319,#4320,#4321,#4322));
#750=EDGE_LOOP('',(#4323,#4324,#4325,#4326,#4327,#4328,#4329,#4330,#4331));
#751=EDGE_LOOP('',(#4332,#4333,#4334,#4335,#4336,#4337,#4338,#4339,#4340));
#752=EDGE_LOOP('',(#4341,#4342,#4343,#4344,#4345,#4346,#4347,#4348,#4349));
#753=EDGE_LOOP('',(#4350,#4351,#4352,#4353,#4354,#4355,#4356,#4357,#4358));
#754=EDGE_LOOP('',(#4359,#4360,#4361,#4362));
#755=EDGE_LOOP('',(#4363,#4364,#4365,#4366));
#756=EDGE_LOOP('',(#4367,#4368,#4369,#4370,#4371,#4372,#4373,#4374,#4375));
#757=EDGE_LOOP('',(#4376,#4377,#4378,#4379));
#758=EDGE_LOOP('',(#4380,#4381,#4382,#4383));
#759=EDGE_LOOP('',(#4384,#4385,#4386,#4387,#4388,#4389,#4390,#4391,#4392));
#760=EDGE_LOOP('',(#4393,#4394,#4395,#4396));
#761=EDGE_LOOP('',(#4397,#4398,#4399,#4400));
#762=EDGE_LOOP('',(#4401,#4402,#4403,#4404));
#763=EDGE_LOOP('',(#4405));
#764=EDGE_LOOP('',(#4406,#4407,#4408,#4409));
#765=EDGE_LOOP('',(#4410,#4411,#4412,#4413));
#766=EDGE_LOOP('',(#4414,#4415,#4416,#4417));
#767=EDGE_LOOP('',(#4418,#4419,#4420,#4421));
#768=EDGE_LOOP('',(#4422,#4423,#4424,#4425));
#769=EDGE_LOOP('',(#4426,#4427,#4428,#4429));
#770=EDGE_LOOP('',(#4430,#4431,#4432,#4433));
#771=EDGE_LOOP('',(#4434,#4435,#4436,#4437));
#772=EDGE_LOOP('',(#4438,#4439,#4440,#4441));
#773=EDGE_LOOP('',(#4442,#4443,#4444,#4445));
#774=EDGE_LOOP('',(#4446,#4447,#4448,#4449));
#775=EDGE_LOOP('',(#4450,#4451,#4452,#4453));
#776=EDGE_LOOP('',(#4454,#4455,#4456,#4457));
#777=EDGE_LOOP('',(#4458,#4459,#4460,#4461));
#778=LINE('',#6627,#1344);
#779=LINE('',#6629,#1345);
#780=LINE('',#6631,#1346);
#781=LINE('',#6632,#1347);
#782=LINE('',#6635,#1348);
#783=LINE('',#6639,#1349);
#784=LINE('',#6640,#1350);
#785=LINE('',#6643,#1351);
#786=LINE('',#6644,#1352);
#787=LINE('',#6647,#1353);
#788=LINE('',#6648,#1354);
#789=LINE('',#6651,#1355);
#790=LINE('',#6654,#1356);
#791=LINE('',#6659,#1357);
#792=LINE('',#6661,#1358);
#793=LINE('',#6663,#1359);
#794=LINE('',#6664,#1360);
#795=LINE('',#6667,#1361);
#796=LINE('',#6669,#1362);
#797=LINE('',#6670,#1363);
#798=LINE('',#6673,#1364);
#799=LINE('',#6675,#1365);
#800=LINE('',#6677,#1366);
#801=LINE('',#6679,#1367);
#802=LINE('',#6681,#1368);
#803=LINE('',#6682,#1369);
#804=LINE('',#6687,#1370);
#805=LINE('',#6691,#1371);
#806=LINE('',#6693,#1372);
#807=LINE('',#6694,#1373);
#808=LINE('',#6697,#1374);
#809=LINE('',#6699,#1375);
#810=LINE('',#6700,#1376);
#811=LINE('',#6703,#1377);
#812=LINE('',#6705,#1378);
#813=LINE('',#6706,#1379);
#814=LINE('',#6711,#1380);
#815=LINE('',#6716,#1381);
#816=LINE('',#6717,#1382);
#817=LINE('',#6718,#1383);
#818=LINE('',#6720,#1384);
#819=LINE('',#6721,#1385);
#820=LINE('',#6724,#1386);
#821=LINE('',#6726,#1387);
#822=LINE('',#6728,#1388);
#823=LINE('',#6733,#1389);
#824=LINE('',#6735,#1390);
#825=LINE('',#6737,#1391);
#826=LINE('',#6741,#1392);
#827=LINE('',#6743,#1393);
#828=LINE('',#6745,#1394);
#829=LINE('',#6750,#1395);
#830=LINE('',#6752,#1396);
#831=LINE('',#6754,#1397);
#832=LINE('',#6755,#1398);
#833=LINE('',#6758,#1399);
#834=LINE('',#6760,#1400);
#835=LINE('',#6762,#1401);
#836=LINE('',#6763,#1402);
#837=LINE('',#6765,#1403);
#838=LINE('',#6766,#1404);
#839=LINE('',#6770,#1405);
#840=LINE('',#6773,#1406);
#841=LINE('',#6774,#1407);
#842=LINE('',#6777,#1408);
#843=LINE('',#6778,#1409);
#844=LINE('',#6781,#1410);
#845=LINE('',#6782,#1411);
#846=LINE('',#6786,#1412);
#847=LINE('',#6790,#1413);
#848=LINE('',#6791,#1414);
#849=LINE('',#6792,#1415);
#850=LINE('',#6794,#1416);
#851=LINE('',#6795,#1417);
#852=LINE('',#6798,#1418);
#853=LINE('',#6800,#1419);
#854=LINE('',#6802,#1420);
#855=LINE('',#6807,#1421);
#856=LINE('',#6809,#1422);
#857=LINE('',#6811,#1423);
#858=LINE('',#6812,#1424);
#859=LINE('',#6815,#1425);
#860=LINE('',#6817,#1426);
#861=LINE('',#6818,#1427);
#862=LINE('',#6821,#1428);
#863=LINE('',#6824,#1429);
#864=LINE('',#6829,#1430);
#865=LINE('',#6830,#1431);
#866=LINE('',#6832,#1432);
#867=LINE('',#6834,#1433);
#868=LINE('',#6841,#1434);
#869=LINE('',#6844,#1435);
#870=LINE('',#6847,#1436);
#871=LINE('',#6849,#1437);
#872=LINE('',#6850,#1438);
#873=LINE('',#6856,#1439);
#874=LINE('',#6859,#1440);
#875=LINE('',#6862,#1441);
#876=LINE('',#6863,#1442);
#877=LINE('',#6864,#1443);
#878=LINE('',#6867,#1444);
#879=LINE('',#6869,#1445);
#880=LINE('',#6870,#1446);
#881=LINE('',#6873,#1447);
#882=LINE('',#6874,#1448);
#883=LINE('',#6877,#1449);
#884=LINE('',#6878,#1450);
#885=LINE('',#6881,#1451);
#886=LINE('',#6882,#1452);
#887=LINE('',#6884,#1453);
#888=LINE('',#6889,#1454);
#889=LINE('',#6891,#1455);
#890=LINE('',#6893,#1456);
#891=LINE('',#6894,#1457);
#892=LINE('',#6898,#1458);
#893=LINE('',#6902,#1459);
#894=LINE('',#6904,#1460);
#895=LINE('',#6906,#1461);
#896=LINE('',#6908,#1462);
#897=LINE('',#6909,#1463);
#898=LINE('',#6912,#1464);
#899=LINE('',#6914,#1465);
#900=LINE('',#6917,#1466);
#901=LINE('',#6918,#1467);
#902=LINE('',#6923,#1468);
#903=LINE('',#6924,#1469);
#904=LINE('',#6928,#1470);
#905=LINE('',#6931,#1471);
#906=LINE('',#6932,#1472);
#907=LINE('',#6934,#1473);
#908=LINE('',#6939,#1474);
#909=LINE('',#6943,#1475);
#910=LINE('',#6948,#1476);
#911=LINE('',#6950,#1477);
#912=LINE('',#6952,#1478);
#913=LINE('',#6954,#1479);
#914=LINE('',#6956,#1480);
#915=LINE('',#6958,#1481);
#916=LINE('',#6963,#1482);
#917=LINE('',#6965,#1483);
#918=LINE('',#6967,#1484);
#919=LINE('',#6968,#1485);
#920=LINE('',#6972,#1486);
#921=LINE('',#6974,#1487);
#922=LINE('',#6976,#1488);
#923=LINE('',#6977,#1489);
#924=LINE('',#6980,#1490);
#925=LINE('',#6984,#1491);
#926=LINE('',#6988,#1492);
#927=LINE('',#6990,#1493);
#928=LINE('',#6992,#1494);
#929=LINE('',#6996,#1495);
#930=LINE('',#7000,#1496);
#931=LINE('',#7004,#1497);
#932=LINE('',#7005,#1498);
#933=LINE('',#7008,#1499);
#934=LINE('',#7009,#1500);
#935=LINE('',#7012,#1501);
#936=LINE('',#7014,#1502);
#937=LINE('',#7018,#1503);
#938=LINE('',#7022,#1504);
#939=LINE('',#7026,#1505);
#940=LINE('',#7028,#1506);
#941=LINE('',#7030,#1507);
#942=LINE('',#7034,#1508);
#943=LINE('',#7038,#1509);
#944=LINE('',#7040,#1510);
#945=LINE('',#7041,#1511);
#946=LINE('',#7044,#1512);
#947=LINE('',#7048,#1513);
#948=LINE('',#7052,#1514);
#949=LINE('',#7054,#1515);
#950=LINE('',#7056,#1516);
#951=LINE('',#7060,#1517);
#952=LINE('',#7064,#1518);
#953=LINE('',#7068,#1519);
#954=LINE('',#7069,#1520);
#955=LINE('',#7072,#1521);
#956=LINE('',#7073,#1522);
#957=LINE('',#7076,#1523);
#958=LINE('',#7077,#1524);
#959=LINE('',#7080,#1525);
#960=LINE('',#7084,#1526);
#961=LINE('',#7085,#1527);
#962=LINE('',#7088,#1528);
#963=LINE('',#7091,#1529);
#964=LINE('',#7093,#1530);
#965=LINE('',#7094,#1531);
#966=LINE('',#7100,#1532);
#967=LINE('',#7103,#1533);
#968=LINE('',#7109,#1534);
#969=LINE('',#7112,#1535);
#970=LINE('',#7118,#1536);
#971=LINE('',#7121,#1537);
#972=LINE('',#7127,#1538);
#973=LINE('',#7133,#1539);
#974=LINE('',#7138,#1540);
#975=LINE('',#7145,#1541);
#976=LINE('',#7148,#1542);
#977=LINE('',#7150,#1543);
#978=LINE('',#7151,#1544);
#979=LINE('',#7154,#1545);
#980=LINE('',#7157,#1546);
#981=LINE('',#7159,#1547);
#982=LINE('',#7160,#1548);
#983=LINE('',#7164,#1549);
#984=LINE('',#7166,#1550);
#985=LINE('',#7172,#1551);
#986=LINE('',#7174,#1552);
#987=LINE('',#7177,#1553);
#988=LINE('',#7183,#1554);
#989=LINE('',#7186,#1555);
#990=LINE('',#7189,#1556);
#991=LINE('',#7192,#1557);
#992=LINE('',#7194,#1558);
#993=LINE('',#7195,#1559);
#994=LINE('',#7201,#1560);
#995=LINE('',#7204,#1561);
#996=LINE('',#7210,#1562);
#997=LINE('',#7213,#1563);
#998=LINE('',#7216,#1564);
#999=LINE('',#7218,#1565);
#1000=LINE('',#7219,#1566);
#1001=LINE('',#7220,#1567);
#1002=LINE('',#7222,#1568);
#1003=LINE('',#7226,#1569);
#1004=LINE('',#7227,#1570);
#1005=LINE('',#7228,#1571);
#1006=LINE('',#7229,#1572);
#1007=LINE('',#7231,#1573);
#1008=LINE('',#7234,#1574);
#1009=LINE('',#7237,#1575);
#1010=LINE('',#7239,#1576);
#1011=LINE('',#7242,#1577);
#1012=LINE('',#7243,#1578);
#1013=LINE('',#7244,#1579);
#1014=LINE('',#7247,#1580);
#1015=LINE('',#7249,#1581);
#1016=LINE('',#7250,#1582);
#1017=LINE('',#7251,#1583);
#1018=LINE('',#7253,#1584);
#1019=LINE('',#7257,#1585);
#1020=LINE('',#7258,#1586);
#1021=LINE('',#7260,#1587);
#1022=LINE('',#7262,#1588);
#1023=LINE('',#7267,#1589);
#1024=LINE('',#7271,#1590);
#1025=LINE('',#7272,#1591);
#1026=LINE('',#7276,#1592);
#1027=LINE('',#7280,#1593);
#1028=LINE('',#7283,#1594);
#1029=LINE('',#7284,#1595);
#1030=LINE('',#7286,#1596);
#1031=LINE('',#7287,#1597);
#1032=LINE('',#7290,#1598);
#1033=LINE('',#7291,#1599);
#1034=LINE('',#7294,#1600);
#1035=LINE('',#7295,#1601);
#1036=LINE('',#7298,#1602);
#1037=LINE('',#7300,#1603);
#1038=LINE('',#7304,#1604);
#1039=LINE('',#7307,#1605);
#1040=LINE('',#7309,#1606);
#1041=LINE('',#7310,#1607);
#1042=LINE('',#7313,#1608);
#1043=LINE('',#7315,#1609);
#1044=LINE('',#7317,#1610);
#1045=LINE('',#7320,#1611);
#1046=LINE('',#7321,#1612);
#1047=LINE('',#7322,#1613);
#1048=LINE('',#7327,#1614);
#1049=LINE('',#7328,#1615);
#1050=LINE('',#7331,#1616);
#1051=LINE('',#7333,#1617);
#1052=LINE('',#7334,#1618);
#1053=LINE('',#7336,#1619);
#1054=LINE('',#7338,#1620);
#1055=LINE('',#7340,#1621);
#1056=LINE('',#7344,#1622);
#1057=LINE('',#7346,#1623);
#1058=LINE('',#7348,#1624);
#1059=LINE('',#7349,#1625);
#1060=LINE('',#7353,#1626);
#1061=LINE('',#7355,#1627);
#1062=LINE('',#7357,#1628);
#1063=LINE('',#7358,#1629);
#1064=LINE('',#7361,#1630);
#1065=LINE('',#7363,#1631);
#1066=LINE('',#7364,#1632);
#1067=LINE('',#7368,#1633);
#1068=LINE('',#7370,#1634);
#1069=LINE('',#7372,#1635);
#1070=LINE('',#7373,#1636);
#1071=LINE('',#7375,#1637);
#1072=LINE('',#7376,#1638);
#1073=LINE('',#7382,#1639);
#1074=LINE('',#7384,#1640);
#1075=LINE('',#7388,#1641);
#1076=LINE('',#7391,#1642);
#1077=LINE('',#7393,#1643);
#1078=LINE('',#7397,#1644);
#1079=LINE('',#7401,#1645);
#1080=LINE('',#7405,#1646);
#1081=LINE('',#7406,#1647);
#1082=LINE('',#7410,#1648);
#1083=LINE('',#7412,#1649);
#1084=LINE('',#7414,#1650);
#1085=LINE('',#7418,#1651);
#1086=LINE('',#7420,#1652);
#1087=LINE('',#7421,#1653);
#1088=LINE('',#7425,#1654);
#1089=LINE('',#7427,#1655);
#1090=LINE('',#7429,#1656);
#1091=LINE('',#7430,#1657);
#1092=LINE('',#7433,#1658);
#1093=LINE('',#7435,#1659);
#1094=LINE('',#7439,#1660);
#1095=LINE('',#7441,#1661);
#1096=LINE('',#7443,#1662);
#1097=LINE('',#7447,#1663);
#1098=LINE('',#7449,#1664);
#1099=LINE('',#7451,#1665);
#1100=LINE('',#7455,#1666);
#1101=LINE('',#7457,#1667);
#1102=LINE('',#7459,#1668);
#1103=LINE('',#7463,#1669);
#1104=LINE('',#7465,#1670);
#1105=LINE('',#7466,#1671);
#1106=LINE('',#7469,#1672);
#1107=LINE('',#7472,#1673);
#1108=LINE('',#7475,#1674);
#1109=LINE('',#7476,#1675);
#1110=LINE('',#7479,#1676);
#1111=LINE('',#7483,#1677);
#1112=LINE('',#7486,#1678);
#1113=LINE('',#7488,#1679);
#1114=LINE('',#7492,#1680);
#1115=LINE('',#7496,#1681);
#1116=LINE('',#7499,#1682);
#1117=LINE('',#7502,#1683);
#1118=LINE('',#7504,#1684);
#1119=LINE('',#7505,#1685);
#1120=LINE('',#7508,#1686);
#1121=LINE('',#7512,#1687);
#1122=LINE('',#7515,#1688);
#1123=LINE('',#7517,#1689);
#1124=LINE('',#7521,#1690);
#1125=LINE('',#7525,#1691);
#1126=LINE('',#7528,#1692);
#1127=LINE('',#7533,#1693);
#1128=LINE('',#7537,#1694);
#1129=LINE('',#7541,#1695);
#1130=LINE('',#7542,#1696);
#1131=LINE('',#7546,#1697);
#1132=LINE('',#7549,#1698);
#1133=LINE('',#7552,#1699);
#1134=LINE('',#7554,#1700);
#1135=LINE('',#7556,#1701);
#1136=LINE('',#7560,#1702);
#1137=LINE('',#7561,#1703);
#1138=LINE('',#7565,#1704);
#1139=LINE('',#7566,#1705);
#1140=LINE('',#7570,#1706);
#1141=LINE('',#7572,#1707);
#1142=LINE('',#7574,#1708);
#1143=LINE('',#7576,#1709);
#1144=LINE('',#7580,#1710);
#1145=LINE('',#7581,#1711);
#1146=LINE('',#7582,#1712);
#1147=LINE('',#7588,#1713);
#1148=LINE('',#7589,#1714);
#1149=LINE('',#7590,#1715);
#1150=LINE('',#7596,#1716);
#1151=LINE('',#7598,#1717);
#1152=LINE('',#7600,#1718);
#1153=LINE('',#7601,#1719);
#1154=LINE('',#7606,#1720);
#1155=LINE('',#7607,#1721);
#1156=LINE('',#7610,#1722);
#1157=LINE('',#7611,#1723);
#1158=LINE('',#7614,#1724);
#1159=LINE('',#7615,#1725);
#1160=LINE('',#7618,#1726);
#1161=LINE('',#7620,#1727);
#1162=LINE('',#7621,#1728);
#1163=LINE('',#7624,#1729);
#1164=LINE('',#7625,#1730);
#1165=LINE('',#7629,#1731);
#1166=LINE('',#7630,#1732);
#1167=LINE('',#7631,#1733);
#1168=LINE('',#7634,#1734);
#1169=LINE('',#7635,#1735);
#1170=LINE('',#7639,#1736);
#1171=LINE('',#7640,#1737);
#1172=LINE('',#7641,#1738);
#1173=LINE('',#7645,#1739);
#1174=LINE('',#7647,#1740);
#1175=LINE('',#7649,#1741);
#1176=LINE('',#7650,#1742);
#1177=LINE('',#7653,#1743);
#1178=LINE('',#7655,#1744);
#1179=LINE('',#7656,#1745);
#1180=LINE('',#7658,#1746);
#1181=LINE('',#7662,#1747);
#1182=LINE('',#7664,#1748);
#1183=LINE('',#7666,#1749);
#1184=LINE('',#7667,#1750);
#1185=LINE('',#7671,#1751);
#1186=LINE('',#7673,#1752);
#1187=LINE('',#7675,#1753);
#1188=LINE('',#7676,#1754);
#1189=LINE('',#7679,#1755);
#1190=LINE('',#7681,#1756);
#1191=LINE('',#7682,#1757);
#1192=LINE('',#7689,#1758);
#1193=LINE('',#7694,#1759);
#1194=LINE('',#7697,#1760);
#1195=LINE('',#7699,#1761);
#1196=LINE('',#7703,#1762);
#1197=LINE('',#7709,#1763);
#1198=LINE('',#7712,#1764);
#1199=LINE('',#7717,#1765);
#1200=LINE('',#7726,#1766);
#1201=LINE('',#7727,#1767);
#1202=LINE('',#7730,#1768);
#1203=LINE('',#7731,#1769);
#1204=LINE('',#7733,#1770);
#1205=LINE('',#7734,#1771);
#1206=LINE('',#7741,#1772);
#1207=LINE('',#7742,#1773);
#1208=LINE('',#7757,#1774);
#1209=LINE('',#7759,#1775);
#1210=LINE('',#7761,#1776);
#1211=LINE('',#7763,#1777);
#1212=LINE('',#7765,#1778);
#1213=LINE('',#7766,#1779);
#1214=LINE('',#7769,#1780);
#1215=LINE('',#7771,#1781);
#1216=LINE('',#7773,#1782);
#1217=LINE('',#7775,#1783);
#1218=LINE('',#7777,#1784);
#1219=LINE('',#7779,#1785);
#1220=LINE('',#7781,#1786);
#1221=LINE('',#7783,#1787);
#1222=LINE('',#7785,#1788);
#1223=LINE('',#7787,#1789);
#1224=LINE('',#7789,#1790);
#1225=LINE('',#7791,#1791);
#1226=LINE('',#7793,#1792);
#1227=LINE('',#7795,#1793);
#1228=LINE('',#7796,#1794);
#1229=LINE('',#7799,#1795);
#1230=LINE('',#7800,#1796);
#1231=LINE('',#7803,#1797);
#1232=LINE('',#7804,#1798);
#1233=LINE('',#7807,#1799);
#1234=LINE('',#7809,#1800);
#1235=LINE('',#7811,#1801);
#1236=LINE('',#7813,#1802);
#1237=LINE('',#7815,#1803);
#1238=LINE('',#7816,#1804);
#1239=LINE('',#7819,#1805);
#1240=LINE('',#7821,#1806);
#1241=LINE('',#7822,#1807);
#1242=LINE('',#7824,#1808);
#1243=LINE('',#7825,#1809);
#1244=LINE('',#7827,#1810);
#1245=LINE('',#7829,#1811);
#1246=LINE('',#7831,#1812);
#1247=LINE('',#7832,#1813);
#1248=LINE('',#7834,#1814);
#1249=LINE('',#7836,#1815);
#1250=LINE('',#7837,#1816);
#1251=LINE('',#7839,#1817);
#1252=LINE('',#7841,#1818);
#1253=LINE('',#7842,#1819);
#1254=LINE('',#7846,#1820);
#1255=LINE('',#7848,#1821);
#1256=LINE('',#7850,#1822);
#1257=LINE('',#7851,#1823);
#1258=LINE('',#7854,#1824);
#1259=LINE('',#7855,#1825);
#1260=LINE('',#7858,#1826);
#1261=LINE('',#7860,#1827);
#1262=LINE('',#7861,#1828);
#1263=LINE('',#7864,#1829);
#1264=LINE('',#7866,#1830);
#1265=LINE('',#7868,#1831);
#1266=LINE('',#7869,#1832);
#1267=LINE('',#7872,#1833);
#1268=LINE('',#7873,#1834);
#1269=LINE('',#7876,#1835);
#1270=LINE('',#7878,#1836);
#1271=LINE('',#7879,#1837);
#1272=LINE('',#7882,#1838);
#1273=LINE('',#7884,#1839);
#1274=LINE('',#7886,#1840);
#1275=LINE('',#7887,#1841);
#1276=LINE('',#7890,#1842);
#1277=LINE('',#7891,#1843);
#1278=LINE('',#7894,#1844);
#1279=LINE('',#7896,#1845);
#1280=LINE('',#7897,#1846);
#1281=LINE('',#7900,#1847);
#1282=LINE('',#7902,#1848);
#1283=LINE('',#7904,#1849);
#1284=LINE('',#7905,#1850);
#1285=LINE('',#7908,#1851);
#1286=LINE('',#7909,#1852);
#1287=LINE('',#7914,#1853);
#1288=LINE('',#7916,#1854);
#1289=LINE('',#7917,#1855);
#1290=LINE('',#7919,#1856);
#1291=LINE('',#7922,#1857);
#1292=LINE('',#7924,#1858);
#1293=LINE('',#7926,#1859);
#1294=LINE('',#7928,#1860);
#1295=LINE('',#7930,#1861);
#1296=LINE('',#7931,#1862);
#1297=LINE('',#7934,#1863);
#1298=LINE('',#7936,#1864);
#1299=LINE('',#7938,#1865);
#1300=LINE('',#7940,#1866);
#1301=LINE('',#7942,#1867);
#1302=LINE('',#7943,#1868);
#1303=LINE('',#7946,#1869);
#1304=LINE('',#7948,#1870);
#1305=LINE('',#7950,#1871);
#1306=LINE('',#7952,#1872);
#1307=LINE('',#7954,#1873);
#1308=LINE('',#7955,#1874);
#1309=LINE('',#7958,#1875);
#1310=LINE('',#7960,#1876);
#1311=LINE('',#7962,#1877);
#1312=LINE('',#7964,#1878);
#1313=LINE('',#7966,#1879);
#1314=LINE('',#7967,#1880);
#1315=LINE('',#7969,#1881);
#1316=LINE('',#7971,#1882);
#1317=LINE('',#7974,#1883);
#1318=LINE('',#7976,#1884);
#1319=LINE('',#7978,#1885);
#1320=LINE('',#7980,#1886);
#1321=LINE('',#7982,#1887);
#1322=LINE('',#7983,#1888);
#1323=LINE('',#7985,#1889);
#1324=LINE('',#7987,#1890);
#1325=LINE('',#7990,#1891);
#1326=LINE('',#7992,#1892);
#1327=LINE('',#7994,#1893);
#1328=LINE('',#7996,#1894);
#1329=LINE('',#7998,#1895);
#1330=LINE('',#7999,#1896);
#1331=LINE('',#8001,#1897);
#1332=LINE('',#8003,#1898);
#1333=LINE('',#8005,#1899);
#1334=LINE('',#8010,#1900);
#1335=LINE('',#8012,#1901);
#1336=LINE('',#8014,#1902);
#1337=LINE('',#8016,#1903);
#1338=LINE('',#8019,#1904);
#1339=LINE('',#8021,#1905);
#1340=LINE('',#8023,#1906);
#1341=LINE('',#8026,#1907);
#1342=LINE('',#8028,#1908);
#1343=LINE('',#8030,#1909);
#1344=VECTOR('',#5300,10.);
#1345=VECTOR('',#5301,10.);
#1346=VECTOR('',#5302,10.);
#1347=VECTOR('',#5303,10.);
#1348=VECTOR('',#5306,1000.);
#1349=VECTOR('',#5309,1000.);
#1350=VECTOR('',#5310,1000.);
#1351=VECTOR('',#5313,1000.);
#1352=VECTOR('',#5314,1000.);
#1353=VECTOR('',#5317,1000.);
#1354=VECTOR('',#5318,1000.);
#1355=VECTOR('',#5321,1000.);
#1356=VECTOR('',#5326,1000.);
#1357=VECTOR('',#5331,1000.);
#1358=VECTOR('',#5332,1000.);
#1359=VECTOR('',#5333,1000.);
#1360=VECTOR('',#5334,1000.);
#1361=VECTOR('',#5337,1000.);
#1362=VECTOR('',#5338,1000.);
#1363=VECTOR('',#5339,1000.);
#1364=VECTOR('',#5342,1000.);
#1365=VECTOR('',#5343,1000.);
#1366=VECTOR('',#5344,1000.);
#1367=VECTOR('',#5345,1000.);
#1368=VECTOR('',#5346,1000.);
#1369=VECTOR('',#5347,1000.);
#1370=VECTOR('',#5352,1000.);
#1371=VECTOR('',#5357,1000.);
#1372=VECTOR('',#5358,1000.);
#1373=VECTOR('',#5359,1000.);
#1374=VECTOR('',#5362,1000.);
#1375=VECTOR('',#5363,1000.);
#1376=VECTOR('',#5364,1000.);
#1377=VECTOR('',#5367,1000.);
#1378=VECTOR('',#5368,1000.);
#1379=VECTOR('',#5369,1000.);
#1380=VECTOR('',#5374,1000.);
#1381=VECTOR('',#5379,1000.);
#1382=VECTOR('',#5380,1000.);
#1383=VECTOR('',#5381,1000.);
#1384=VECTOR('',#5382,1000.);
#1385=VECTOR('',#5383,1000.);
#1386=VECTOR('',#5388,1000.);
#1387=VECTOR('',#5391,1000.);
#1388=VECTOR('',#5394,1000.);
#1389=VECTOR('',#5399,1000.);
#1390=VECTOR('',#5400,1000.);
#1391=VECTOR('',#5401,1000.);
#1392=VECTOR('',#5404,1000.);
#1393=VECTOR('',#5405,1000.);
#1394=VECTOR('',#5406,1000.);
#1395=VECTOR('',#5411,1000.);
#1396=VECTOR('',#5412,1000.);
#1397=VECTOR('',#5413,1000.);
#1398=VECTOR('',#5414,1000.);
#1399=VECTOR('',#5417,1000.);
#1400=VECTOR('',#5418,1000.);
#1401=VECTOR('',#5419,1000.);
#1402=VECTOR('',#5420,1000.);
#1403=VECTOR('',#5421,1000.);
#1404=VECTOR('',#5422,1000.);
#1405=VECTOR('',#5427,1000.);
#1406=VECTOR('',#5430,1000.);
#1407=VECTOR('',#5431,1000.);
#1408=VECTOR('',#5434,1000.);
#1409=VECTOR('',#5435,1000.);
#1410=VECTOR('',#5438,1000.);
#1411=VECTOR('',#5439,1000.);
#1412=VECTOR('',#5444,1000.);
#1413=VECTOR('',#5447,1000.);
#1414=VECTOR('',#5448,1000.);
#1415=VECTOR('',#5449,1000.);
#1416=VECTOR('',#5450,1000.);
#1417=VECTOR('',#5451,1000.);
#1418=VECTOR('',#5456,1000.);
#1419=VECTOR('',#5459,1000.);
#1420=VECTOR('',#5462,1000.);
#1421=VECTOR('',#5467,10.);
#1422=VECTOR('',#5468,10.);
#1423=VECTOR('',#5469,10.);
#1424=VECTOR('',#5470,10.);
#1425=VECTOR('',#5473,1000.);
#1426=VECTOR('',#5474,1000.);
#1427=VECTOR('',#5475,1000.);
#1428=VECTOR('',#5478,1000.);
#1429=VECTOR('',#5481,1000.);
#1430=VECTOR('',#5486,1000.);
#1431=VECTOR('',#5487,1000.);
#1432=VECTOR('',#5490,1000.);
#1433=VECTOR('',#5493,1000.);
#1434=VECTOR('',#5500,1000.);
#1435=VECTOR('',#5503,1000.);
#1436=VECTOR('',#5506,10.);
#1437=VECTOR('',#5507,1000.);
#1438=VECTOR('',#5508,1000.);
#1439=VECTOR('',#5513,1000.);
#1440=VECTOR('',#5516,1000.);
#1441=VECTOR('',#5519,10.);
#1442=VECTOR('',#5520,1000.);
#1443=VECTOR('',#5521,1000.);
#1444=VECTOR('',#5524,1000.);
#1445=VECTOR('',#5525,1000.);
#1446=VECTOR('',#5526,1000.);
#1447=VECTOR('',#5529,10.);
#1448=VECTOR('',#5530,1000.);
#1449=VECTOR('',#5533,10.);
#1450=VECTOR('',#5534,1000.);
#1451=VECTOR('',#5537,10.);
#1452=VECTOR('',#5538,1000.);
#1453=VECTOR('',#5541,10.);
#1454=VECTOR('',#5546,10.);
#1455=VECTOR('',#5547,1000.);
#1456=VECTOR('',#5548,1000.);
#1457=VECTOR('',#5549,1000.);
#1458=VECTOR('',#5552,1000.);
#1459=VECTOR('',#5555,1000.);
#1460=VECTOR('',#5556,1000.);
#1461=VECTOR('',#5557,1000.);
#1462=VECTOR('',#5558,1000.);
#1463=VECTOR('',#5559,1000.);
#1464=VECTOR('',#5562,10.);
#1465=VECTOR('',#5565,1000.);
#1466=VECTOR('',#5568,10.);
#1467=VECTOR('',#5569,1000.);
#1468=VECTOR('',#5576,10.);
#1469=VECTOR('',#5577,1000.);
#1470=VECTOR('',#5582,1000.);
#1471=VECTOR('',#5585,10.);
#1472=VECTOR('',#5586,1000.);
#1473=VECTOR('',#5589,10.);
#1474=VECTOR('',#5594,10.);
#1475=VECTOR('',#5597,1000.);
#1476=VECTOR('',#5602,10.);
#1477=VECTOR('',#5603,10.);
#1478=VECTOR('',#5604,10.);
#1479=VECTOR('',#5605,10.);
#1480=VECTOR('',#5606,10.);
#1481=VECTOR('',#5607,10.);
#1482=VECTOR('',#5612,10.);
#1483=VECTOR('',#5613,10.);
#1484=VECTOR('',#5614,10.);
#1485=VECTOR('',#5615,10.);
#1486=VECTOR('',#5618,10.);
#1487=VECTOR('',#5619,10.);
#1488=VECTOR('',#5620,10.);
#1489=VECTOR('',#5621,10.);
#1490=VECTOR('',#5624,1000.);
#1491=VECTOR('',#5627,1000.);
#1492=VECTOR('',#5630,1000.);
#1493=VECTOR('',#5631,1000.);
#1494=VECTOR('',#5632,1000.);
#1495=VECTOR('',#5635,1000.);
#1496=VECTOR('',#5638,1000.);
#1497=VECTOR('',#5641,1000.);
#1498=VECTOR('',#5642,1000.);
#1499=VECTOR('',#5645,1000.);
#1500=VECTOR('',#5646,1000.);
#1501=VECTOR('',#5649,1000.);
#1502=VECTOR('',#5650,1000.);
#1503=VECTOR('',#5653,1000.);
#1504=VECTOR('',#5656,1000.);
#1505=VECTOR('',#5659,1000.);
#1506=VECTOR('',#5660,1000.);
#1507=VECTOR('',#5661,1000.);
#1508=VECTOR('',#5664,1000.);
#1509=VECTOR('',#5669,1000.);
#1510=VECTOR('',#5670,1000.);
#1511=VECTOR('',#5671,1000.);
#1512=VECTOR('',#5674,1000.);
#1513=VECTOR('',#5677,1000.);
#1514=VECTOR('',#5680,1000.);
#1515=VECTOR('',#5681,1000.);
#1516=VECTOR('',#5682,1000.);
#1517=VECTOR('',#5685,1000.);
#1518=VECTOR('',#5688,1000.);
#1519=VECTOR('',#5691,1000.);
#1520=VECTOR('',#5692,1000.);
#1521=VECTOR('',#5695,1000.);
#1522=VECTOR('',#5696,1000.);
#1523=VECTOR('',#5699,1000.);
#1524=VECTOR('',#5700,1000.);
#1525=VECTOR('',#5703,1000.);
#1526=VECTOR('',#5708,1000.);
#1527=VECTOR('',#5709,1000.);
#1528=VECTOR('',#5712,1000.);
#1529=VECTOR('',#5715,1000.);
#1530=VECTOR('',#5718,1000.);
#1531=VECTOR('',#5719,1000.);
#1532=VECTOR('',#5724,1000.);
#1533=VECTOR('',#5727,1000.);
#1534=VECTOR('',#5732,1000.);
#1535=VECTOR('',#5735,1000.);
#1536=VECTOR('',#5740,1000.);
#1537=VECTOR('',#5743,1000.);
#1538=VECTOR('',#5750,1000.);
#1539=VECTOR('',#5757,1000.);
#1540=VECTOR('',#5762,1000.);
#1541=VECTOR('',#5769,1000.);
#1542=VECTOR('',#5772,1000.);
#1543=VECTOR('',#5775,1000.);
#1544=VECTOR('',#5776,1000.);
#1545=VECTOR('',#5779,1000.);
#1546=VECTOR('',#5782,1000.);
#1547=VECTOR('',#5785,1000.);
#1548=VECTOR('',#5786,1000.);
#1549=VECTOR('',#5791,1000.);
#1550=VECTOR('',#5794,1000.);
#1551=VECTOR('',#5801,1000.);
#1552=VECTOR('',#5804,1000.);
#1553=VECTOR('',#5809,1000.);
#1554=VECTOR('',#5814,1000.);
#1555=VECTOR('',#5817,1000.);
#1556=VECTOR('',#5820,1000.);
#1557=VECTOR('',#5823,1000.);
#1558=VECTOR('',#5826,1000.);
#1559=VECTOR('',#5827,1000.);
#1560=VECTOR('',#5832,1000.);
#1561=VECTOR('',#5835,1000.);
#1562=VECTOR('',#5840,1000.);
#1563=VECTOR('',#5843,1000.);
#1564=VECTOR('',#5846,1000.);
#1565=VECTOR('',#5847,1000.);
#1566=VECTOR('',#5848,1000.);
#1567=VECTOR('',#5849,1000.);
#1568=VECTOR('',#5850,1000.);
#1569=VECTOR('',#5855,1000.);
#1570=VECTOR('',#5856,1000.);
#1571=VECTOR('',#5857,1000.);
#1572=VECTOR('',#5858,1000.);
#1573=VECTOR('',#5859,1000.);
#1574=VECTOR('',#5862,1000.);
#1575=VECTOR('',#5865,1000.);
#1576=VECTOR('',#5866,1000.);
#1577=VECTOR('',#5869,1000.);
#1578=VECTOR('',#5870,1000.);
#1579=VECTOR('',#5871,1000.);
#1580=VECTOR('',#5874,1000.);
#1581=VECTOR('',#5875,1000.);
#1582=VECTOR('',#5876,1000.);
#1583=VECTOR('',#5877,1000.);
#1584=VECTOR('',#5878,1000.);
#1585=VECTOR('',#5883,1000.);
#1586=VECTOR('',#5884,1000.);
#1587=VECTOR('',#5887,1000.);
#1588=VECTOR('',#5890,1000.);
#1589=VECTOR('',#5899,1000.);
#1590=VECTOR('',#5906,1000.);
#1591=VECTOR('',#5907,1000.);
#1592=VECTOR('',#5910,1000.);
#1593=VECTOR('',#5913,1000.);
#1594=VECTOR('',#5918,1000.);
#1595=VECTOR('',#5919,1000.);
#1596=VECTOR('',#5922,1000.);
#1597=VECTOR('',#5923,1000.);
#1598=VECTOR('',#5928,1000.);
#1599=VECTOR('',#5929,1000.);
#1600=VECTOR('',#5934,1000.);
#1601=VECTOR('',#5935,1000.);
#1602=VECTOR('',#5938,1000.);
#1603=VECTOR('',#5939,1000.);
#1604=VECTOR('',#5946,1000.);
#1605=VECTOR('',#5949,10.);
#1606=VECTOR('',#5950,10.);
#1607=VECTOR('',#5951,10.);
#1608=VECTOR('',#5954,10.);
#1609=VECTOR('',#5955,1000.);
#1610=VECTOR('',#5956,1000.);
#1611=VECTOR('',#5959,1000.);
#1612=VECTOR('',#5960,1000.);
#1613=VECTOR('',#5961,1000.);
#1614=VECTOR('',#5966,1000.);
#1615=VECTOR('',#5967,1000.);
#1616=VECTOR('',#5970,1000.);
#1617=VECTOR('',#5971,1000.);
#1618=VECTOR('',#5972,1000.);
#1619=VECTOR('',#5975,10.);
#1620=VECTOR('',#5978,1000.);
#1621=VECTOR('',#5981,1000.);
#1622=VECTOR('',#5984,10.);
#1623=VECTOR('',#5985,10.);
#1624=VECTOR('',#5986,10.);
#1625=VECTOR('',#5987,10.);
#1626=VECTOR('',#5990,10.);
#1627=VECTOR('',#5991,10.);
#1628=VECTOR('',#5992,1000.);
#1629=VECTOR('',#5993,10.);
#1630=VECTOR('',#5996,1000.);
#1631=VECTOR('',#5997,1000.);
#1632=VECTOR('',#5998,1000.);
#1633=VECTOR('',#6001,1000.);
#1634=VECTOR('',#6002,1000.);
#1635=VECTOR('',#6003,1000.);
#1636=VECTOR('',#6004,1000.);
#1637=VECTOR('',#6007,1000.);
#1638=VECTOR('',#6008,1000.);
#1639=VECTOR('',#6017,10.);
#1640=VECTOR('',#6018,1000.);
#1641=VECTOR('',#6021,1000.);
#1642=VECTOR('',#6024,1000.);
#1643=VECTOR('',#6025,1000.);
#1644=VECTOR('',#6028,1000.);
#1645=VECTOR('',#6031,1000.);
#1646=VECTOR('',#6036,10.);
#1647=VECTOR('',#6037,10.);
#1648=VECTOR('',#6040,10.);
#1649=VECTOR('',#6041,10.);
#1650=VECTOR('',#6042,10.);
#1651=VECTOR('',#6045,10.);
#1652=VECTOR('',#6046,10.);
#1653=VECTOR('',#6047,10.);
#1654=VECTOR('',#6050,10.);
#1655=VECTOR('',#6051,10.);
#1656=VECTOR('',#6052,10.);
#1657=VECTOR('',#6053,10.);
#1658=VECTOR('',#6056,1000.);
#1659=VECTOR('',#6057,1000.);
#1660=VECTOR('',#6060,1000.);
#1661=VECTOR('',#6061,1000.);
#1662=VECTOR('',#6062,1000.);
#1663=VECTOR('',#6065,1000.);
#1664=VECTOR('',#6066,1000.);
#1665=VECTOR('',#6067,1000.);
#1666=VECTOR('',#6070,1000.);
#1667=VECTOR('',#6071,1000.);
#1668=VECTOR('',#6072,1000.);
#1669=VECTOR('',#6075,1000.);
#1670=VECTOR('',#6076,1000.);
#1671=VECTOR('',#6077,1000.);
#1672=VECTOR('',#6080,1000.);
#1673=VECTOR('',#6083,1000.);
#1674=VECTOR('',#6086,1000.);
#1675=VECTOR('',#6087,1000.);
#1676=VECTOR('',#6090,1000.);
#1677=VECTOR('',#6093,1000.);
#1678=VECTOR('',#6096,1000.);
#1679=VECTOR('',#6097,1000.);
#1680=VECTOR('',#6100,1000.);
#1681=VECTOR('',#6103,1000.);
#1682=VECTOR('',#6106,1000.);
#1683=VECTOR('',#6109,1000.);
#1684=VECTOR('',#6110,1000.);
#1685=VECTOR('',#6111,1000.);
#1686=VECTOR('',#6114,1000.);
#1687=VECTOR('',#6117,1000.);
#1688=VECTOR('',#6120,1000.);
#1689=VECTOR('',#6121,1000.);
#1690=VECTOR('',#6124,1000.);
#1691=VECTOR('',#6127,1000.);
#1692=VECTOR('',#6130,1000.);
#1693=VECTOR('',#6135,1000.);
#1694=VECTOR('',#6138,1000.);
#1695=VECTOR('',#6141,1000.);
#1696=VECTOR('',#6142,1000.);
#1697=VECTOR('',#6145,1000.);
#1698=VECTOR('',#6148,1000.);
#1699=VECTOR('',#6151,1000.);
#1700=VECTOR('',#6152,1000.);
#1701=VECTOR('',#6153,1000.);
#1702=VECTOR('',#6156,1000.);
#1703=VECTOR('',#6157,1000.);
#1704=VECTOR('',#6160,1000.);
#1705=VECTOR('',#6161,1000.);
#1706=VECTOR('',#6164,1000.);
#1707=VECTOR('',#6165,1000.);
#1708=VECTOR('',#6166,1000.);
#1709=VECTOR('',#6169,1000.);
#1710=VECTOR('',#6172,1000.);
#1711=VECTOR('',#6173,1000.);
#1712=VECTOR('',#6174,1000.);
#1713=VECTOR('',#6181,1000.);
#1714=VECTOR('',#6182,1000.);
#1715=VECTOR('',#6183,1000.);
#1716=VECTOR('',#6190,1000.);
#1717=VECTOR('',#6191,1000.);
#1718=VECTOR('',#6192,1000.);
#1719=VECTOR('',#6193,1000.);
#1720=VECTOR('',#6202,1000.);
#1721=VECTOR('',#6203,1000.);
#1722=VECTOR('',#6208,1000.);
#1723=VECTOR('',#6209,1000.);
#1724=VECTOR('',#6212,1000.);
#1725=VECTOR('',#6213,1000.);
#1726=VECTOR('',#6216,1000.);
#1727=VECTOR('',#6217,1000.);
#1728=VECTOR('',#6218,1000.);
#1729=VECTOR('',#6221,1000.);
#1730=VECTOR('',#6222,1000.);
#1731=VECTOR('',#6225,1000.);
#1732=VECTOR('',#6226,1000.);
#1733=VECTOR('',#6227,1000.);
#1734=VECTOR('',#6230,1000.);
#1735=VECTOR('',#6231,1000.);
#1736=VECTOR('',#6234,1000.);
#1737=VECTOR('',#6235,1000.);
#1738=VECTOR('',#6236,1000.);
#1739=VECTOR('',#6239,1000.);
#1740=VECTOR('',#6240,1000.);
#1741=VECTOR('',#6241,1000.);
#1742=VECTOR('',#6242,1000.);
#1743=VECTOR('',#6245,1000.);
#1744=VECTOR('',#6246,1000.);
#1745=VECTOR('',#6247,1000.);
#1746=VECTOR('',#6250,1000.);
#1747=VECTOR('',#6253,1000.);
#1748=VECTOR('',#6254,1000.);
#1749=VECTOR('',#6255,1000.);
#1750=VECTOR('',#6256,1000.);
#1751=VECTOR('',#6259,1000.);
#1752=VECTOR('',#6260,1000.);
#1753=VECTOR('',#6261,1000.);
#1754=VECTOR('',#6262,1000.);
#1755=VECTOR('',#6265,1000.);
#1756=VECTOR('',#6266,1000.);
#1757=VECTOR('',#6267,1000.);
#1758=VECTOR('',#6280,1000.);
#1759=VECTOR('',#6289,1000.);
#1760=VECTOR('',#6292,1000.);
#1761=VECTOR('',#6293,1000.);
#1762=VECTOR('',#6300,1000.);
#1763=VECTOR('',#6307,1000.);
#1764=VECTOR('',#6312,1000.);
#1765=VECTOR('',#6321,1000.);
#1766=VECTOR('',#6338,1000.);
#1767=VECTOR('',#6339,1000.);
#1768=VECTOR('',#6342,1000.);
#1769=VECTOR('',#6343,1000.);
#1770=VECTOR('',#6346,1000.);
#1771=VECTOR('',#6347,1000.);
#1772=VECTOR('',#6360,1000.);
#1773=VECTOR('',#6361,1000.);
#1774=VECTOR('',#6386,0.999999999999419);
#1775=VECTOR('',#6387,1.);
#1776=VECTOR('',#6388,0.999999999999933);
#1777=VECTOR('',#6389,1.);
#1778=VECTOR('',#6390,1.);
#1779=VECTOR('',#6391,0.999999999999589);
#1780=VECTOR('',#6394,1.);
#1781=VECTOR('',#6395,0.999999999999419);
#1782=VECTOR('',#6396,1.);
#1783=VECTOR('',#6397,0.999999999999419);
#1784=VECTOR('',#6398,1.);
#1785=VECTOR('',#6399,0.999999999999419);
#1786=VECTOR('',#6400,1.);
#1787=VECTOR('',#6401,0.999999999999419);
#1788=VECTOR('',#6402,1.);
#1789=VECTOR('',#6403,0.999999999999419);
#1790=VECTOR('',#6404,1.);
#1791=VECTOR('',#6405,0.999999999999419);
#1792=VECTOR('',#6406,1.);
#1793=VECTOR('',#6407,0.999999999999419);
#1794=VECTOR('',#6408,1.);
#1795=VECTOR('',#6411,1.);
#1796=VECTOR('',#6412,1.);
#1797=VECTOR('',#6415,0.999999999999933);
#1798=VECTOR('',#6416,1.);
#1799=VECTOR('',#6419,1.);
#1800=VECTOR('',#6420,1.);
#1801=VECTOR('',#6421,1.);
#1802=VECTOR('',#6422,1.);
#1803=VECTOR('',#6423,1.);
#1804=VECTOR('',#6424,1.);
#1805=VECTOR('',#6427,1.);
#1806=VECTOR('',#6428,1.);
#1807=VECTOR('',#6429,1.);
#1808=VECTOR('',#6430,1.);
#1809=VECTOR('',#6431,1.);
#1810=VECTOR('',#6434,0.999999999999589);
#1811=VECTOR('',#6435,0.999999999999589);
#1812=VECTOR('',#6436,1.);
#1813=VECTOR('',#6437,0.999999999999589);
#1814=VECTOR('',#6438,0.999999999999589);
#1815=VECTOR('',#6439,1.);
#1816=VECTOR('',#6440,0.999999999999589);
#1817=VECTOR('',#6441,0.999999999999589);
#1818=VECTOR('',#6442,1.);
#1819=VECTOR('',#6443,0.999999999999589);
#1820=VECTOR('',#6448,1.);
#1821=VECTOR('',#6449,1.);
#1822=VECTOR('',#6450,1.);
#1823=VECTOR('',#6451,1.);
#1824=VECTOR('',#6454,1.);
#1825=VECTOR('',#6455,1.);
#1826=VECTOR('',#6458,1.);
#1827=VECTOR('',#6459,1.);
#1828=VECTOR('',#6460,1.);
#1829=VECTOR('',#6463,1.);
#1830=VECTOR('',#6464,1.);
#1831=VECTOR('',#6465,1.);
#1832=VECTOR('',#6466,1.);
#1833=VECTOR('',#6469,1.);
#1834=VECTOR('',#6470,1.);
#1835=VECTOR('',#6473,1.);
#1836=VECTOR('',#6474,1.);
#1837=VECTOR('',#6475,1.);
#1838=VECTOR('',#6478,1.);
#1839=VECTOR('',#6479,1.);
#1840=VECTOR('',#6480,1.);
#1841=VECTOR('',#6481,1.);
#1842=VECTOR('',#6484,1.);
#1843=VECTOR('',#6485,1.);
#1844=VECTOR('',#6488,1.);
#1845=VECTOR('',#6489,1.);
#1846=VECTOR('',#6490,1.);
#1847=VECTOR('',#6493,1.);
#1848=VECTOR('',#6494,1.);
#1849=VECTOR('',#6495,1.);
#1850=VECTOR('',#6496,1.);
#1851=VECTOR('',#6499,1.);
#1852=VECTOR('',#6500,1.);
#1853=VECTOR('',#6505,1.);
#1854=VECTOR('',#6506,1.);
#1855=VECTOR('',#6507,1.);
#1856=VECTOR('',#6510,1.);
#1857=VECTOR('',#6513,0.999999999999933);
#1858=VECTOR('',#6514,1.);
#1859=VECTOR('',#6515,0.99999999999962);
#1860=VECTOR('',#6516,0.99999999999962);
#1861=VECTOR('',#6517,1.);
#1862=VECTOR('',#6518,0.999999999999933);
#1863=VECTOR('',#6521,0.999999999999933);
#1864=VECTOR('',#6522,1.);
#1865=VECTOR('',#6523,0.99999999999962);
#1866=VECTOR('',#6524,0.99999999999962);
#1867=VECTOR('',#6525,1.);
#1868=VECTOR('',#6526,0.999999999999933);
#1869=VECTOR('',#6529,0.999999999999933);
#1870=VECTOR('',#6530,1.);
#1871=VECTOR('',#6531,0.99999999999962);
#1872=VECTOR('',#6532,0.99999999999962);
#1873=VECTOR('',#6533,1.);
#1874=VECTOR('',#6534,0.999999999999933);
#1875=VECTOR('',#6537,0.999999999999933);
#1876=VECTOR('',#6538,1.);
#1877=VECTOR('',#6539,0.99999999999962);
#1878=VECTOR('',#6540,0.99999999999962);
#1879=VECTOR('',#6541,1.);
#1880=VECTOR('',#6542,0.999999999999933);
#1881=VECTOR('',#6545,1.);
#1882=VECTOR('',#6548,1.);
#1883=VECTOR('',#6551,0.999999999999933);
#1884=VECTOR('',#6552,1.);
#1885=VECTOR('',#6553,0.99999999999962);
#1886=VECTOR('',#6554,0.99999999999962);
#1887=VECTOR('',#6555,1.);
#1888=VECTOR('',#6556,0.999999999999933);
#1889=VECTOR('',#6559,1.);
#1890=VECTOR('',#6562,1.);
#1891=VECTOR('',#6565,0.999999999999933);
#1892=VECTOR('',#6566,1.);
#1893=VECTOR('',#6567,0.99999999999962);
#1894=VECTOR('',#6568,0.99999999999962);
#1895=VECTOR('',#6569,1.);
#1896=VECTOR('',#6570,0.999999999999933);
#1897=VECTOR('',#6573,1.);
#1898=VECTOR('',#6576,1.);
#1899=VECTOR('',#6579,1.);
#1900=VECTOR('',#6586,1.8675);
#1901=VECTOR('',#6589,1.);
#1902=VECTOR('',#6592,1.);
#1903=VECTOR('',#6595,1.);
#1904=VECTOR('',#6600,1.);
#1905=VECTOR('',#6603,1.);
#1906=VECTOR('',#6606,1.);
#1907=VECTOR('',#6611,1.);
#1908=VECTOR('',#6614,1.);
#1909=VECTOR('',#6617,1.);
#1910=VERTEX_POINT('',#6625);
#1911=VERTEX_POINT('',#6626);
#1912=VERTEX_POINT('',#6628);
#1913=VERTEX_POINT('',#6630);
#1914=VERTEX_POINT('',#6634);
#1915=VERTEX_POINT('',#6636);
#1916=VERTEX_POINT('',#6638);
#1917=VERTEX_POINT('',#6642);
#1918=VERTEX_POINT('',#6646);
#1919=VERTEX_POINT('',#6650);
#1920=VERTEX_POINT('',#6657);
#1921=VERTEX_POINT('',#6658);
#1922=VERTEX_POINT('',#6660);
#1923=VERTEX_POINT('',#6662);
#1924=VERTEX_POINT('',#6666);
#1925=VERTEX_POINT('',#6668);
#1926=VERTEX_POINT('',#6672);
#1927=VERTEX_POINT('',#6674);
#1928=VERTEX_POINT('',#6676);
#1929=VERTEX_POINT('',#6678);
#1930=VERTEX_POINT('',#6680);
#1931=VERTEX_POINT('',#6684);
#1932=VERTEX_POINT('',#6686);
#1933=VERTEX_POINT('',#6690);
#1934=VERTEX_POINT('',#6692);
#1935=VERTEX_POINT('',#6696);
#1936=VERTEX_POINT('',#6698);
#1937=VERTEX_POINT('',#6702);
#1938=VERTEX_POINT('',#6704);
#1939=VERTEX_POINT('',#6708);
#1940=VERTEX_POINT('',#6710);
#1941=VERTEX_POINT('',#6714);
#1942=VERTEX_POINT('',#6715);
#1943=VERTEX_POINT('',#6719);
#1944=VERTEX_POINT('',#6731);
#1945=VERTEX_POINT('',#6732);
#1946=VERTEX_POINT('',#6734);
#1947=VERTEX_POINT('',#6736);
#1948=VERTEX_POINT('',#6738);
#1949=VERTEX_POINT('',#6740);
#1950=VERTEX_POINT('',#6742);
#1951=VERTEX_POINT('',#6744);
#1952=VERTEX_POINT('',#6748);
#1953=VERTEX_POINT('',#6749);
#1954=VERTEX_POINT('',#6751);
#1955=VERTEX_POINT('',#6753);
#1956=VERTEX_POINT('',#6757);
#1957=VERTEX_POINT('',#6759);
#1958=VERTEX_POINT('',#6761);
#1959=VERTEX_POINT('',#6764);
#1960=VERTEX_POINT('',#6768);
#1961=VERTEX_POINT('',#6772);
#1962=VERTEX_POINT('',#6776);
#1963=VERTEX_POINT('',#6780);
#1964=VERTEX_POINT('',#6784);
#1965=VERTEX_POINT('',#6788);
#1966=VERTEX_POINT('',#6789);
#1967=VERTEX_POINT('',#6793);
#1968=VERTEX_POINT('',#6805);
#1969=VERTEX_POINT('',#6806);
#1970=VERTEX_POINT('',#6808);
#1971=VERTEX_POINT('',#6810);
#1972=VERTEX_POINT('',#6814);
#1973=VERTEX_POINT('',#6816);
#1974=VERTEX_POINT('',#6820);
#1975=VERTEX_POINT('',#6822);
#1976=VERTEX_POINT('',#6826);
#1977=VERTEX_POINT('',#6827);
#1978=VERTEX_POINT('',#6837);
#1979=VERTEX_POINT('',#6838);
#1980=VERTEX_POINT('',#6840);
#1981=VERTEX_POINT('',#6842);
#1982=VERTEX_POINT('',#6846);
#1983=VERTEX_POINT('',#6848);
#1984=VERTEX_POINT('',#6852);
#1985=VERTEX_POINT('',#6853);
#1986=VERTEX_POINT('',#6855);
#1987=VERTEX_POINT('',#6857);
#1988=VERTEX_POINT('',#6861);
#1989=VERTEX_POINT('',#6866);
#1990=VERTEX_POINT('',#6868);
#1991=VERTEX_POINT('',#6872);
#1992=VERTEX_POINT('',#6876);
#1993=VERTEX_POINT('',#6880);
#1994=VERTEX_POINT('',#6887);
#1995=VERTEX_POINT('',#6888);
#1996=VERTEX_POINT('',#6890);
#1997=VERTEX_POINT('',#6892);
#1998=VERTEX_POINT('',#6896);
#1999=VERTEX_POINT('',#6897);
#2000=VERTEX_POINT('',#6899);
#2001=VERTEX_POINT('',#6901);
#2002=VERTEX_POINT('',#6903);
#2003=VERTEX_POINT('',#6905);
#2004=VERTEX_POINT('',#6907);
#2005=VERTEX_POINT('',#6911);
#2006=VERTEX_POINT('',#6916);
#2007=VERTEX_POINT('',#6922);
#2008=VERTEX_POINT('',#6926);
#2009=VERTEX_POINT('',#6930);
#2010=VERTEX_POINT('',#6937);
#2011=VERTEX_POINT('',#6938);
#2012=VERTEX_POINT('',#6940);
#2013=VERTEX_POINT('',#6942);
#2014=VERTEX_POINT('',#6946);
#2015=VERTEX_POINT('',#6947);
#2016=VERTEX_POINT('',#6949);
#2017=VERTEX_POINT('',#6951);
#2018=VERTEX_POINT('',#6953);
#2019=VERTEX_POINT('',#6955);
#2020=VERTEX_POINT('',#6957);
#2021=VERTEX_POINT('',#6961);
#2022=VERTEX_POINT('',#6962);
#2023=VERTEX_POINT('',#6964);
#2024=VERTEX_POINT('',#6966);
#2025=VERTEX_POINT('',#6970);
#2026=VERTEX_POINT('',#6971);
#2027=VERTEX_POINT('',#6973);
#2028=VERTEX_POINT('',#6975);
#2029=VERTEX_POINT('',#6979);
#2030=VERTEX_POINT('',#6981);
#2031=VERTEX_POINT('',#6983);
#2032=VERTEX_POINT('',#6985);
#2033=VERTEX_POINT('',#6987);
#2034=VERTEX_POINT('',#6989);
#2035=VERTEX_POINT('',#6991);
#2036=VERTEX_POINT('',#6993);
#2037=VERTEX_POINT('',#6995);
#2038=VERTEX_POINT('',#6997);
#2039=VERTEX_POINT('',#6999);
#2040=VERTEX_POINT('',#7001);
#2041=VERTEX_POINT('',#7003);
#2042=VERTEX_POINT('',#7007);
#2043=VERTEX_POINT('',#7011);
#2044=VERTEX_POINT('',#7013);
#2045=VERTEX_POINT('',#7015);
#2046=VERTEX_POINT('',#7017);
#2047=VERTEX_POINT('',#7019);
#2048=VERTEX_POINT('',#7021);
#2049=VERTEX_POINT('',#7023);
#2050=VERTEX_POINT('',#7025);
#2051=VERTEX_POINT('',#7027);
#2052=VERTEX_POINT('',#7029);
#2053=VERTEX_POINT('',#7031);
#2054=VERTEX_POINT('',#7033);
#2055=VERTEX_POINT('',#7037);
#2056=VERTEX_POINT('',#7039);
#2057=VERTEX_POINT('',#7043);
#2058=VERTEX_POINT('',#7045);
#2059=VERTEX_POINT('',#7047);
#2060=VERTEX_POINT('',#7049);
#2061=VERTEX_POINT('',#7051);
#2062=VERTEX_POINT('',#7053);
#2063=VERTEX_POINT('',#7055);
#2064=VERTEX_POINT('',#7057);
#2065=VERTEX_POINT('',#7059);
#2066=VERTEX_POINT('',#7061);
#2067=VERTEX_POINT('',#7063);
#2068=VERTEX_POINT('',#7065);
#2069=VERTEX_POINT('',#7067);
#2070=VERTEX_POINT('',#7071);
#2071=VERTEX_POINT('',#7075);
#2072=VERTEX_POINT('',#7079);
#2073=VERTEX_POINT('',#7083);
#2074=VERTEX_POINT('',#7087);
#2075=VERTEX_POINT('',#7089);
#2076=VERTEX_POINT('',#7096);
#2077=VERTEX_POINT('',#7097);
#2078=VERTEX_POINT('',#7099);
#2079=VERTEX_POINT('',#7101);
#2080=VERTEX_POINT('',#7105);
#2081=VERTEX_POINT('',#7106);
#2082=VERTEX_POINT('',#7108);
#2083=VERTEX_POINT('',#7110);
#2084=VERTEX_POINT('',#7114);
#2085=VERTEX_POINT('',#7115);
#2086=VERTEX_POINT('',#7117);
#2087=VERTEX_POINT('',#7119);
#2088=VERTEX_POINT('',#7123);
#2089=VERTEX_POINT('',#7125);
#2090=VERTEX_POINT('',#7129);
#2091=VERTEX_POINT('',#7131);
#2092=VERTEX_POINT('',#7135);
#2093=VERTEX_POINT('',#7137);
#2094=VERTEX_POINT('',#7141);
#2095=VERTEX_POINT('',#7142);
#2096=VERTEX_POINT('',#7144);
#2097=VERTEX_POINT('',#7146);
#2098=VERTEX_POINT('',#7153);
#2099=VERTEX_POINT('',#7155);
#2100=VERTEX_POINT('',#7162);
#2101=VERTEX_POINT('',#7168);
#2102=VERTEX_POINT('',#7170);
#2103=VERTEX_POINT('',#7179);
#2104=VERTEX_POINT('',#7180);
#2105=VERTEX_POINT('',#7182);
#2106=VERTEX_POINT('',#7184);
#2107=VERTEX_POINT('',#7188);
#2108=VERTEX_POINT('',#7190);
#2109=VERTEX_POINT('',#7197);
#2110=VERTEX_POINT('',#7198);
#2111=VERTEX_POINT('',#7200);
#2112=VERTEX_POINT('',#7202);
#2113=VERTEX_POINT('',#7206);
#2114=VERTEX_POINT('',#7207);
#2115=VERTEX_POINT('',#7209);
#2116=VERTEX_POINT('',#7211);
#2117=VERTEX_POINT('',#7215);
#2118=VERTEX_POINT('',#7217);
#2119=VERTEX_POINT('',#7221);
#2120=VERTEX_POINT('',#7225);
#2121=VERTEX_POINT('',#7230);
#2122=VERTEX_POINT('',#7232);
#2123=VERTEX_POINT('',#7236);
#2124=VERTEX_POINT('',#7238);
#2125=VERTEX_POINT('',#7240);
#2126=VERTEX_POINT('',#7246);
#2127=VERTEX_POINT('',#7248);
#2128=VERTEX_POINT('',#7252);
#2129=VERTEX_POINT('',#7256);
#2130=VERTEX_POINT('',#7274);
#2131=VERTEX_POINT('',#7275);
#2132=VERTEX_POINT('',#7277);
#2133=VERTEX_POINT('',#7279);
#2134=VERTEX_POINT('',#7297);
#2135=VERTEX_POINT('',#7299);
#2136=VERTEX_POINT('',#7306);
#2137=VERTEX_POINT('',#7308);
#2138=VERTEX_POINT('',#7312);
#2139=VERTEX_POINT('',#7314);
#2140=VERTEX_POINT('',#7316);
#2141=VERTEX_POINT('',#7318);
#2142=VERTEX_POINT('',#7324);
#2143=VERTEX_POINT('',#7325);
#2144=VERTEX_POINT('',#7330);
#2145=VERTEX_POINT('',#7332);
#2146=VERTEX_POINT('',#7342);
#2147=VERTEX_POINT('',#7343);
#2148=VERTEX_POINT('',#7345);
#2149=VERTEX_POINT('',#7347);
#2150=VERTEX_POINT('',#7351);
#2151=VERTEX_POINT('',#7352);
#2152=VERTEX_POINT('',#7354);
#2153=VERTEX_POINT('',#7356);
#2154=VERTEX_POINT('',#7360);
#2155=VERTEX_POINT('',#7362);
#2156=VERTEX_POINT('',#7366);
#2157=VERTEX_POINT('',#7367);
#2158=VERTEX_POINT('',#7369);
#2159=VERTEX_POINT('',#7371);
#2160=VERTEX_POINT('',#7381);
#2161=VERTEX_POINT('',#7383);
#2162=VERTEX_POINT('',#7385);
#2163=VERTEX_POINT('',#7387);
#2164=VERTEX_POINT('',#7389);
#2165=VERTEX_POINT('',#7392);
#2166=VERTEX_POINT('',#7394);
#2167=VERTEX_POINT('',#7396);
#2168=VERTEX_POINT('',#7398);
#2169=VERTEX_POINT('',#7400);
#2170=VERTEX_POINT('',#7404);
#2171=VERTEX_POINT('',#7408);
#2172=VERTEX_POINT('',#7409);
#2173=VERTEX_POINT('',#7411);
#2174=VERTEX_POINT('',#7413);
#2175=VERTEX_POINT('',#7415);
#2176=VERTEX_POINT('',#7417);
#2177=VERTEX_POINT('',#7419);
#2178=VERTEX_POINT('',#7423);
#2179=VERTEX_POINT('',#7424);
#2180=VERTEX_POINT('',#7426);
#2181=VERTEX_POINT('',#7428);
#2182=VERTEX_POINT('',#7432);
#2183=VERTEX_POINT('',#7434);
#2184=VERTEX_POINT('',#7436);
#2185=VERTEX_POINT('',#7438);
#2186=VERTEX_POINT('',#7440);
#2187=VERTEX_POINT('',#7442);
#2188=VERTEX_POINT('',#7444);
#2189=VERTEX_POINT('',#7446);
#2190=VERTEX_POINT('',#7448);
#2191=VERTEX_POINT('',#7450);
#2192=VERTEX_POINT('',#7452);
#2193=VERTEX_POINT('',#7454);
#2194=VERTEX_POINT('',#7456);
#2195=VERTEX_POINT('',#7458);
#2196=VERTEX_POINT('',#7460);
#2197=VERTEX_POINT('',#7462);
#2198=VERTEX_POINT('',#7464);
#2199=VERTEX_POINT('',#7468);
#2200=VERTEX_POINT('',#7470);
#2201=VERTEX_POINT('',#7474);
#2202=VERTEX_POINT('',#7478);
#2203=VERTEX_POINT('',#7480);
#2204=VERTEX_POINT('',#7482);
#2205=VERTEX_POINT('',#7485);
#2206=VERTEX_POINT('',#7487);
#2207=VERTEX_POINT('',#7489);
#2208=VERTEX_POINT('',#7491);
#2209=VERTEX_POINT('',#7493);
#2210=VERTEX_POINT('',#7495);
#2211=VERTEX_POINT('',#7497);
#2212=VERTEX_POINT('',#7501);
#2213=VERTEX_POINT('',#7503);
#2214=VERTEX_POINT('',#7507);
#2215=VERTEX_POINT('',#7509);
#2216=VERTEX_POINT('',#7511);
#2217=VERTEX_POINT('',#7514);
#2218=VERTEX_POINT('',#7516);
#2219=VERTEX_POINT('',#7518);
#2220=VERTEX_POINT('',#7520);
#2221=VERTEX_POINT('',#7522);
#2222=VERTEX_POINT('',#7524);
#2223=VERTEX_POINT('',#7526);
#2224=VERTEX_POINT('',#7530);
#2225=VERTEX_POINT('',#7532);
#2226=VERTEX_POINT('',#7534);
#2227=VERTEX_POINT('',#7536);
#2228=VERTEX_POINT('',#7538);
#2229=VERTEX_POINT('',#7540);
#2230=VERTEX_POINT('',#7543);
#2231=VERTEX_POINT('',#7545);
#2232=VERTEX_POINT('',#7547);
#2233=VERTEX_POINT('',#7551);
#2234=VERTEX_POINT('',#7553);
#2235=VERTEX_POINT('',#7555);
#2236=VERTEX_POINT('',#7557);
#2237=VERTEX_POINT('',#7559);
#2238=VERTEX_POINT('',#7562);
#2239=VERTEX_POINT('',#7564);
#2240=VERTEX_POINT('',#7567);
#2241=VERTEX_POINT('',#7569);
#2242=VERTEX_POINT('',#7571);
#2243=VERTEX_POINT('',#7573);
#2244=VERTEX_POINT('',#7578);
#2245=VERTEX_POINT('',#7579);
#2246=VERTEX_POINT('',#7586);
#2247=VERTEX_POINT('',#7587);
#2248=VERTEX_POINT('',#7594);
#2249=VERTEX_POINT('',#7595);
#2250=VERTEX_POINT('',#7597);
#2251=VERTEX_POINT('',#7599);
#2252=VERTEX_POINT('',#7613);
#2253=VERTEX_POINT('',#7617);
#2254=VERTEX_POINT('',#7619);
#2255=VERTEX_POINT('',#7623);
#2256=VERTEX_POINT('',#7627);
#2257=VERTEX_POINT('',#7628);
#2258=VERTEX_POINT('',#7633);
#2259=VERTEX_POINT('',#7637);
#2260=VERTEX_POINT('',#7638);
#2261=VERTEX_POINT('',#7643);
#2262=VERTEX_POINT('',#7644);
#2263=VERTEX_POINT('',#7646);
#2264=VERTEX_POINT('',#7648);
#2265=VERTEX_POINT('',#7652);
#2266=VERTEX_POINT('',#7654);
#2267=VERTEX_POINT('',#7660);
#2268=VERTEX_POINT('',#7661);
#2269=VERTEX_POINT('',#7663);
#2270=VERTEX_POINT('',#7665);
#2271=VERTEX_POINT('',#7669);
#2272=VERTEX_POINT('',#7670);
#2273=VERTEX_POINT('',#7672);
#2274=VERTEX_POINT('',#7674);
#2275=VERTEX_POINT('',#7678);
#2276=VERTEX_POINT('',#7680);
#2277=VERTEX_POINT('',#7696);
#2278=VERTEX_POINT('',#7698);
#2279=VERTEX_POINT('',#7706);
#2280=VERTEX_POINT('',#7708);
#2281=VERTEX_POINT('',#7729);
#2282=VERTEX_POINT('',#7755);
#2283=VERTEX_POINT('',#7756);
#2284=VERTEX_POINT('',#7758);
#2285=VERTEX_POINT('',#7760);
#2286=VERTEX_POINT('',#7762);
#2287=VERTEX_POINT('',#7764);
#2288=VERTEX_POINT('',#7768);
#2289=VERTEX_POINT('',#7770);
#2290=VERTEX_POINT('',#7772);
#2291=VERTEX_POINT('',#7774);
#2292=VERTEX_POINT('',#7776);
#2293=VERTEX_POINT('',#7778);
#2294=VERTEX_POINT('',#7780);
#2295=VERTEX_POINT('',#7782);
#2296=VERTEX_POINT('',#7784);
#2297=VERTEX_POINT('',#7786);
#2298=VERTEX_POINT('',#7788);
#2299=VERTEX_POINT('',#7790);
#2300=VERTEX_POINT('',#7792);
#2301=VERTEX_POINT('',#7794);
#2302=VERTEX_POINT('',#7798);
#2303=VERTEX_POINT('',#7802);
#2304=VERTEX_POINT('',#7806);
#2305=VERTEX_POINT('',#7808);
#2306=VERTEX_POINT('',#7810);
#2307=VERTEX_POINT('',#7812);
#2308=VERTEX_POINT('',#7814);
#2309=VERTEX_POINT('',#7818);
#2310=VERTEX_POINT('',#7820);
#2311=VERTEX_POINT('',#7823);
#2312=VERTEX_POINT('',#7828);
#2313=VERTEX_POINT('',#7830);
#2314=VERTEX_POINT('',#7833);
#2315=VERTEX_POINT('',#7835);
#2316=VERTEX_POINT('',#7838);
#2317=VERTEX_POINT('',#7840);
#2318=VERTEX_POINT('',#7845);
#2319=VERTEX_POINT('',#7847);
#2320=VERTEX_POINT('',#7849);
#2321=VERTEX_POINT('',#7853);
#2322=VERTEX_POINT('',#7857);
#2323=VERTEX_POINT('',#7859);
#2324=VERTEX_POINT('',#7863);
#2325=VERTEX_POINT('',#7865);
#2326=VERTEX_POINT('',#7867);
#2327=VERTEX_POINT('',#7871);
#2328=VERTEX_POINT('',#7875);
#2329=VERTEX_POINT('',#7877);
#2330=VERTEX_POINT('',#7881);
#2331=VERTEX_POINT('',#7883);
#2332=VERTEX_POINT('',#7885);
#2333=VERTEX_POINT('',#7889);
#2334=VERTEX_POINT('',#7893);
#2335=VERTEX_POINT('',#7895);
#2336=VERTEX_POINT('',#7899);
#2337=VERTEX_POINT('',#7901);
#2338=VERTEX_POINT('',#7903);
#2339=VERTEX_POINT('',#7907);
#2340=VERTEX_POINT('',#7910);
#2341=VERTEX_POINT('',#7913);
#2342=VERTEX_POINT('',#7915);
#2343=VERTEX_POINT('',#7921);
#2344=VERTEX_POINT('',#7923);
#2345=VERTEX_POINT('',#7925);
#2346=VERTEX_POINT('',#7927);
#2347=VERTEX_POINT('',#7929);
#2348=VERTEX_POINT('',#7933);
#2349=VERTEX_POINT('',#7935);
#2350=VERTEX_POINT('',#7937);
#2351=VERTEX_POINT('',#7939);
#2352=VERTEX_POINT('',#7941);
#2353=VERTEX_POINT('',#7945);
#2354=VERTEX_POINT('',#7947);
#2355=VERTEX_POINT('',#7949);
#2356=VERTEX_POINT('',#7951);
#2357=VERTEX_POINT('',#7953);
#2358=VERTEX_POINT('',#7957);
#2359=VERTEX_POINT('',#7959);
#2360=VERTEX_POINT('',#7961);
#2361=VERTEX_POINT('',#7963);
#2362=VERTEX_POINT('',#7965);
#2363=VERTEX_POINT('',#7973);
#2364=VERTEX_POINT('',#7975);
#2365=VERTEX_POINT('',#7977);
#2366=VERTEX_POINT('',#7979);
#2367=VERTEX_POINT('',#7981);
#2368=VERTEX_POINT('',#7989);
#2369=VERTEX_POINT('',#7991);
#2370=VERTEX_POINT('',#7993);
#2371=VERTEX_POINT('',#7995);
#2372=VERTEX_POINT('',#7997);
#2373=VERTEX_POINT('',#8006);
#2374=EDGE_CURVE('',#1910,#1911,#778,.T.);
#2375=EDGE_CURVE('',#1911,#1912,#779,.T.);
#2376=EDGE_CURVE('',#1912,#1913,#780,.T.);
#2377=EDGE_CURVE('',#1913,#1910,#781,.T.);
#2378=EDGE_CURVE('',#1911,#1914,#782,.T.);
#2379=EDGE_CURVE('',#1914,#1915,#154,.T.);
#2380=EDGE_CURVE('',#1916,#1915,#783,.T.);
#2381=EDGE_CURVE('',#1916,#1912,#784,.T.);
#2382=EDGE_CURVE('',#1917,#1910,#785,.T.);
#2383=EDGE_CURVE('',#1917,#1914,#786,.T.);
#2384=EDGE_CURVE('',#1918,#1916,#787,.T.);
#2385=EDGE_CURVE('',#1918,#1913,#788,.T.);
#2386=EDGE_CURVE('',#1918,#1919,#789,.T.);
#2387=EDGE_CURVE('',#1919,#1917,#155,.T.);
#2388=EDGE_CURVE('',#1915,#1919,#790,.T.);
#2389=EDGE_CURVE('',#1920,#1921,#791,.T.);
#2390=EDGE_CURVE('',#1920,#1922,#792,.T.);
#2391=EDGE_CURVE('',#1923,#1922,#793,.T.);
#2392=EDGE_CURVE('',#1921,#1923,#794,.T.);
#2393=EDGE_CURVE('',#1924,#1923,#795,.T.);
#2394=EDGE_CURVE('',#1925,#1924,#796,.T.);
#2395=EDGE_CURVE('',#1925,#1921,#797,.T.);
#2396=EDGE_CURVE('',#1926,#1922,#798,.T.);
#2397=EDGE_CURVE('',#1927,#1926,#799,.T.);
#2398=EDGE_CURVE('',#1928,#1927,#800,.T.);
#2399=EDGE_CURVE('',#1928,#1929,#801,.T.);
#2400=EDGE_CURVE('',#1930,#1929,#802,.T.);
#2401=EDGE_CURVE('',#1924,#1930,#803,.T.);
#2402=EDGE_CURVE('',#1929,#1931,#156,.T.);
#2403=EDGE_CURVE('',#1932,#1931,#804,.T.);
#2404=EDGE_CURVE('',#1930,#1932,#157,.T.);
#2405=EDGE_CURVE('',#1931,#1933,#805,.T.);
#2406=EDGE_CURVE('',#1934,#1933,#806,.T.);
#2407=EDGE_CURVE('',#1932,#1934,#807,.T.);
#2408=EDGE_CURVE('',#1933,#1935,#808,.T.);
#2409=EDGE_CURVE('',#1936,#1935,#809,.T.);
#2410=EDGE_CURVE('',#1934,#1936,#810,.T.);
#2411=EDGE_CURVE('',#1935,#1937,#811,.T.);
#2412=EDGE_CURVE('',#1938,#1937,#812,.T.);
#2413=EDGE_CURVE('',#1936,#1938,#813,.T.);
#2414=EDGE_CURVE('',#1937,#1939,#158,.T.);
#2415=EDGE_CURVE('',#1940,#1939,#814,.T.);
#2416=EDGE_CURVE('',#1938,#1940,#159,.T.);
#2417=EDGE_CURVE('',#1941,#1942,#815,.T.);
#2418=EDGE_CURVE('',#1942,#1920,#816,.T.);
#2419=EDGE_CURVE('',#1940,#1925,#817,.T.);
#2420=EDGE_CURVE('',#1939,#1943,#818,.T.);
#2421=EDGE_CURVE('',#1943,#1941,#819,.T.);
#2422=EDGE_CURVE('',#1943,#1928,#820,.T.);
#2423=EDGE_CURVE('',#1942,#1926,#821,.T.);
#2424=EDGE_CURVE('',#1941,#1927,#822,.T.);
#2425=EDGE_CURVE('',#1944,#1945,#823,.T.);
#2426=EDGE_CURVE('',#1945,#1946,#824,.T.);
#2427=EDGE_CURVE('',#1946,#1947,#825,.T.);
#2428=EDGE_CURVE('',#1947,#1948,#160,.T.);
#2429=EDGE_CURVE('',#1948,#1949,#826,.T.);
#2430=EDGE_CURVE('',#1949,#1950,#827,.T.);
#2431=EDGE_CURVE('',#1950,#1951,#828,.T.);
#2432=EDGE_CURVE('',#1951,#1944,#161,.T.);
#2433=EDGE_CURVE('',#1952,#1953,#829,.T.);
#2434=EDGE_CURVE('',#1954,#1952,#830,.T.);
#2435=EDGE_CURVE('',#1954,#1955,#831,.T.);
#2436=EDGE_CURVE('',#1955,#1953,#832,.T.);
#2437=EDGE_CURVE('',#1956,#1946,#833,.T.);
#2438=EDGE_CURVE('',#1957,#1956,#834,.T.);
#2439=EDGE_CURVE('',#1958,#1957,#835,.T.);
#2440=EDGE_CURVE('',#1953,#1958,#836,.T.);
#2441=EDGE_CURVE('',#1955,#1959,#837,.T.);
#2442=EDGE_CURVE('',#1959,#1947,#838,.T.);
#2443=EDGE_CURVE('',#1959,#1960,#162,.T.);
#2444=EDGE_CURVE('',#1960,#1948,#839,.T.);
#2445=EDGE_CURVE('',#1960,#1961,#840,.T.);
#2446=EDGE_CURVE('',#1961,#1949,#841,.T.);
#2447=EDGE_CURVE('',#1961,#1962,#842,.T.);
#2448=EDGE_CURVE('',#1962,#1950,#843,.T.);
#2449=EDGE_CURVE('',#1962,#1963,#844,.T.);
#2450=EDGE_CURVE('',#1963,#1951,#845,.T.);
#2451=EDGE_CURVE('',#1963,#1964,#163,.T.);
#2452=EDGE_CURVE('',#1964,#1944,#846,.T.);
#2453=EDGE_CURVE('',#1965,#1966,#847,.T.);
#2454=EDGE_CURVE('',#1966,#1945,#848,.T.);
#2455=EDGE_CURVE('',#1964,#1954,#849,.T.);
#2456=EDGE_CURVE('',#1967,#1952,#850,.T.);
#2457=EDGE_CURVE('',#1967,#1965,#851,.T.);
#2458=EDGE_CURVE('',#1967,#1958,#852,.T.);
#2459=EDGE_CURVE('',#1966,#1956,#853,.T.);
#2460=EDGE_CURVE('',#1965,#1957,#854,.T.);
#2461=EDGE_CURVE('',#1968,#1969,#855,.T.);
#2462=EDGE_CURVE('',#1969,#1970,#856,.T.);
#2463=EDGE_CURVE('',#1970,#1971,#857,.T.);
#2464=EDGE_CURVE('',#1971,#1968,#858,.T.);
#2465=EDGE_CURVE('',#1972,#1969,#859,.T.);
#2466=EDGE_CURVE('',#1972,#1973,#860,.T.);
#2467=EDGE_CURVE('',#1973,#1970,#861,.T.);
#2468=EDGE_CURVE('',#1974,#1968,#862,.T.);
#2469=EDGE_CURVE('',#1975,#1974,#164,.T.);
#2470=EDGE_CURVE('',#1972,#1975,#863,.T.);
#2471=EDGE_CURVE('',#1976,#1977,#165,.T.);
#2472=EDGE_CURVE('',#1977,#1975,#864,.T.);
#2473=EDGE_CURVE('',#1974,#1976,#865,.T.);
#2474=EDGE_CURVE('',#1973,#1977,#866,.T.);
#2475=EDGE_CURVE('',#1971,#1976,#867,.T.);
#2476=EDGE_CURVE('',#1978,#1979,#21,.T.);
#2477=EDGE_CURVE('',#1978,#1980,#868,.T.);
#2478=EDGE_CURVE('',#1980,#1981,#166,.T.);
#2479=EDGE_CURVE('',#1979,#1981,#869,.T.);
#2480=EDGE_CURVE('',#1979,#1982,#870,.T.);
#2481=EDGE_CURVE('',#1981,#1983,#871,.T.);
#2482=EDGE_CURVE('',#1982,#1983,#872,.T.);
#2483=EDGE_CURVE('',#1984,#1985,#167,.T.);
#2484=EDGE_CURVE('',#1986,#1984,#873,.T.);
#2485=EDGE_CURVE('',#1987,#1986,#168,.T.);
#2486=EDGE_CURVE('',#1985,#1987,#874,.T.);
#2487=EDGE_CURVE('',#1982,#1988,#875,.T.);
#2488=EDGE_CURVE('',#1987,#1983,#876,.T.);
#2489=EDGE_CURVE('',#1988,#1986,#877,.T.);
#2490=EDGE_CURVE('',#1989,#1980,#878,.T.);
#2491=EDGE_CURVE('',#1989,#1990,#879,.T.);
#2492=EDGE_CURVE('',#1985,#1990,#880,.T.);
#2493=EDGE_CURVE('',#1988,#1991,#881,.T.);
#2494=EDGE_CURVE('',#1991,#1984,#882,.T.);
#2495=EDGE_CURVE('',#1991,#1992,#883,.T.);
#2496=EDGE_CURVE('',#1990,#1992,#884,.T.);
#2497=EDGE_CURVE('',#1992,#1993,#885,.T.);
#2498=EDGE_CURVE('',#1989,#1993,#886,.T.);
#2499=EDGE_CURVE('',#1993,#1978,#887,.T.);
#2500=EDGE_CURVE('',#1994,#1995,#888,.T.);
#2501=EDGE_CURVE('',#1994,#1996,#889,.T.);
#2502=EDGE_CURVE('',#1997,#1996,#890,.T.);
#2503=EDGE_CURVE('',#1995,#1997,#891,.T.);
#2504=EDGE_CURVE('',#1998,#1999,#892,.T.);
#2505=EDGE_CURVE('',#2000,#1998,#169,.T.);
#2506=EDGE_CURVE('',#2001,#2000,#893,.T.);
#2507=EDGE_CURVE('',#2002,#2001,#894,.T.);
#2508=EDGE_CURVE('',#2003,#2002,#895,.T.);
#2509=EDGE_CURVE('',#2003,#2004,#896,.T.);
#2510=EDGE_CURVE('',#1999,#2004,#897,.T.);
#2511=EDGE_CURVE('',#1995,#2005,#898,.T.);
#2512=EDGE_CURVE('',#2002,#1997,#170,.T.);
#2513=EDGE_CURVE('',#2005,#2001,#899,.T.);
#2514=EDGE_CURVE('',#2006,#1994,#900,.T.);
#2515=EDGE_CURVE('',#2004,#2006,#901,.T.);
#2516=EDGE_CURVE('',#1996,#2003,#171,.T.);
#2517=EDGE_CURVE('',#2005,#2007,#902,.T.);
#2518=EDGE_CURVE('',#2007,#2000,#903,.T.);
#2519=EDGE_CURVE('',#2007,#2008,#22,.T.);
#2520=EDGE_CURVE('',#2008,#1998,#904,.T.);
#2521=EDGE_CURVE('',#2008,#2009,#905,.T.);
#2522=EDGE_CURVE('',#2009,#1999,#906,.T.);
#2523=EDGE_CURVE('',#2009,#2006,#907,.T.);
#2524=EDGE_CURVE('',#2010,#2011,#908,.T.);
#2525=EDGE_CURVE('',#2010,#2012,#172,.T.);
#2526=EDGE_CURVE('',#2012,#2013,#909,.T.);
#2527=EDGE_CURVE('',#2013,#2011,#173,.T.);
#2528=EDGE_CURVE('',#2014,#2015,#910,.T.);
#2529=EDGE_CURVE('',#2016,#2014,#911,.T.);
#2530=EDGE_CURVE('',#2017,#2016,#912,.T.);
#2531=EDGE_CURVE('',#2018,#2017,#913,.T.);
#2532=EDGE_CURVE('',#2019,#2018,#914,.T.);
#2533=EDGE_CURVE('',#2020,#2019,#915,.T.);
#2534=EDGE_CURVE('',#2015,#2020,#23,.T.);
#2535=EDGE_CURVE('',#2021,#2022,#916,.T.);
#2536=EDGE_CURVE('',#2023,#2021,#917,.T.);
#2537=EDGE_CURVE('',#2024,#2023,#918,.T.);
#2538=EDGE_CURVE('',#2022,#2024,#919,.T.);
#2539=EDGE_CURVE('',#2025,#2026,#920,.T.);
#2540=EDGE_CURVE('',#2027,#2025,#921,.T.);
#2541=EDGE_CURVE('',#2028,#2027,#922,.T.);
#2542=EDGE_CURVE('',#2026,#2028,#923,.T.);
#2543=EDGE_CURVE('',#2029,#2017,#924,.T.);
#2544=EDGE_CURVE('',#2030,#2029,#174,.T.);
#2545=EDGE_CURVE('',#2030,#2031,#925,.T.);
#2546=EDGE_CURVE('',#2032,#2031,#175,.T.);
#2547=EDGE_CURVE('',#2032,#2033,#926,.T.);
#2548=EDGE_CURVE('',#2033,#2034,#927,.T.);
#2549=EDGE_CURVE('',#2034,#2035,#928,.T.);
#2550=EDGE_CURVE('',#2036,#2035,#176,.T.);
#2551=EDGE_CURVE('',#2036,#2037,#929,.T.);
#2552=EDGE_CURVE('',#2037,#2038,#177,.T.);
#2553=EDGE_CURVE('',#2039,#2038,#930,.T.);
#2554=EDGE_CURVE('',#2040,#2039,#178,.T.);
#2555=EDGE_CURVE('',#2041,#2040,#931,.T.);
#2556=EDGE_CURVE('',#2018,#2041,#932,.T.);
#2557=EDGE_CURVE('',#2042,#2016,#933,.T.);
#2558=EDGE_CURVE('',#2029,#2042,#934,.T.);
#2559=EDGE_CURVE('',#2043,#2014,#935,.T.);
#2560=EDGE_CURVE('',#2044,#2043,#936,.T.);
#2561=EDGE_CURVE('',#2045,#2044,#179,.T.);
#2562=EDGE_CURVE('',#2045,#2046,#937,.T.);
#2563=EDGE_CURVE('',#2046,#2047,#180,.T.);
#2564=EDGE_CURVE('',#2047,#2048,#938,.T.);
#2565=EDGE_CURVE('',#2049,#2048,#181,.T.);
#2566=EDGE_CURVE('',#2050,#2049,#939,.T.);
#2567=EDGE_CURVE('',#2051,#2050,#940,.T.);
#2568=EDGE_CURVE('',#2051,#2052,#941,.T.);
#2569=EDGE_CURVE('',#2053,#2052,#182,.T.);
#2570=EDGE_CURVE('',#2053,#2054,#942,.T.);
#2571=EDGE_CURVE('',#2042,#2054,#183,.T.);
#2572=EDGE_CURVE('',#2055,#2027,#943,.T.);
#2573=EDGE_CURVE('',#2056,#2055,#944,.T.);
#2574=EDGE_CURVE('',#2056,#2028,#945,.T.);
#2575=EDGE_CURVE('',#2057,#2023,#946,.T.);
#2576=EDGE_CURVE('',#2058,#2057,#184,.T.);
#2577=EDGE_CURVE('',#2058,#2059,#947,.T.);
#2578=EDGE_CURVE('',#2060,#2059,#185,.T.);
#2579=EDGE_CURVE('',#2060,#2061,#948,.T.);
#2580=EDGE_CURVE('',#2061,#2062,#949,.T.);
#2581=EDGE_CURVE('',#2062,#2063,#950,.T.);
#2582=EDGE_CURVE('',#2064,#2063,#186,.T.);
#2583=EDGE_CURVE('',#2064,#2065,#951,.T.);
#2584=EDGE_CURVE('',#2065,#2066,#187,.T.);
#2585=EDGE_CURVE('',#2067,#2066,#952,.T.);
#2586=EDGE_CURVE('',#2068,#2067,#188,.T.);
#2587=EDGE_CURVE('',#2069,#2068,#953,.T.);
#2588=EDGE_CURVE('',#2024,#2069,#954,.T.);
#2589=EDGE_CURVE('',#2021,#2070,#955,.T.);
#2590=EDGE_CURVE('',#2057,#2070,#956,.T.);
#2591=EDGE_CURVE('',#2071,#2015,#957,.T.);
#2592=EDGE_CURVE('',#2043,#2071,#958,.T.);
#2593=EDGE_CURVE('',#2072,#2020,#959,.T.);
#2594=EDGE_CURVE('',#2071,#2072,#189,.T.);
#2595=EDGE_CURVE('',#2073,#2019,#960,.T.);
#2596=EDGE_CURVE('',#2072,#2073,#961,.T.);
#2597=EDGE_CURVE('',#2074,#2065,#962,.T.);
#2598=EDGE_CURVE('',#2075,#2074,#190,.T.);
#2599=EDGE_CURVE('',#2066,#2075,#963,.T.);
#2600=EDGE_CURVE('',#2047,#2037,#964,.T.);
#2601=EDGE_CURVE('',#2038,#2046,#965,.T.);
#2602=EDGE_CURVE('',#2076,#2077,#191,.T.);
#2603=EDGE_CURVE('',#2078,#2076,#966,.T.);
#2604=EDGE_CURVE('',#2079,#2078,#192,.T.);
#2605=EDGE_CURVE('',#2077,#2079,#967,.T.);
#2606=EDGE_CURVE('',#2080,#2081,#193,.T.);
#2607=EDGE_CURVE('',#2082,#2080,#968,.T.);
#2608=EDGE_CURVE('',#2083,#2082,#194,.T.);
#2609=EDGE_CURVE('',#2081,#2083,#969,.T.);
#2610=EDGE_CURVE('',#2084,#2085,#195,.T.);
#2611=EDGE_CURVE('',#2086,#2084,#970,.T.);
#2612=EDGE_CURVE('',#2087,#2086,#196,.T.);
#2613=EDGE_CURVE('',#2085,#2087,#971,.T.);
#2614=EDGE_CURVE('',#2062,#2088,#197,.T.);
#2615=EDGE_CURVE('',#2061,#2089,#198,.T.);
#2616=EDGE_CURVE('',#2089,#2088,#972,.T.);
#2617=EDGE_CURVE('',#2034,#2090,#199,.T.);
#2618=EDGE_CURVE('',#2033,#2091,#200,.T.);
#2619=EDGE_CURVE('',#2091,#2090,#973,.T.);
#2620=EDGE_CURVE('',#2092,#2050,#201,.T.);
#2621=EDGE_CURVE('',#2093,#2092,#974,.T.);
#2622=EDGE_CURVE('',#2093,#2051,#202,.T.);
#2623=EDGE_CURVE('',#2094,#2095,#203,.T.);
#2624=EDGE_CURVE('',#2096,#2094,#975,.T.);
#2625=EDGE_CURVE('',#2096,#2097,#204,.T.);
#2626=EDGE_CURVE('',#2097,#2095,#976,.T.);
#2627=EDGE_CURVE('',#2012,#2078,#977,.T.);
#2628=EDGE_CURVE('',#2013,#2076,#978,.T.);
#2629=EDGE_CURVE('',#2067,#2098,#979,.T.);
#2630=EDGE_CURVE('',#2098,#2099,#205,.T.);
#2631=EDGE_CURVE('',#2099,#2068,#980,.T.);
#2632=EDGE_CURVE('',#2039,#2045,#981,.T.);
#2633=EDGE_CURVE('',#2044,#2040,#982,.T.);
#2634=EDGE_CURVE('',#2070,#2100,#206,.T.);
#2635=EDGE_CURVE('',#2100,#2058,#983,.T.);
#2636=EDGE_CURVE('',#2054,#2030,#984,.T.);
#2637=EDGE_CURVE('',#2101,#2056,#207,.T.);
#2638=EDGE_CURVE('',#2055,#2102,#208,.T.);
#2639=EDGE_CURVE('',#2102,#2101,#985,.T.);
#2640=EDGE_CURVE('',#2073,#2041,#986,.T.);
#2641=EDGE_CURVE('',#2075,#2098,#987,.T.);
#2642=EDGE_CURVE('',#2103,#2104,#209,.T.);
#2643=EDGE_CURVE('',#2104,#2105,#988,.T.);
#2644=EDGE_CURVE('',#2105,#2106,#210,.T.);
#2645=EDGE_CURVE('',#2106,#2103,#989,.T.);
#2646=EDGE_CURVE('',#2063,#2107,#990,.T.);
#2647=EDGE_CURVE('',#2107,#2108,#211,.T.);
#2648=EDGE_CURVE('',#2108,#2064,#991,.T.);
#2649=EDGE_CURVE('',#2035,#2049,#992,.T.);
#2650=EDGE_CURVE('',#2048,#2036,#993,.T.);
#2651=EDGE_CURVE('',#2109,#2110,#212,.T.);
#2652=EDGE_CURVE('',#2110,#2111,#994,.T.);
#2653=EDGE_CURVE('',#2111,#2112,#213,.T.);
#2654=EDGE_CURVE('',#2112,#2109,#995,.T.);
#2655=EDGE_CURVE('',#2113,#2114,#214,.T.);
#2656=EDGE_CURVE('',#2114,#2115,#996,.T.);
#2657=EDGE_CURVE('',#2115,#2116,#215,.T.);
#2658=EDGE_CURVE('',#2116,#2113,#997,.T.);
#2659=EDGE_CURVE('',#2117,#2083,#998,.T.);
#2660=EDGE_CURVE('',#2082,#2118,#999,.T.);
#2661=EDGE_CURVE('',#2118,#2106,#1000,.T.);
#2662=EDGE_CURVE('',#2088,#2105,#1001,.T.);
#2663=EDGE_CURVE('',#2089,#2119,#1002,.T.);
#2664=EDGE_CURVE('',#2117,#2119,#216,.T.);
#2665=EDGE_CURVE('',#2022,#2120,#1003,.T.);
#2666=EDGE_CURVE('',#2099,#2120,#1004,.T.);
#2667=EDGE_CURVE('',#2074,#2108,#1005,.T.);
#2668=EDGE_CURVE('',#2090,#2107,#1006,.T.);
#2669=EDGE_CURVE('',#2091,#2121,#1007,.T.);
#2670=EDGE_CURVE('',#2122,#2121,#217,.T.);
#2671=EDGE_CURVE('',#2122,#2100,#1008,.T.);
#2672=EDGE_CURVE('',#2084,#2123,#1009,.T.);
#2673=EDGE_CURVE('',#2085,#2124,#1010,.T.);
#2674=EDGE_CURVE('',#2125,#2124,#218,.T.);
#2675=EDGE_CURVE('',#2125,#2093,#1011,.T.);
#2676=EDGE_CURVE('',#2092,#2110,#1012,.T.);
#2677=EDGE_CURVE('',#2109,#2123,#1013,.T.);
#2678=EDGE_CURVE('',#2126,#2087,#1014,.T.);
#2679=EDGE_CURVE('',#2086,#2127,#1015,.T.);
#2680=EDGE_CURVE('',#2127,#2112,#1016,.T.);
#2681=EDGE_CURVE('',#2095,#2111,#1017,.T.);
#2682=EDGE_CURVE('',#2097,#2128,#1018,.T.);
#2683=EDGE_CURVE('',#2126,#2128,#219,.T.);
#2684=EDGE_CURVE('',#2129,#2118,#1019,.T.);
#2685=EDGE_CURVE('',#2129,#2103,#1020,.T.);
#2686=EDGE_CURVE('',#2080,#2129,#1021,.T.);
#2687=EDGE_CURVE('',#2123,#2127,#1022,.T.);
#2688=EDGE_CURVE('',#2120,#2069,#1023,.T.);
#2689=EDGE_CURVE('',#2077,#2116,#1024,.T.);
#2690=EDGE_CURVE('',#2113,#2079,#1025,.T.);
#2691=EDGE_CURVE('',#2130,#2131,#1026,.T.);
#2692=EDGE_CURVE('',#2131,#2132,#220,.T.);
#2693=EDGE_CURVE('',#2132,#2133,#1027,.T.);
#2694=EDGE_CURVE('',#2133,#2130,#221,.T.);
#2695=EDGE_CURVE('',#2101,#2132,#1028,.T.);
#2696=EDGE_CURVE('',#2133,#2102,#1029,.T.);
#2697=EDGE_CURVE('',#2128,#2125,#1030,.T.);
#2698=EDGE_CURVE('',#2124,#2126,#1031,.T.);
#2699=EDGE_CURVE('',#2052,#2032,#1032,.T.);
#2700=EDGE_CURVE('',#2031,#2053,#1033,.T.);
#2701=EDGE_CURVE('',#2121,#2060,#1034,.T.);
#2702=EDGE_CURVE('',#2059,#2122,#1035,.T.);
#2703=EDGE_CURVE('',#2134,#2117,#1036,.T.);
#2704=EDGE_CURVE('',#2119,#2135,#1037,.T.);
#2705=EDGE_CURVE('',#2135,#2134,#222,.T.);
#2706=EDGE_CURVE('',#2134,#2081,#1038,.T.);
#2707=EDGE_CURVE('',#2026,#2136,#1039,.T.);
#2708=EDGE_CURVE('',#2136,#2137,#1040,.T.);
#2709=EDGE_CURVE('',#2137,#2025,#1041,.T.);
#2710=EDGE_CURVE('',#2138,#2010,#1042,.T.);
#2711=EDGE_CURVE('',#2139,#2138,#1043,.T.);
#2712=EDGE_CURVE('',#2140,#2139,#1044,.T.);
#2713=EDGE_CURVE('',#2141,#2140,#223,.T.);
#2714=EDGE_CURVE('',#2136,#2141,#1045,.T.);
#2715=EDGE_CURVE('',#2131,#2096,#1046,.T.);
#2716=EDGE_CURVE('',#2094,#2114,#1047,.T.);
#2717=EDGE_CURVE('',#2142,#2143,#224,.T.);
#2718=EDGE_CURVE('',#2143,#2141,#1048,.T.);
#2719=EDGE_CURVE('',#2140,#2142,#1049,.T.);
#2720=EDGE_CURVE('',#2144,#2138,#1050,.T.);
#2721=EDGE_CURVE('',#2144,#2145,#1051,.T.);
#2722=EDGE_CURVE('',#2139,#2145,#1052,.T.);
#2723=EDGE_CURVE('',#2011,#2144,#1053,.T.);
#2724=EDGE_CURVE('',#2145,#2142,#1054,.T.);
#2725=EDGE_CURVE('',#2137,#2143,#1055,.T.);
#2726=EDGE_CURVE('',#2146,#2147,#1056,.T.);
#2727=EDGE_CURVE('',#2146,#2148,#1057,.T.);
#2728=EDGE_CURVE('',#2148,#2149,#1058,.T.);
#2729=EDGE_CURVE('',#2149,#2147,#1059,.T.);
#2730=EDGE_CURVE('',#2150,#2151,#1060,.T.);
#2731=EDGE_CURVE('',#2150,#2152,#1061,.T.);
#2732=EDGE_CURVE('',#2153,#2152,#1062,.T.);
#2733=EDGE_CURVE('',#2153,#2151,#1063,.T.);
#2734=EDGE_CURVE('',#2148,#2154,#1064,.T.);
#2735=EDGE_CURVE('',#2154,#2155,#1065,.T.);
#2736=EDGE_CURVE('',#2149,#2155,#1066,.T.);
#2737=EDGE_CURVE('',#2156,#2157,#1067,.T.);
#2738=EDGE_CURVE('',#2156,#2158,#1068,.T.);
#2739=EDGE_CURVE('',#2159,#2158,#1069,.T.);
#2740=EDGE_CURVE('',#2157,#2159,#1070,.T.);
#2741=EDGE_CURVE('',#2157,#2152,#1071,.T.);
#2742=EDGE_CURVE('',#2153,#2159,#1072,.T.);
#2743=EDGE_CURVE('',#2158,#2154,#225,.T.);
#2744=EDGE_CURVE('',#2155,#2156,#226,.T.);
#2745=EDGE_CURVE('',#2146,#2160,#1073,.T.);
#2746=EDGE_CURVE('',#2161,#2160,#1074,.T.);
#2747=EDGE_CURVE('',#2161,#2162,#227,.T.);
#2748=EDGE_CURVE('',#2163,#2162,#1075,.T.);
#2749=EDGE_CURVE('',#2163,#2164,#228,.T.);
#2750=EDGE_CURVE('',#2130,#2164,#1076,.T.);
#2751=EDGE_CURVE('',#2165,#2115,#1077,.T.);
#2752=EDGE_CURVE('',#2165,#2166,#229,.T.);
#2753=EDGE_CURVE('',#2167,#2166,#1078,.T.);
#2754=EDGE_CURVE('',#2167,#2168,#230,.T.);
#2755=EDGE_CURVE('',#2169,#2168,#1079,.T.);
#2756=EDGE_CURVE('',#2169,#2151,#231,.T.);
#2757=EDGE_CURVE('',#2170,#2147,#1080,.T.);
#2758=EDGE_CURVE('',#2160,#2170,#1081,.T.);
#2759=EDGE_CURVE('',#2171,#2172,#1082,.T.);
#2760=EDGE_CURVE('',#2173,#2171,#1083,.T.);
#2761=EDGE_CURVE('',#2174,#2173,#1084,.T.);
#2762=EDGE_CURVE('',#2175,#2174,#24,.T.);
#2763=EDGE_CURVE('',#2176,#2175,#1085,.T.);
#2764=EDGE_CURVE('',#2177,#2176,#1086,.T.);
#2765=EDGE_CURVE('',#2172,#2177,#1087,.T.);
#2766=EDGE_CURVE('',#2178,#2179,#1088,.T.);
#2767=EDGE_CURVE('',#2180,#2178,#1089,.T.);
#2768=EDGE_CURVE('',#2181,#2180,#1090,.T.);
#2769=EDGE_CURVE('',#2179,#2181,#1091,.T.);
#2770=EDGE_CURVE('',#2164,#2182,#1092,.T.);
#2771=EDGE_CURVE('',#2182,#2183,#1093,.T.);
#2772=EDGE_CURVE('',#2183,#2184,#232,.T.);
#2773=EDGE_CURVE('',#2184,#2185,#1094,.T.);
#2774=EDGE_CURVE('',#2185,#2186,#1095,.T.);
#2775=EDGE_CURVE('',#2186,#2187,#1096,.T.);
#2776=EDGE_CURVE('',#2187,#2188,#233,.T.);
#2777=EDGE_CURVE('',#2188,#2189,#1097,.T.);
#2778=EDGE_CURVE('',#2189,#2190,#1098,.T.);
#2779=EDGE_CURVE('',#2190,#2191,#1099,.T.);
#2780=EDGE_CURVE('',#2191,#2192,#234,.T.);
#2781=EDGE_CURVE('',#2192,#2193,#1100,.T.);
#2782=EDGE_CURVE('',#2193,#2194,#1101,.T.);
#2783=EDGE_CURVE('',#2194,#2195,#1102,.T.);
#2784=EDGE_CURVE('',#2195,#2196,#235,.T.);
#2785=EDGE_CURVE('',#2196,#2197,#1103,.T.);
#2786=EDGE_CURVE('',#2197,#2198,#1104,.T.);
#2787=EDGE_CURVE('',#2135,#2198,#1105,.T.);
#2788=EDGE_CURVE('',#2199,#2174,#1106,.T.);
#2789=EDGE_CURVE('',#2200,#2199,#236,.T.);
#2790=EDGE_CURVE('',#2200,#2175,#1107,.T.);
#2791=EDGE_CURVE('',#2201,#2173,#1108,.T.);
#2792=EDGE_CURVE('',#2199,#2201,#1109,.T.);
#2793=EDGE_CURVE('',#2202,#2171,#1110,.T.);
#2794=EDGE_CURVE('',#2202,#2203,#237,.T.);
#2795=EDGE_CURVE('',#2204,#2203,#1111,.T.);
#2796=EDGE_CURVE('',#2204,#2189,#238,.T.);
#2797=EDGE_CURVE('',#2188,#2205,#1112,.T.);
#2798=EDGE_CURVE('',#2205,#2206,#1113,.T.);
#2799=EDGE_CURVE('',#2206,#2207,#239,.T.);
#2800=EDGE_CURVE('',#2208,#2207,#1114,.T.);
#2801=EDGE_CURVE('',#2208,#2209,#240,.T.);
#2802=EDGE_CURVE('',#2210,#2209,#1115,.T.);
#2803=EDGE_CURVE('',#2210,#2211,#241,.T.);
#2804=EDGE_CURVE('',#2211,#2201,#1116,.T.);
#2805=EDGE_CURVE('',#2180,#2212,#1117,.T.);
#2806=EDGE_CURVE('',#2212,#2213,#1118,.T.);
#2807=EDGE_CURVE('',#2181,#2213,#1119,.T.);
#2808=EDGE_CURVE('',#2178,#2214,#1120,.T.);
#2809=EDGE_CURVE('',#2214,#2215,#242,.T.);
#2810=EDGE_CURVE('',#2216,#2215,#1121,.T.);
#2811=EDGE_CURVE('',#2216,#2193,#243,.T.);
#2812=EDGE_CURVE('',#2192,#2217,#1122,.T.);
#2813=EDGE_CURVE('',#2217,#2218,#1123,.T.);
#2814=EDGE_CURVE('',#2218,#2219,#244,.T.);
#2815=EDGE_CURVE('',#2220,#2219,#1124,.T.);
#2816=EDGE_CURVE('',#2220,#2221,#245,.T.);
#2817=EDGE_CURVE('',#2221,#2222,#1125,.T.);
#2818=EDGE_CURVE('',#2222,#2223,#246,.T.);
#2819=EDGE_CURVE('',#2223,#2212,#1126,.T.);
#2820=EDGE_CURVE('',#2150,#2224,#247,.T.);
#2821=EDGE_CURVE('',#2224,#2225,#1127,.T.);
#2822=EDGE_CURVE('',#2225,#2226,#248,.T.);
#2823=EDGE_CURVE('',#2227,#2226,#1128,.T.);
#2824=EDGE_CURVE('',#2227,#2228,#249,.T.);
#2825=EDGE_CURVE('',#2229,#2228,#1129,.T.);
#2826=EDGE_CURVE('',#2183,#2229,#1130,.T.);
#2827=EDGE_CURVE('',#2182,#2230,#250,.T.);
#2828=EDGE_CURVE('',#2231,#2230,#1131,.T.);
#2829=EDGE_CURVE('',#2231,#2232,#251,.T.);
#2830=EDGE_CURVE('',#2232,#2170,#1132,.T.);
#2831=EDGE_CURVE('',#2233,#2104,#1133,.T.);
#2832=EDGE_CURVE('',#2233,#2234,#1134,.T.);
#2833=EDGE_CURVE('',#2235,#2234,#1135,.T.);
#2834=EDGE_CURVE('',#2236,#2235,#252,.T.);
#2835=EDGE_CURVE('',#2236,#2237,#1136,.T.);
#2836=EDGE_CURVE('',#2237,#2218,#1137,.T.);
#2837=EDGE_CURVE('',#2238,#2217,#253,.T.);
#2838=EDGE_CURVE('',#2238,#2239,#1138,.T.);
#2839=EDGE_CURVE('',#2239,#2206,#1139,.T.);
#2840=EDGE_CURVE('',#2240,#2205,#254,.T.);
#2841=EDGE_CURVE('',#2240,#2241,#1140,.T.);
#2842=EDGE_CURVE('',#2241,#2242,#1141,.T.);
#2843=EDGE_CURVE('',#2243,#2242,#1142,.T.);
#2844=EDGE_CURVE('',#2229,#2243,#255,.T.);
#2845=EDGE_CURVE('',#2228,#2165,#1143,.T.);
#2846=EDGE_CURVE('',#2244,#2245,#1144,.T.);
#2847=EDGE_CURVE('',#2245,#2216,#1145,.T.);
#2848=EDGE_CURVE('',#2215,#2244,#1146,.T.);
#2849=EDGE_CURVE('',#2194,#2245,#256,.T.);
#2850=EDGE_CURVE('',#2246,#2247,#1147,.T.);
#2851=EDGE_CURVE('',#2247,#2204,#1148,.T.);
#2852=EDGE_CURVE('',#2203,#2246,#1149,.T.);
#2853=EDGE_CURVE('',#2190,#2247,#257,.T.);
#2854=EDGE_CURVE('',#2248,#2249,#1150,.T.);
#2855=EDGE_CURVE('',#2249,#2250,#1151,.T.);
#2856=EDGE_CURVE('',#2250,#2251,#1152,.T.);
#2857=EDGE_CURVE('',#2251,#2248,#1153,.T.);
#2858=EDGE_CURVE('',#2186,#2251,#258,.T.);
#2859=EDGE_CURVE('',#2248,#2185,#259,.T.);
#2860=EDGE_CURVE('',#2230,#2163,#1154,.T.);
#2861=EDGE_CURVE('',#2162,#2231,#1155,.T.);
#2862=EDGE_CURVE('',#2226,#2167,#1156,.T.);
#2863=EDGE_CURVE('',#2166,#2227,#1157,.T.);
#2864=EDGE_CURVE('',#2252,#2172,#1158,.T.);
#2865=EDGE_CURVE('',#2252,#2202,#1159,.T.);
#2866=EDGE_CURVE('',#2209,#2253,#1160,.T.);
#2867=EDGE_CURVE('',#2254,#2253,#1161,.T.);
#2868=EDGE_CURVE('',#2254,#2210,#1162,.T.);
#2869=EDGE_CURVE('',#2223,#2255,#1163,.T.);
#2870=EDGE_CURVE('',#2213,#2255,#1164,.T.);
#2871=EDGE_CURVE('',#2256,#2257,#1165,.T.);
#2872=EDGE_CURVE('',#2257,#2220,#1166,.T.);
#2873=EDGE_CURVE('',#2219,#2256,#1167,.T.);
#2874=EDGE_CURVE('',#2258,#2179,#1168,.T.);
#2875=EDGE_CURVE('',#2258,#2214,#1169,.T.);
#2876=EDGE_CURVE('',#2259,#2260,#1170,.T.);
#2877=EDGE_CURVE('',#2260,#2208,#1171,.T.);
#2878=EDGE_CURVE('',#2207,#2259,#1172,.T.);
#2879=EDGE_CURVE('',#2261,#2262,#1173,.T.);
#2880=EDGE_CURVE('',#2261,#2263,#1174,.T.);
#2881=EDGE_CURVE('',#2263,#2264,#1175,.T.);
#2882=EDGE_CURVE('',#2262,#2264,#1176,.T.);
#2883=EDGE_CURVE('',#2264,#2265,#1177,.T.);
#2884=EDGE_CURVE('',#2265,#2266,#1178,.T.);
#2885=EDGE_CURVE('',#2266,#2262,#1179,.T.);
#2886=EDGE_CURVE('',#2232,#2161,#1180,.T.);
#2887=EDGE_CURVE('',#2267,#2268,#1181,.T.);
#2888=EDGE_CURVE('',#2268,#2269,#1182,.T.);
#2889=EDGE_CURVE('',#2270,#2269,#1183,.T.);
#2890=EDGE_CURVE('',#2270,#2267,#1184,.T.);
#2891=EDGE_CURVE('',#2271,#2272,#1185,.T.);
#2892=EDGE_CURVE('',#2271,#2273,#1186,.T.);
#2893=EDGE_CURVE('',#2273,#2274,#1187,.T.);
#2894=EDGE_CURVE('',#2272,#2274,#1188,.T.);
#2895=EDGE_CURVE('',#2274,#2275,#1189,.T.);
#2896=EDGE_CURVE('',#2275,#2276,#1190,.T.);
#2897=EDGE_CURVE('',#2272,#2276,#1191,.T.);
#2898=EDGE_CURVE('',#2198,#2270,#260,.T.);
#2899=EDGE_CURVE('',#2269,#2271,#261,.T.);
#2900=EDGE_CURVE('',#2276,#2233,#262,.T.);
#2901=EDGE_CURVE('',#2263,#2249,#263,.T.);
#2902=EDGE_CURVE('',#2184,#2243,#1192,.T.);
#2903=EDGE_CURVE('',#2242,#2265,#264,.T.);
#2904=EDGE_CURVE('',#2250,#2261,#265,.T.);
#2905=EDGE_CURVE('',#2266,#2241,#266,.T.);
#2906=EDGE_CURVE('',#2187,#2240,#1193,.T.);
#2907=EDGE_CURVE('',#2177,#2277,#1194,.T.);
#2908=EDGE_CURVE('',#2277,#2278,#1195,.T.);
#2909=EDGE_CURVE('',#2278,#2254,#267,.T.);
#2910=EDGE_CURVE('',#2253,#2260,#268,.T.);
#2911=EDGE_CURVE('',#2259,#2239,#269,.T.);
#2912=EDGE_CURVE('',#2191,#2238,#1196,.T.);
#2913=EDGE_CURVE('',#2246,#2252,#270,.T.);
#2914=EDGE_CURVE('',#2255,#2279,#271,.T.);
#2915=EDGE_CURVE('',#2279,#2280,#1197,.T.);
#2916=EDGE_CURVE('',#2280,#2257,#272,.T.);
#2917=EDGE_CURVE('',#2256,#2237,#273,.T.);
#2918=EDGE_CURVE('',#2195,#2236,#1198,.T.);
#2919=EDGE_CURVE('',#2244,#2258,#274,.T.);
#2920=EDGE_CURVE('',#2273,#2268,#275,.T.);
#2921=EDGE_CURVE('',#2267,#2197,#276,.T.);
#2922=EDGE_CURVE('',#2196,#2235,#1199,.T.);
#2923=EDGE_CURVE('',#2234,#2275,#277,.T.);
#2924=EDGE_CURVE('',#2221,#2280,#1200,.T.);
#2925=EDGE_CURVE('',#2279,#2222,#1201,.T.);
#2926=EDGE_CURVE('',#2176,#2281,#1202,.T.);
#2927=EDGE_CURVE('',#2281,#2277,#1203,.T.);
#2928=EDGE_CURVE('',#2211,#2278,#1204,.T.);
#2929=EDGE_CURVE('',#2281,#2200,#1205,.T.);
#2930=EDGE_CURVE('',#2168,#2225,#1206,.T.);
#2931=EDGE_CURVE('',#2224,#2169,#1207,.T.);
#2932=EDGE_CURVE('',#2282,#2283,#1208,.T.);
#2933=EDGE_CURVE('',#2283,#2284,#1209,.T.);
#2934=EDGE_CURVE('',#2284,#2285,#1210,.T.);
#2935=EDGE_CURVE('',#2285,#2286,#1211,.T.);
#2936=EDGE_CURVE('',#2286,#2287,#1212,.T.);
#2937=EDGE_CURVE('',#2287,#2282,#1213,.T.);
#2938=EDGE_CURVE('',#2282,#2288,#1214,.T.);
#2939=EDGE_CURVE('',#2288,#2289,#1215,.T.);
#2940=EDGE_CURVE('',#2289,#2290,#1216,.T.);
#2941=EDGE_CURVE('',#2290,#2291,#1217,.T.);
#2942=EDGE_CURVE('',#2291,#2292,#1218,.T.);
#2943=EDGE_CURVE('',#2292,#2293,#1219,.T.);
#2944=EDGE_CURVE('',#2293,#2294,#1220,.T.);
#2945=EDGE_CURVE('',#2294,#2295,#1221,.T.);
#2946=EDGE_CURVE('',#2295,#2296,#1222,.T.);
#2947=EDGE_CURVE('',#2296,#2297,#1223,.T.);
#2948=EDGE_CURVE('',#2297,#2298,#1224,.T.);
#2949=EDGE_CURVE('',#2298,#2299,#1225,.T.);
#2950=EDGE_CURVE('',#2299,#2300,#1226,.T.);
#2951=EDGE_CURVE('',#2300,#2301,#1227,.T.);
#2952=EDGE_CURVE('',#2283,#2301,#1228,.T.);
#2953=EDGE_CURVE('',#2301,#2302,#1229,.T.);
#2954=EDGE_CURVE('',#2284,#2302,#1230,.T.);
#2955=EDGE_CURVE('',#2302,#2303,#1231,.T.);
#2956=EDGE_CURVE('',#2285,#2303,#1232,.T.);
#2957=EDGE_CURVE('',#2303,#2304,#1233,.T.);
#2958=EDGE_CURVE('',#2305,#2304,#1234,.T.);
#2959=EDGE_CURVE('',#2306,#2305,#1235,.T.);
#2960=EDGE_CURVE('',#2307,#2306,#1236,.T.);
#2961=EDGE_CURVE('',#2308,#2307,#1237,.T.);
#2962=EDGE_CURVE('',#2286,#2308,#1238,.T.);
#2963=EDGE_CURVE('',#2309,#2308,#1239,.T.);
#2964=EDGE_CURVE('',#2309,#2310,#1240,.T.);
#2965=EDGE_CURVE('',#2305,#2310,#1241,.T.);
#2966=EDGE_CURVE('',#2304,#2311,#1242,.T.);
#2967=EDGE_CURVE('',#2287,#2311,#1243,.T.);
#2968=EDGE_CURVE('',#2311,#2300,#1244,.T.);
#2969=EDGE_CURVE('',#2299,#2312,#1245,.T.);
#2970=EDGE_CURVE('',#2312,#2313,#1246,.T.);
#2971=EDGE_CURVE('',#2313,#2296,#1247,.T.);
#2972=EDGE_CURVE('',#2295,#2314,#1248,.T.);
#2973=EDGE_CURVE('',#2314,#2315,#1249,.T.);
#2974=EDGE_CURVE('',#2315,#2292,#1250,.T.);
#2975=EDGE_CURVE('',#2291,#2316,#1251,.T.);
#2976=EDGE_CURVE('',#2316,#2317,#1252,.T.);
#2977=EDGE_CURVE('',#2317,#2288,#1253,.T.);
#2978=EDGE_CURVE('',#2318,#2312,#1254,.T.);
#2979=EDGE_CURVE('',#2298,#2319,#1255,.T.);
#2980=EDGE_CURVE('',#2320,#2319,#1256,.T.);
#2981=EDGE_CURVE('',#2318,#2320,#1257,.T.);
#2982=EDGE_CURVE('',#2297,#2321,#1258,.T.);
#2983=EDGE_CURVE('',#2319,#2321,#1259,.T.);
#2984=EDGE_CURVE('',#2313,#2322,#1260,.T.);
#2985=EDGE_CURVE('',#2322,#2323,#1261,.T.);
#2986=EDGE_CURVE('',#2321,#2323,#1262,.T.);
#2987=EDGE_CURVE('',#2324,#2314,#1263,.T.);
#2988=EDGE_CURVE('',#2294,#2325,#1264,.T.);
#2989=EDGE_CURVE('',#2326,#2325,#1265,.T.);
#2990=EDGE_CURVE('',#2324,#2326,#1266,.T.);
#2991=EDGE_CURVE('',#2293,#2327,#1267,.T.);
#2992=EDGE_CURVE('',#2325,#2327,#1268,.T.);
#2993=EDGE_CURVE('',#2315,#2328,#1269,.T.);
#2994=EDGE_CURVE('',#2328,#2329,#1270,.T.);
#2995=EDGE_CURVE('',#2327,#2329,#1271,.T.);
#2996=EDGE_CURVE('',#2330,#2316,#1272,.T.);
#2997=EDGE_CURVE('',#2290,#2331,#1273,.T.);
#2998=EDGE_CURVE('',#2332,#2331,#1274,.T.);
#2999=EDGE_CURVE('',#2330,#2332,#1275,.T.);
#3000=EDGE_CURVE('',#2289,#2333,#1276,.T.);
#3001=EDGE_CURVE('',#2331,#2333,#1277,.T.);
#3002=EDGE_CURVE('',#2317,#2334,#1278,.T.);
#3003=EDGE_CURVE('',#2334,#2335,#1279,.T.);
#3004=EDGE_CURVE('',#2333,#2335,#1280,.T.);
#3005=EDGE_CURVE('',#2307,#2336,#1281,.T.);
#3006=EDGE_CURVE('',#2336,#2337,#1282,.T.);
#3007=EDGE_CURVE('',#2338,#2337,#1283,.T.);
#3008=EDGE_CURVE('',#2309,#2338,#1284,.T.);
#3009=EDGE_CURVE('',#2306,#2339,#1285,.T.);
#3010=EDGE_CURVE('',#2339,#2336,#1286,.T.);
#3011=EDGE_CURVE('',#2340,#2340,#278,.T.);
#3012=EDGE_CURVE('',#2341,#2310,#1287,.T.);
#3013=EDGE_CURVE('',#2341,#2342,#1288,.T.);
#3014=EDGE_CURVE('',#2342,#2339,#1289,.T.);
#3015=EDGE_CURVE('',#2338,#2341,#1290,.T.);
#3016=EDGE_CURVE('',#2343,#2330,#1291,.T.);
#3017=EDGE_CURVE('',#2344,#2343,#1292,.T.);
#3018=EDGE_CURVE('',#2345,#2344,#1293,.T.);
#3019=EDGE_CURVE('',#2346,#2345,#1294,.T.);
#3020=EDGE_CURVE('',#2347,#2346,#1295,.T.);
#3021=EDGE_CURVE('',#2334,#2347,#1296,.T.);
#3022=EDGE_CURVE('',#2348,#2324,#1297,.T.);
#3023=EDGE_CURVE('',#2349,#2348,#1298,.T.);
#3024=EDGE_CURVE('',#2350,#2349,#1299,.T.);
#3025=EDGE_CURVE('',#2351,#2350,#1300,.T.);
#3026=EDGE_CURVE('',#2352,#2351,#1301,.T.);
#3027=EDGE_CURVE('',#2328,#2352,#1302,.T.);
#3028=EDGE_CURVE('',#2353,#2318,#1303,.T.);
#3029=EDGE_CURVE('',#2354,#2353,#1304,.T.);
#3030=EDGE_CURVE('',#2355,#2354,#1305,.T.);
#3031=EDGE_CURVE('',#2356,#2355,#1306,.T.);
#3032=EDGE_CURVE('',#2357,#2356,#1307,.T.);
#3033=EDGE_CURVE('',#2322,#2357,#1308,.T.);
#3034=EDGE_CURVE('',#2323,#2358,#1309,.T.);
#3035=EDGE_CURVE('',#2358,#2359,#1310,.T.);
#3036=EDGE_CURVE('',#2359,#2360,#1311,.T.);
#3037=EDGE_CURVE('',#2360,#2361,#1312,.T.);
#3038=EDGE_CURVE('',#2361,#2362,#1313,.T.);
#3039=EDGE_CURVE('',#2362,#2320,#1314,.T.);
#3040=EDGE_CURVE('',#2353,#2362,#1315,.T.);
#3041=EDGE_CURVE('',#2357,#2358,#1316,.T.);
#3042=EDGE_CURVE('',#2329,#2363,#1317,.T.);
#3043=EDGE_CURVE('',#2363,#2364,#1318,.T.);
#3044=EDGE_CURVE('',#2364,#2365,#1319,.T.);
#3045=EDGE_CURVE('',#2365,#2366,#1320,.T.);
#3046=EDGE_CURVE('',#2366,#2367,#1321,.T.);
#3047=EDGE_CURVE('',#2367,#2326,#1322,.T.);
#3048=EDGE_CURVE('',#2348,#2367,#1323,.T.);
#3049=EDGE_CURVE('',#2352,#2363,#1324,.T.);
#3050=EDGE_CURVE('',#2335,#2368,#1325,.T.);
#3051=EDGE_CURVE('',#2368,#2369,#1326,.T.);
#3052=EDGE_CURVE('',#2369,#2370,#1327,.T.);
#3053=EDGE_CURVE('',#2370,#2371,#1328,.T.);
#3054=EDGE_CURVE('',#2371,#2372,#1329,.T.);
#3055=EDGE_CURVE('',#2372,#2332,#1330,.T.);
#3056=EDGE_CURVE('',#2343,#2372,#1331,.T.);
#3057=EDGE_CURVE('',#2347,#2368,#1332,.T.);
#3058=EDGE_CURVE('',#2337,#2342,#1333,.T.);
#3059=EDGE_CURVE('',#2373,#2373,#279,.T.);
#3060=EDGE_CURVE('',#2373,#2340,#1334,.T.);
#3061=EDGE_CURVE('',#2344,#2371,#1335,.T.);
#3062=EDGE_CURVE('',#2345,#2370,#1336,.T.);
#3063=EDGE_CURVE('',#2346,#2369,#1337,.T.);
#3064=EDGE_CURVE('',#2349,#2366,#1338,.T.);
#3065=EDGE_CURVE('',#2350,#2365,#1339,.T.);
#3066=EDGE_CURVE('',#2351,#2364,#1340,.T.);
#3067=EDGE_CURVE('',#2354,#2361,#1341,.T.);
#3068=EDGE_CURVE('',#2355,#2360,#1342,.T.);
#3069=EDGE_CURVE('',#2356,#2359,#1343,.T.);
#3070=ORIENTED_EDGE('',*,*,#2374,.T.);
#3071=ORIENTED_EDGE('',*,*,#2375,.T.);
#3072=ORIENTED_EDGE('',*,*,#2376,.T.);
#3073=ORIENTED_EDGE('',*,*,#2377,.T.);
#3074=ORIENTED_EDGE('',*,*,#2375,.F.);
#3075=ORIENTED_EDGE('',*,*,#2378,.T.);
#3076=ORIENTED_EDGE('',*,*,#2379,.T.);
#3077=ORIENTED_EDGE('',*,*,#2380,.F.);
#3078=ORIENTED_EDGE('',*,*,#2381,.T.);
#3079=ORIENTED_EDGE('',*,*,#2374,.F.);
#3080=ORIENTED_EDGE('',*,*,#2382,.F.);
#3081=ORIENTED_EDGE('',*,*,#2383,.T.);
#3082=ORIENTED_EDGE('',*,*,#2378,.F.);
#3083=ORIENTED_EDGE('',*,*,#2376,.F.);
#3084=ORIENTED_EDGE('',*,*,#2381,.F.);
#3085=ORIENTED_EDGE('',*,*,#2384,.F.);
#3086=ORIENTED_EDGE('',*,*,#2385,.T.);
#3087=ORIENTED_EDGE('',*,*,#2377,.F.);
#3088=ORIENTED_EDGE('',*,*,#2385,.F.);
#3089=ORIENTED_EDGE('',*,*,#2386,.T.);
#3090=ORIENTED_EDGE('',*,*,#2387,.T.);
#3091=ORIENTED_EDGE('',*,*,#2382,.T.);
#3092=ORIENTED_EDGE('',*,*,#2380,.T.);
#3093=ORIENTED_EDGE('',*,*,#2388,.T.);
#3094=ORIENTED_EDGE('',*,*,#2386,.F.);
#3095=ORIENTED_EDGE('',*,*,#2384,.T.);
#3096=ORIENTED_EDGE('',*,*,#2379,.F.);
#3097=ORIENTED_EDGE('',*,*,#2383,.F.);
#3098=ORIENTED_EDGE('',*,*,#2387,.F.);
#3099=ORIENTED_EDGE('',*,*,#2388,.F.);
#3100=ORIENTED_EDGE('',*,*,#2389,.F.);
#3101=ORIENTED_EDGE('',*,*,#2390,.T.);
#3102=ORIENTED_EDGE('',*,*,#2391,.F.);
#3103=ORIENTED_EDGE('',*,*,#2392,.F.);
#3104=ORIENTED_EDGE('',*,*,#2392,.T.);
#3105=ORIENTED_EDGE('',*,*,#2393,.F.);
#3106=ORIENTED_EDGE('',*,*,#2394,.F.);
#3107=ORIENTED_EDGE('',*,*,#2395,.T.);
#3108=ORIENTED_EDGE('',*,*,#2391,.T.);
#3109=ORIENTED_EDGE('',*,*,#2396,.F.);
#3110=ORIENTED_EDGE('',*,*,#2397,.F.);
#3111=ORIENTED_EDGE('',*,*,#2398,.F.);
#3112=ORIENTED_EDGE('',*,*,#2399,.T.);
#3113=ORIENTED_EDGE('',*,*,#2400,.F.);
#3114=ORIENTED_EDGE('',*,*,#2401,.F.);
#3115=ORIENTED_EDGE('',*,*,#2393,.T.);
#3116=ORIENTED_EDGE('',*,*,#2402,.T.);
#3117=ORIENTED_EDGE('',*,*,#2403,.F.);
#3118=ORIENTED_EDGE('',*,*,#2404,.F.);
#3119=ORIENTED_EDGE('',*,*,#2400,.T.);
#3120=ORIENTED_EDGE('',*,*,#2405,.T.);
#3121=ORIENTED_EDGE('',*,*,#2406,.F.);
#3122=ORIENTED_EDGE('',*,*,#2407,.F.);
#3123=ORIENTED_EDGE('',*,*,#2403,.T.);
#3124=ORIENTED_EDGE('',*,*,#2408,.T.);
#3125=ORIENTED_EDGE('',*,*,#2409,.F.);
#3126=ORIENTED_EDGE('',*,*,#2410,.F.);
#3127=ORIENTED_EDGE('',*,*,#2406,.T.);
#3128=ORIENTED_EDGE('',*,*,#2411,.T.);
#3129=ORIENTED_EDGE('',*,*,#2412,.F.);
#3130=ORIENTED_EDGE('',*,*,#2413,.F.);
#3131=ORIENTED_EDGE('',*,*,#2409,.T.);
#3132=ORIENTED_EDGE('',*,*,#2414,.T.);
#3133=ORIENTED_EDGE('',*,*,#2415,.F.);
#3134=ORIENTED_EDGE('',*,*,#2416,.F.);
#3135=ORIENTED_EDGE('',*,*,#2412,.T.);
#3136=ORIENTED_EDGE('',*,*,#2417,.T.);
#3137=ORIENTED_EDGE('',*,*,#2418,.T.);
#3138=ORIENTED_EDGE('',*,*,#2389,.T.);
#3139=ORIENTED_EDGE('',*,*,#2395,.F.);
#3140=ORIENTED_EDGE('',*,*,#2419,.F.);
#3141=ORIENTED_EDGE('',*,*,#2415,.T.);
#3142=ORIENTED_EDGE('',*,*,#2420,.T.);
#3143=ORIENTED_EDGE('',*,*,#2421,.T.);
#3144=ORIENTED_EDGE('',*,*,#2394,.T.);
#3145=ORIENTED_EDGE('',*,*,#2401,.T.);
#3146=ORIENTED_EDGE('',*,*,#2404,.T.);
#3147=ORIENTED_EDGE('',*,*,#2407,.T.);
#3148=ORIENTED_EDGE('',*,*,#2410,.T.);
#3149=ORIENTED_EDGE('',*,*,#2413,.T.);
#3150=ORIENTED_EDGE('',*,*,#2416,.T.);
#3151=ORIENTED_EDGE('',*,*,#2419,.T.);
#3152=ORIENTED_EDGE('',*,*,#2399,.F.);
#3153=ORIENTED_EDGE('',*,*,#2422,.F.);
#3154=ORIENTED_EDGE('',*,*,#2420,.F.);
#3155=ORIENTED_EDGE('',*,*,#2414,.F.);
#3156=ORIENTED_EDGE('',*,*,#2411,.F.);
#3157=ORIENTED_EDGE('',*,*,#2408,.F.);
#3158=ORIENTED_EDGE('',*,*,#2405,.F.);
#3159=ORIENTED_EDGE('',*,*,#2402,.F.);
#3160=ORIENTED_EDGE('',*,*,#2396,.T.);
#3161=ORIENTED_EDGE('',*,*,#2390,.F.);
#3162=ORIENTED_EDGE('',*,*,#2418,.F.);
#3163=ORIENTED_EDGE('',*,*,#2423,.T.);
#3164=ORIENTED_EDGE('',*,*,#2397,.T.);
#3165=ORIENTED_EDGE('',*,*,#2423,.F.);
#3166=ORIENTED_EDGE('',*,*,#2417,.F.);
#3167=ORIENTED_EDGE('',*,*,#2424,.T.);
#3168=ORIENTED_EDGE('',*,*,#2398,.T.);
#3169=ORIENTED_EDGE('',*,*,#2424,.F.);
#3170=ORIENTED_EDGE('',*,*,#2421,.F.);
#3171=ORIENTED_EDGE('',*,*,#2422,.T.);
#3172=ORIENTED_EDGE('',*,*,#2425,.T.);
#3173=ORIENTED_EDGE('',*,*,#2426,.T.);
#3174=ORIENTED_EDGE('',*,*,#2427,.T.);
#3175=ORIENTED_EDGE('',*,*,#2428,.T.);
#3176=ORIENTED_EDGE('',*,*,#2429,.T.);
#3177=ORIENTED_EDGE('',*,*,#2430,.T.);
#3178=ORIENTED_EDGE('',*,*,#2431,.T.);
#3179=ORIENTED_EDGE('',*,*,#2432,.T.);
#3180=ORIENTED_EDGE('',*,*,#2433,.F.);
#3181=ORIENTED_EDGE('',*,*,#2434,.F.);
#3182=ORIENTED_EDGE('',*,*,#2435,.T.);
#3183=ORIENTED_EDGE('',*,*,#2436,.T.);
#3184=ORIENTED_EDGE('',*,*,#2427,.F.);
#3185=ORIENTED_EDGE('',*,*,#2437,.F.);
#3186=ORIENTED_EDGE('',*,*,#2438,.F.);
#3187=ORIENTED_EDGE('',*,*,#2439,.F.);
#3188=ORIENTED_EDGE('',*,*,#2440,.F.);
#3189=ORIENTED_EDGE('',*,*,#2436,.F.);
#3190=ORIENTED_EDGE('',*,*,#2441,.T.);
#3191=ORIENTED_EDGE('',*,*,#2442,.T.);
#3192=ORIENTED_EDGE('',*,*,#2428,.F.);
#3193=ORIENTED_EDGE('',*,*,#2442,.F.);
#3194=ORIENTED_EDGE('',*,*,#2443,.T.);
#3195=ORIENTED_EDGE('',*,*,#2444,.T.);
#3196=ORIENTED_EDGE('',*,*,#2429,.F.);
#3197=ORIENTED_EDGE('',*,*,#2444,.F.);
#3198=ORIENTED_EDGE('',*,*,#2445,.T.);
#3199=ORIENTED_EDGE('',*,*,#2446,.T.);
#3200=ORIENTED_EDGE('',*,*,#2430,.F.);
#3201=ORIENTED_EDGE('',*,*,#2446,.F.);
#3202=ORIENTED_EDGE('',*,*,#2447,.T.);
#3203=ORIENTED_EDGE('',*,*,#2448,.T.);
#3204=ORIENTED_EDGE('',*,*,#2431,.F.);
#3205=ORIENTED_EDGE('',*,*,#2448,.F.);
#3206=ORIENTED_EDGE('',*,*,#2449,.T.);
#3207=ORIENTED_EDGE('',*,*,#2450,.T.);
#3208=ORIENTED_EDGE('',*,*,#2432,.F.);
#3209=ORIENTED_EDGE('',*,*,#2450,.F.);
#3210=ORIENTED_EDGE('',*,*,#2451,.T.);
#3211=ORIENTED_EDGE('',*,*,#2452,.T.);
#3212=ORIENTED_EDGE('',*,*,#2453,.T.);
#3213=ORIENTED_EDGE('',*,*,#2454,.T.);
#3214=ORIENTED_EDGE('',*,*,#2425,.F.);
#3215=ORIENTED_EDGE('',*,*,#2452,.F.);
#3216=ORIENTED_EDGE('',*,*,#2455,.T.);
#3217=ORIENTED_EDGE('',*,*,#2434,.T.);
#3218=ORIENTED_EDGE('',*,*,#2456,.F.);
#3219=ORIENTED_EDGE('',*,*,#2457,.T.);
#3220=ORIENTED_EDGE('',*,*,#2435,.F.);
#3221=ORIENTED_EDGE('',*,*,#2455,.F.);
#3222=ORIENTED_EDGE('',*,*,#2451,.F.);
#3223=ORIENTED_EDGE('',*,*,#2449,.F.);
#3224=ORIENTED_EDGE('',*,*,#2447,.F.);
#3225=ORIENTED_EDGE('',*,*,#2445,.F.);
#3226=ORIENTED_EDGE('',*,*,#2443,.F.);
#3227=ORIENTED_EDGE('',*,*,#2441,.F.);
#3228=ORIENTED_EDGE('',*,*,#2440,.T.);
#3229=ORIENTED_EDGE('',*,*,#2458,.F.);
#3230=ORIENTED_EDGE('',*,*,#2456,.T.);
#3231=ORIENTED_EDGE('',*,*,#2433,.T.);
#3232=ORIENTED_EDGE('',*,*,#2437,.T.);
#3233=ORIENTED_EDGE('',*,*,#2426,.F.);
#3234=ORIENTED_EDGE('',*,*,#2454,.F.);
#3235=ORIENTED_EDGE('',*,*,#2459,.T.);
#3236=ORIENTED_EDGE('',*,*,#2438,.T.);
#3237=ORIENTED_EDGE('',*,*,#2459,.F.);
#3238=ORIENTED_EDGE('',*,*,#2453,.F.);
#3239=ORIENTED_EDGE('',*,*,#2460,.T.);
#3240=ORIENTED_EDGE('',*,*,#2439,.T.);
#3241=ORIENTED_EDGE('',*,*,#2460,.F.);
#3242=ORIENTED_EDGE('',*,*,#2457,.F.);
#3243=ORIENTED_EDGE('',*,*,#2458,.T.);
#3244=ORIENTED_EDGE('',*,*,#2461,.T.);
#3245=ORIENTED_EDGE('',*,*,#2462,.T.);
#3246=ORIENTED_EDGE('',*,*,#2463,.T.);
#3247=ORIENTED_EDGE('',*,*,#2464,.T.);
#3248=ORIENTED_EDGE('',*,*,#2462,.F.);
#3249=ORIENTED_EDGE('',*,*,#2465,.F.);
#3250=ORIENTED_EDGE('',*,*,#2466,.T.);
#3251=ORIENTED_EDGE('',*,*,#2467,.T.);
#3252=ORIENTED_EDGE('',*,*,#2461,.F.);
#3253=ORIENTED_EDGE('',*,*,#2468,.F.);
#3254=ORIENTED_EDGE('',*,*,#2469,.F.);
#3255=ORIENTED_EDGE('',*,*,#2470,.F.);
#3256=ORIENTED_EDGE('',*,*,#2465,.T.);
#3257=ORIENTED_EDGE('',*,*,#2471,.T.);
#3258=ORIENTED_EDGE('',*,*,#2472,.T.);
#3259=ORIENTED_EDGE('',*,*,#2469,.T.);
#3260=ORIENTED_EDGE('',*,*,#2473,.T.);
#3261=ORIENTED_EDGE('',*,*,#2474,.F.);
#3262=ORIENTED_EDGE('',*,*,#2466,.F.);
#3263=ORIENTED_EDGE('',*,*,#2470,.T.);
#3264=ORIENTED_EDGE('',*,*,#2472,.F.);
#3265=ORIENTED_EDGE('',*,*,#2463,.F.);
#3266=ORIENTED_EDGE('',*,*,#2467,.F.);
#3267=ORIENTED_EDGE('',*,*,#2474,.T.);
#3268=ORIENTED_EDGE('',*,*,#2471,.F.);
#3269=ORIENTED_EDGE('',*,*,#2475,.F.);
#3270=ORIENTED_EDGE('',*,*,#2464,.F.);
#3271=ORIENTED_EDGE('',*,*,#2475,.T.);
#3272=ORIENTED_EDGE('',*,*,#2473,.F.);
#3273=ORIENTED_EDGE('',*,*,#2468,.T.);
#3274=ORIENTED_EDGE('',*,*,#2476,.F.);
#3275=ORIENTED_EDGE('',*,*,#2477,.T.);
#3276=ORIENTED_EDGE('',*,*,#2478,.T.);
#3277=ORIENTED_EDGE('',*,*,#2479,.F.);
#3278=ORIENTED_EDGE('',*,*,#2480,.F.);
#3279=ORIENTED_EDGE('',*,*,#2479,.T.);
#3280=ORIENTED_EDGE('',*,*,#2481,.T.);
#3281=ORIENTED_EDGE('',*,*,#2482,.F.);
#3282=ORIENTED_EDGE('',*,*,#2483,.F.);
#3283=ORIENTED_EDGE('',*,*,#2484,.F.);
#3284=ORIENTED_EDGE('',*,*,#2485,.F.);
#3285=ORIENTED_EDGE('',*,*,#2486,.F.);
#3286=ORIENTED_EDGE('',*,*,#2487,.F.);
#3287=ORIENTED_EDGE('',*,*,#2482,.T.);
#3288=ORIENTED_EDGE('',*,*,#2488,.F.);
#3289=ORIENTED_EDGE('',*,*,#2485,.T.);
#3290=ORIENTED_EDGE('',*,*,#2489,.F.);
#3291=ORIENTED_EDGE('',*,*,#2481,.F.);
#3292=ORIENTED_EDGE('',*,*,#2478,.F.);
#3293=ORIENTED_EDGE('',*,*,#2490,.F.);
#3294=ORIENTED_EDGE('',*,*,#2491,.T.);
#3295=ORIENTED_EDGE('',*,*,#2492,.F.);
#3296=ORIENTED_EDGE('',*,*,#2486,.T.);
#3297=ORIENTED_EDGE('',*,*,#2488,.T.);
#3298=ORIENTED_EDGE('',*,*,#2493,.F.);
#3299=ORIENTED_EDGE('',*,*,#2489,.T.);
#3300=ORIENTED_EDGE('',*,*,#2484,.T.);
#3301=ORIENTED_EDGE('',*,*,#2494,.F.);
#3302=ORIENTED_EDGE('',*,*,#2495,.F.);
#3303=ORIENTED_EDGE('',*,*,#2494,.T.);
#3304=ORIENTED_EDGE('',*,*,#2483,.T.);
#3305=ORIENTED_EDGE('',*,*,#2492,.T.);
#3306=ORIENTED_EDGE('',*,*,#2496,.T.);
#3307=ORIENTED_EDGE('',*,*,#2497,.F.);
#3308=ORIENTED_EDGE('',*,*,#2496,.F.);
#3309=ORIENTED_EDGE('',*,*,#2491,.F.);
#3310=ORIENTED_EDGE('',*,*,#2498,.T.);
#3311=ORIENTED_EDGE('',*,*,#2499,.F.);
#3312=ORIENTED_EDGE('',*,*,#2498,.F.);
#3313=ORIENTED_EDGE('',*,*,#2490,.T.);
#3314=ORIENTED_EDGE('',*,*,#2477,.F.);
#3315=ORIENTED_EDGE('',*,*,#2493,.T.);
#3316=ORIENTED_EDGE('',*,*,#2495,.T.);
#3317=ORIENTED_EDGE('',*,*,#2497,.T.);
#3318=ORIENTED_EDGE('',*,*,#2499,.T.);
#3319=ORIENTED_EDGE('',*,*,#2476,.T.);
#3320=ORIENTED_EDGE('',*,*,#2480,.T.);
#3321=ORIENTED_EDGE('',*,*,#2487,.T.);
#3322=ORIENTED_EDGE('',*,*,#2500,.F.);
#3323=ORIENTED_EDGE('',*,*,#2501,.T.);
#3324=ORIENTED_EDGE('',*,*,#2502,.F.);
#3325=ORIENTED_EDGE('',*,*,#2503,.F.);
#3326=ORIENTED_EDGE('',*,*,#2504,.F.);
#3327=ORIENTED_EDGE('',*,*,#2505,.F.);
#3328=ORIENTED_EDGE('',*,*,#2506,.F.);
#3329=ORIENTED_EDGE('',*,*,#2507,.F.);
#3330=ORIENTED_EDGE('',*,*,#2508,.F.);
#3331=ORIENTED_EDGE('',*,*,#2509,.T.);
#3332=ORIENTED_EDGE('',*,*,#2510,.F.);
#3333=ORIENTED_EDGE('',*,*,#2511,.F.);
#3334=ORIENTED_EDGE('',*,*,#2503,.T.);
#3335=ORIENTED_EDGE('',*,*,#2512,.F.);
#3336=ORIENTED_EDGE('',*,*,#2507,.T.);
#3337=ORIENTED_EDGE('',*,*,#2513,.F.);
#3338=ORIENTED_EDGE('',*,*,#2514,.F.);
#3339=ORIENTED_EDGE('',*,*,#2515,.F.);
#3340=ORIENTED_EDGE('',*,*,#2509,.F.);
#3341=ORIENTED_EDGE('',*,*,#2516,.F.);
#3342=ORIENTED_EDGE('',*,*,#2501,.F.);
#3343=ORIENTED_EDGE('',*,*,#2516,.T.);
#3344=ORIENTED_EDGE('',*,*,#2508,.T.);
#3345=ORIENTED_EDGE('',*,*,#2512,.T.);
#3346=ORIENTED_EDGE('',*,*,#2502,.T.);
#3347=ORIENTED_EDGE('',*,*,#2517,.F.);
#3348=ORIENTED_EDGE('',*,*,#2513,.T.);
#3349=ORIENTED_EDGE('',*,*,#2506,.T.);
#3350=ORIENTED_EDGE('',*,*,#2518,.F.);
#3351=ORIENTED_EDGE('',*,*,#2519,.F.);
#3352=ORIENTED_EDGE('',*,*,#2518,.T.);
#3353=ORIENTED_EDGE('',*,*,#2505,.T.);
#3354=ORIENTED_EDGE('',*,*,#2520,.F.);
#3355=ORIENTED_EDGE('',*,*,#2521,.F.);
#3356=ORIENTED_EDGE('',*,*,#2520,.T.);
#3357=ORIENTED_EDGE('',*,*,#2504,.T.);
#3358=ORIENTED_EDGE('',*,*,#2522,.F.);
#3359=ORIENTED_EDGE('',*,*,#2523,.F.);
#3360=ORIENTED_EDGE('',*,*,#2522,.T.);
#3361=ORIENTED_EDGE('',*,*,#2510,.T.);
#3362=ORIENTED_EDGE('',*,*,#2515,.T.);
#3363=ORIENTED_EDGE('',*,*,#2517,.T.);
#3364=ORIENTED_EDGE('',*,*,#2519,.T.);
#3365=ORIENTED_EDGE('',*,*,#2521,.T.);
#3366=ORIENTED_EDGE('',*,*,#2523,.T.);
#3367=ORIENTED_EDGE('',*,*,#2514,.T.);
#3368=ORIENTED_EDGE('',*,*,#2500,.T.);
#3369=ORIENTED_EDGE('',*,*,#2511,.T.);
#3370=ORIENTED_EDGE('',*,*,#2524,.F.);
#3371=ORIENTED_EDGE('',*,*,#2525,.T.);
#3372=ORIENTED_EDGE('',*,*,#2526,.T.);
#3373=ORIENTED_EDGE('',*,*,#2527,.T.);
#3374=ORIENTED_EDGE('',*,*,#2528,.F.);
#3375=ORIENTED_EDGE('',*,*,#2529,.F.);
#3376=ORIENTED_EDGE('',*,*,#2530,.F.);
#3377=ORIENTED_EDGE('',*,*,#2531,.F.);
#3378=ORIENTED_EDGE('',*,*,#2532,.F.);
#3379=ORIENTED_EDGE('',*,*,#2533,.F.);
#3380=ORIENTED_EDGE('',*,*,#2534,.F.);
#3381=ORIENTED_EDGE('',*,*,#2535,.F.);
#3382=ORIENTED_EDGE('',*,*,#2536,.F.);
#3383=ORIENTED_EDGE('',*,*,#2537,.F.);
#3384=ORIENTED_EDGE('',*,*,#2538,.F.);
#3385=ORIENTED_EDGE('',*,*,#2539,.F.);
#3386=ORIENTED_EDGE('',*,*,#2540,.F.);
#3387=ORIENTED_EDGE('',*,*,#2541,.F.);
#3388=ORIENTED_EDGE('',*,*,#2542,.F.);
#3389=ORIENTED_EDGE('',*,*,#2531,.T.);
#3390=ORIENTED_EDGE('',*,*,#2543,.F.);
#3391=ORIENTED_EDGE('',*,*,#2544,.F.);
#3392=ORIENTED_EDGE('',*,*,#2545,.T.);
#3393=ORIENTED_EDGE('',*,*,#2546,.F.);
#3394=ORIENTED_EDGE('',*,*,#2547,.T.);
#3395=ORIENTED_EDGE('',*,*,#2548,.T.);
#3396=ORIENTED_EDGE('',*,*,#2549,.T.);
#3397=ORIENTED_EDGE('',*,*,#2550,.F.);
#3398=ORIENTED_EDGE('',*,*,#2551,.T.);
#3399=ORIENTED_EDGE('',*,*,#2552,.T.);
#3400=ORIENTED_EDGE('',*,*,#2553,.F.);
#3401=ORIENTED_EDGE('',*,*,#2554,.F.);
#3402=ORIENTED_EDGE('',*,*,#2555,.F.);
#3403=ORIENTED_EDGE('',*,*,#2556,.F.);
#3404=ORIENTED_EDGE('',*,*,#2530,.T.);
#3405=ORIENTED_EDGE('',*,*,#2557,.F.);
#3406=ORIENTED_EDGE('',*,*,#2558,.F.);
#3407=ORIENTED_EDGE('',*,*,#2543,.T.);
#3408=ORIENTED_EDGE('',*,*,#2529,.T.);
#3409=ORIENTED_EDGE('',*,*,#2559,.F.);
#3410=ORIENTED_EDGE('',*,*,#2560,.F.);
#3411=ORIENTED_EDGE('',*,*,#2561,.F.);
#3412=ORIENTED_EDGE('',*,*,#2562,.T.);
#3413=ORIENTED_EDGE('',*,*,#2563,.T.);
#3414=ORIENTED_EDGE('',*,*,#2564,.T.);
#3415=ORIENTED_EDGE('',*,*,#2565,.F.);
#3416=ORIENTED_EDGE('',*,*,#2566,.F.);
#3417=ORIENTED_EDGE('',*,*,#2567,.F.);
#3418=ORIENTED_EDGE('',*,*,#2568,.T.);
#3419=ORIENTED_EDGE('',*,*,#2569,.F.);
#3420=ORIENTED_EDGE('',*,*,#2570,.T.);
#3421=ORIENTED_EDGE('',*,*,#2571,.F.);
#3422=ORIENTED_EDGE('',*,*,#2557,.T.);
#3423=ORIENTED_EDGE('',*,*,#2541,.T.);
#3424=ORIENTED_EDGE('',*,*,#2572,.F.);
#3425=ORIENTED_EDGE('',*,*,#2573,.F.);
#3426=ORIENTED_EDGE('',*,*,#2574,.T.);
#3427=ORIENTED_EDGE('',*,*,#2537,.T.);
#3428=ORIENTED_EDGE('',*,*,#2575,.F.);
#3429=ORIENTED_EDGE('',*,*,#2576,.F.);
#3430=ORIENTED_EDGE('',*,*,#2577,.T.);
#3431=ORIENTED_EDGE('',*,*,#2578,.F.);
#3432=ORIENTED_EDGE('',*,*,#2579,.T.);
#3433=ORIENTED_EDGE('',*,*,#2580,.T.);
#3434=ORIENTED_EDGE('',*,*,#2581,.T.);
#3435=ORIENTED_EDGE('',*,*,#2582,.F.);
#3436=ORIENTED_EDGE('',*,*,#2583,.T.);
#3437=ORIENTED_EDGE('',*,*,#2584,.T.);
#3438=ORIENTED_EDGE('',*,*,#2585,.F.);
#3439=ORIENTED_EDGE('',*,*,#2586,.F.);
#3440=ORIENTED_EDGE('',*,*,#2587,.F.);
#3441=ORIENTED_EDGE('',*,*,#2588,.F.);
#3442=ORIENTED_EDGE('',*,*,#2536,.T.);
#3443=ORIENTED_EDGE('',*,*,#2589,.T.);
#3444=ORIENTED_EDGE('',*,*,#2590,.F.);
#3445=ORIENTED_EDGE('',*,*,#2575,.T.);
#3446=ORIENTED_EDGE('',*,*,#2528,.T.);
#3447=ORIENTED_EDGE('',*,*,#2591,.F.);
#3448=ORIENTED_EDGE('',*,*,#2592,.F.);
#3449=ORIENTED_EDGE('',*,*,#2559,.T.);
#3450=ORIENTED_EDGE('',*,*,#2534,.T.);
#3451=ORIENTED_EDGE('',*,*,#2593,.F.);
#3452=ORIENTED_EDGE('',*,*,#2594,.F.);
#3453=ORIENTED_EDGE('',*,*,#2591,.T.);
#3454=ORIENTED_EDGE('',*,*,#2533,.T.);
#3455=ORIENTED_EDGE('',*,*,#2595,.F.);
#3456=ORIENTED_EDGE('',*,*,#2596,.F.);
#3457=ORIENTED_EDGE('',*,*,#2593,.T.);
#3458=ORIENTED_EDGE('',*,*,#2584,.F.);
#3459=ORIENTED_EDGE('',*,*,#2597,.F.);
#3460=ORIENTED_EDGE('',*,*,#2598,.F.);
#3461=ORIENTED_EDGE('',*,*,#2599,.F.);
#3462=ORIENTED_EDGE('',*,*,#2552,.F.);
#3463=ORIENTED_EDGE('',*,*,#2600,.F.);
#3464=ORIENTED_EDGE('',*,*,#2563,.F.);
#3465=ORIENTED_EDGE('',*,*,#2601,.F.);
#3466=ORIENTED_EDGE('',*,*,#2602,.F.);
#3467=ORIENTED_EDGE('',*,*,#2603,.F.);
#3468=ORIENTED_EDGE('',*,*,#2604,.F.);
#3469=ORIENTED_EDGE('',*,*,#2605,.F.);
#3470=ORIENTED_EDGE('',*,*,#2606,.F.);
#3471=ORIENTED_EDGE('',*,*,#2607,.F.);
#3472=ORIENTED_EDGE('',*,*,#2608,.F.);
#3473=ORIENTED_EDGE('',*,*,#2609,.F.);
#3474=ORIENTED_EDGE('',*,*,#2610,.F.);
#3475=ORIENTED_EDGE('',*,*,#2611,.F.);
#3476=ORIENTED_EDGE('',*,*,#2612,.F.);
#3477=ORIENTED_EDGE('',*,*,#2613,.F.);
#3478=ORIENTED_EDGE('',*,*,#2614,.F.);
#3479=ORIENTED_EDGE('',*,*,#2580,.F.);
#3480=ORIENTED_EDGE('',*,*,#2615,.T.);
#3481=ORIENTED_EDGE('',*,*,#2616,.T.);
#3482=ORIENTED_EDGE('',*,*,#2617,.F.);
#3483=ORIENTED_EDGE('',*,*,#2548,.F.);
#3484=ORIENTED_EDGE('',*,*,#2618,.T.);
#3485=ORIENTED_EDGE('',*,*,#2619,.T.);
#3486=ORIENTED_EDGE('',*,*,#2620,.F.);
#3487=ORIENTED_EDGE('',*,*,#2621,.F.);
#3488=ORIENTED_EDGE('',*,*,#2622,.T.);
#3489=ORIENTED_EDGE('',*,*,#2567,.T.);
#3490=ORIENTED_EDGE('',*,*,#2623,.F.);
#3491=ORIENTED_EDGE('',*,*,#2624,.F.);
#3492=ORIENTED_EDGE('',*,*,#2625,.T.);
#3493=ORIENTED_EDGE('',*,*,#2626,.T.);
#3494=ORIENTED_EDGE('',*,*,#2627,.T.);
#3495=ORIENTED_EDGE('',*,*,#2603,.T.);
#3496=ORIENTED_EDGE('',*,*,#2628,.F.);
#3497=ORIENTED_EDGE('',*,*,#2526,.F.);
#3498=ORIENTED_EDGE('',*,*,#2586,.T.);
#3499=ORIENTED_EDGE('',*,*,#2629,.T.);
#3500=ORIENTED_EDGE('',*,*,#2630,.T.);
#3501=ORIENTED_EDGE('',*,*,#2631,.T.);
#3502=ORIENTED_EDGE('',*,*,#2554,.T.);
#3503=ORIENTED_EDGE('',*,*,#2632,.T.);
#3504=ORIENTED_EDGE('',*,*,#2561,.T.);
#3505=ORIENTED_EDGE('',*,*,#2633,.T.);
#3506=ORIENTED_EDGE('',*,*,#2576,.T.);
#3507=ORIENTED_EDGE('',*,*,#2590,.T.);
#3508=ORIENTED_EDGE('',*,*,#2634,.T.);
#3509=ORIENTED_EDGE('',*,*,#2635,.T.);
#3510=ORIENTED_EDGE('',*,*,#2544,.T.);
#3511=ORIENTED_EDGE('',*,*,#2558,.T.);
#3512=ORIENTED_EDGE('',*,*,#2571,.T.);
#3513=ORIENTED_EDGE('',*,*,#2636,.T.);
#3514=ORIENTED_EDGE('',*,*,#2637,.T.);
#3515=ORIENTED_EDGE('',*,*,#2573,.T.);
#3516=ORIENTED_EDGE('',*,*,#2638,.T.);
#3517=ORIENTED_EDGE('',*,*,#2639,.T.);
#3518=ORIENTED_EDGE('',*,*,#2594,.T.);
#3519=ORIENTED_EDGE('',*,*,#2596,.T.);
#3520=ORIENTED_EDGE('',*,*,#2640,.T.);
#3521=ORIENTED_EDGE('',*,*,#2555,.T.);
#3522=ORIENTED_EDGE('',*,*,#2633,.F.);
#3523=ORIENTED_EDGE('',*,*,#2560,.T.);
#3524=ORIENTED_EDGE('',*,*,#2592,.T.);
#3525=ORIENTED_EDGE('',*,*,#2532,.T.);
#3526=ORIENTED_EDGE('',*,*,#2556,.T.);
#3527=ORIENTED_EDGE('',*,*,#2640,.F.);
#3528=ORIENTED_EDGE('',*,*,#2595,.T.);
#3529=ORIENTED_EDGE('',*,*,#2585,.T.);
#3530=ORIENTED_EDGE('',*,*,#2599,.T.);
#3531=ORIENTED_EDGE('',*,*,#2641,.T.);
#3532=ORIENTED_EDGE('',*,*,#2629,.F.);
#3533=ORIENTED_EDGE('',*,*,#2642,.T.);
#3534=ORIENTED_EDGE('',*,*,#2643,.T.);
#3535=ORIENTED_EDGE('',*,*,#2644,.T.);
#3536=ORIENTED_EDGE('',*,*,#2645,.T.);
#3537=ORIENTED_EDGE('',*,*,#2582,.T.);
#3538=ORIENTED_EDGE('',*,*,#2646,.T.);
#3539=ORIENTED_EDGE('',*,*,#2647,.T.);
#3540=ORIENTED_EDGE('',*,*,#2648,.T.);
#3541=ORIENTED_EDGE('',*,*,#2550,.T.);
#3542=ORIENTED_EDGE('',*,*,#2649,.T.);
#3543=ORIENTED_EDGE('',*,*,#2565,.T.);
#3544=ORIENTED_EDGE('',*,*,#2650,.T.);
#3545=ORIENTED_EDGE('',*,*,#2651,.T.);
#3546=ORIENTED_EDGE('',*,*,#2652,.T.);
#3547=ORIENTED_EDGE('',*,*,#2653,.T.);
#3548=ORIENTED_EDGE('',*,*,#2654,.T.);
#3549=ORIENTED_EDGE('',*,*,#2655,.T.);
#3550=ORIENTED_EDGE('',*,*,#2656,.T.);
#3551=ORIENTED_EDGE('',*,*,#2657,.T.);
#3552=ORIENTED_EDGE('',*,*,#2658,.T.);
#3553=ORIENTED_EDGE('',*,*,#2659,.T.);
#3554=ORIENTED_EDGE('',*,*,#2608,.T.);
#3555=ORIENTED_EDGE('',*,*,#2660,.T.);
#3556=ORIENTED_EDGE('',*,*,#2661,.T.);
#3557=ORIENTED_EDGE('',*,*,#2644,.F.);
#3558=ORIENTED_EDGE('',*,*,#2662,.F.);
#3559=ORIENTED_EDGE('',*,*,#2616,.F.);
#3560=ORIENTED_EDGE('',*,*,#2663,.T.);
#3561=ORIENTED_EDGE('',*,*,#2664,.F.);
#3562=ORIENTED_EDGE('',*,*,#2535,.T.);
#3563=ORIENTED_EDGE('',*,*,#2665,.T.);
#3564=ORIENTED_EDGE('',*,*,#2666,.F.);
#3565=ORIENTED_EDGE('',*,*,#2630,.F.);
#3566=ORIENTED_EDGE('',*,*,#2641,.F.);
#3567=ORIENTED_EDGE('',*,*,#2598,.T.);
#3568=ORIENTED_EDGE('',*,*,#2667,.T.);
#3569=ORIENTED_EDGE('',*,*,#2647,.F.);
#3570=ORIENTED_EDGE('',*,*,#2668,.F.);
#3571=ORIENTED_EDGE('',*,*,#2619,.F.);
#3572=ORIENTED_EDGE('',*,*,#2669,.T.);
#3573=ORIENTED_EDGE('',*,*,#2670,.F.);
#3574=ORIENTED_EDGE('',*,*,#2671,.T.);
#3575=ORIENTED_EDGE('',*,*,#2634,.F.);
#3576=ORIENTED_EDGE('',*,*,#2589,.F.);
#3577=ORIENTED_EDGE('',*,*,#2672,.F.);
#3578=ORIENTED_EDGE('',*,*,#2610,.T.);
#3579=ORIENTED_EDGE('',*,*,#2673,.T.);
#3580=ORIENTED_EDGE('',*,*,#2674,.F.);
#3581=ORIENTED_EDGE('',*,*,#2675,.T.);
#3582=ORIENTED_EDGE('',*,*,#2621,.T.);
#3583=ORIENTED_EDGE('',*,*,#2676,.T.);
#3584=ORIENTED_EDGE('',*,*,#2651,.F.);
#3585=ORIENTED_EDGE('',*,*,#2677,.T.);
#3586=ORIENTED_EDGE('',*,*,#2678,.T.);
#3587=ORIENTED_EDGE('',*,*,#2612,.T.);
#3588=ORIENTED_EDGE('',*,*,#2679,.T.);
#3589=ORIENTED_EDGE('',*,*,#2680,.T.);
#3590=ORIENTED_EDGE('',*,*,#2653,.F.);
#3591=ORIENTED_EDGE('',*,*,#2681,.F.);
#3592=ORIENTED_EDGE('',*,*,#2626,.F.);
#3593=ORIENTED_EDGE('',*,*,#2682,.T.);
#3594=ORIENTED_EDGE('',*,*,#2683,.F.);
#3595=ORIENTED_EDGE('',*,*,#2661,.F.);
#3596=ORIENTED_EDGE('',*,*,#2684,.F.);
#3597=ORIENTED_EDGE('',*,*,#2685,.T.);
#3598=ORIENTED_EDGE('',*,*,#2645,.F.);
#3599=ORIENTED_EDGE('',*,*,#2660,.F.);
#3600=ORIENTED_EDGE('',*,*,#2607,.T.);
#3601=ORIENTED_EDGE('',*,*,#2686,.T.);
#3602=ORIENTED_EDGE('',*,*,#2684,.T.);
#3603=ORIENTED_EDGE('',*,*,#2680,.F.);
#3604=ORIENTED_EDGE('',*,*,#2687,.F.);
#3605=ORIENTED_EDGE('',*,*,#2677,.F.);
#3606=ORIENTED_EDGE('',*,*,#2654,.F.);
#3607=ORIENTED_EDGE('',*,*,#2679,.F.);
#3608=ORIENTED_EDGE('',*,*,#2611,.T.);
#3609=ORIENTED_EDGE('',*,*,#2672,.T.);
#3610=ORIENTED_EDGE('',*,*,#2687,.T.);
#3611=ORIENTED_EDGE('',*,*,#2564,.F.);
#3612=ORIENTED_EDGE('',*,*,#2600,.T.);
#3613=ORIENTED_EDGE('',*,*,#2551,.F.);
#3614=ORIENTED_EDGE('',*,*,#2650,.F.);
#3615=ORIENTED_EDGE('',*,*,#2667,.F.);
#3616=ORIENTED_EDGE('',*,*,#2597,.T.);
#3617=ORIENTED_EDGE('',*,*,#2583,.F.);
#3618=ORIENTED_EDGE('',*,*,#2648,.F.);
#3619=ORIENTED_EDGE('',*,*,#2666,.T.);
#3620=ORIENTED_EDGE('',*,*,#2688,.T.);
#3621=ORIENTED_EDGE('',*,*,#2587,.T.);
#3622=ORIENTED_EDGE('',*,*,#2631,.F.);
#3623=ORIENTED_EDGE('',*,*,#2538,.T.);
#3624=ORIENTED_EDGE('',*,*,#2588,.T.);
#3625=ORIENTED_EDGE('',*,*,#2688,.F.);
#3626=ORIENTED_EDGE('',*,*,#2665,.F.);
#3627=ORIENTED_EDGE('',*,*,#2553,.T.);
#3628=ORIENTED_EDGE('',*,*,#2601,.T.);
#3629=ORIENTED_EDGE('',*,*,#2562,.F.);
#3630=ORIENTED_EDGE('',*,*,#2632,.F.);
#3631=ORIENTED_EDGE('',*,*,#2689,.F.);
#3632=ORIENTED_EDGE('',*,*,#2605,.T.);
#3633=ORIENTED_EDGE('',*,*,#2690,.F.);
#3634=ORIENTED_EDGE('',*,*,#2658,.F.);
#3635=ORIENTED_EDGE('',*,*,#2691,.T.);
#3636=ORIENTED_EDGE('',*,*,#2692,.T.);
#3637=ORIENTED_EDGE('',*,*,#2693,.T.);
#3638=ORIENTED_EDGE('',*,*,#2694,.T.);
#3639=ORIENTED_EDGE('',*,*,#2693,.F.);
#3640=ORIENTED_EDGE('',*,*,#2695,.F.);
#3641=ORIENTED_EDGE('',*,*,#2639,.F.);
#3642=ORIENTED_EDGE('',*,*,#2696,.F.);
#3643=ORIENTED_EDGE('',*,*,#2697,.T.);
#3644=ORIENTED_EDGE('',*,*,#2674,.T.);
#3645=ORIENTED_EDGE('',*,*,#2698,.T.);
#3646=ORIENTED_EDGE('',*,*,#2683,.T.);
#3647=ORIENTED_EDGE('',*,*,#2673,.F.);
#3648=ORIENTED_EDGE('',*,*,#2613,.T.);
#3649=ORIENTED_EDGE('',*,*,#2678,.F.);
#3650=ORIENTED_EDGE('',*,*,#2698,.F.);
#3651=ORIENTED_EDGE('',*,*,#2699,.T.);
#3652=ORIENTED_EDGE('',*,*,#2546,.T.);
#3653=ORIENTED_EDGE('',*,*,#2700,.T.);
#3654=ORIENTED_EDGE('',*,*,#2569,.T.);
#3655=ORIENTED_EDGE('',*,*,#2700,.F.);
#3656=ORIENTED_EDGE('',*,*,#2545,.F.);
#3657=ORIENTED_EDGE('',*,*,#2636,.F.);
#3658=ORIENTED_EDGE('',*,*,#2570,.F.);
#3659=ORIENTED_EDGE('',*,*,#2701,.T.);
#3660=ORIENTED_EDGE('',*,*,#2578,.T.);
#3661=ORIENTED_EDGE('',*,*,#2702,.T.);
#3662=ORIENTED_EDGE('',*,*,#2670,.T.);
#3663=ORIENTED_EDGE('',*,*,#2703,.T.);
#3664=ORIENTED_EDGE('',*,*,#2664,.T.);
#3665=ORIENTED_EDGE('',*,*,#2704,.T.);
#3666=ORIENTED_EDGE('',*,*,#2705,.T.);
#3667=ORIENTED_EDGE('',*,*,#2702,.F.);
#3668=ORIENTED_EDGE('',*,*,#2577,.F.);
#3669=ORIENTED_EDGE('',*,*,#2635,.F.);
#3670=ORIENTED_EDGE('',*,*,#2671,.F.);
#3671=ORIENTED_EDGE('',*,*,#2706,.T.);
#3672=ORIENTED_EDGE('',*,*,#2609,.T.);
#3673=ORIENTED_EDGE('',*,*,#2659,.F.);
#3674=ORIENTED_EDGE('',*,*,#2703,.F.);
#3675=ORIENTED_EDGE('',*,*,#2539,.T.);
#3676=ORIENTED_EDGE('',*,*,#2707,.T.);
#3677=ORIENTED_EDGE('',*,*,#2708,.T.);
#3678=ORIENTED_EDGE('',*,*,#2709,.T.);
#3679=ORIENTED_EDGE('',*,*,#2710,.F.);
#3680=ORIENTED_EDGE('',*,*,#2711,.F.);
#3681=ORIENTED_EDGE('',*,*,#2712,.F.);
#3682=ORIENTED_EDGE('',*,*,#2713,.F.);
#3683=ORIENTED_EDGE('',*,*,#2714,.F.);
#3684=ORIENTED_EDGE('',*,*,#2707,.F.);
#3685=ORIENTED_EDGE('',*,*,#2542,.T.);
#3686=ORIENTED_EDGE('',*,*,#2574,.F.);
#3687=ORIENTED_EDGE('',*,*,#2637,.F.);
#3688=ORIENTED_EDGE('',*,*,#2695,.T.);
#3689=ORIENTED_EDGE('',*,*,#2692,.F.);
#3690=ORIENTED_EDGE('',*,*,#2715,.T.);
#3691=ORIENTED_EDGE('',*,*,#2624,.T.);
#3692=ORIENTED_EDGE('',*,*,#2716,.T.);
#3693=ORIENTED_EDGE('',*,*,#2655,.F.);
#3694=ORIENTED_EDGE('',*,*,#2690,.T.);
#3695=ORIENTED_EDGE('',*,*,#2604,.T.);
#3696=ORIENTED_EDGE('',*,*,#2627,.F.);
#3697=ORIENTED_EDGE('',*,*,#2525,.F.);
#3698=ORIENTED_EDGE('',*,*,#2717,.T.);
#3699=ORIENTED_EDGE('',*,*,#2718,.T.);
#3700=ORIENTED_EDGE('',*,*,#2713,.T.);
#3701=ORIENTED_EDGE('',*,*,#2719,.T.);
#3702=ORIENTED_EDGE('',*,*,#2720,.F.);
#3703=ORIENTED_EDGE('',*,*,#2721,.T.);
#3704=ORIENTED_EDGE('',*,*,#2722,.F.);
#3705=ORIENTED_EDGE('',*,*,#2711,.T.);
#3706=ORIENTED_EDGE('',*,*,#2524,.T.);
#3707=ORIENTED_EDGE('',*,*,#2723,.T.);
#3708=ORIENTED_EDGE('',*,*,#2720,.T.);
#3709=ORIENTED_EDGE('',*,*,#2710,.T.);
#3710=ORIENTED_EDGE('',*,*,#2712,.T.);
#3711=ORIENTED_EDGE('',*,*,#2722,.T.);
#3712=ORIENTED_EDGE('',*,*,#2724,.T.);
#3713=ORIENTED_EDGE('',*,*,#2719,.F.);
#3714=ORIENTED_EDGE('',*,*,#2708,.F.);
#3715=ORIENTED_EDGE('',*,*,#2714,.T.);
#3716=ORIENTED_EDGE('',*,*,#2718,.F.);
#3717=ORIENTED_EDGE('',*,*,#2725,.F.);
#3718=ORIENTED_EDGE('',*,*,#2726,.F.);
#3719=ORIENTED_EDGE('',*,*,#2727,.T.);
#3720=ORIENTED_EDGE('',*,*,#2728,.T.);
#3721=ORIENTED_EDGE('',*,*,#2729,.T.);
#3722=ORIENTED_EDGE('',*,*,#2730,.F.);
#3723=ORIENTED_EDGE('',*,*,#2731,.T.);
#3724=ORIENTED_EDGE('',*,*,#2732,.F.);
#3725=ORIENTED_EDGE('',*,*,#2733,.T.);
#3726=ORIENTED_EDGE('',*,*,#2728,.F.);
#3727=ORIENTED_EDGE('',*,*,#2734,.T.);
#3728=ORIENTED_EDGE('',*,*,#2735,.T.);
#3729=ORIENTED_EDGE('',*,*,#2736,.F.);
#3730=ORIENTED_EDGE('',*,*,#2737,.F.);
#3731=ORIENTED_EDGE('',*,*,#2738,.T.);
#3732=ORIENTED_EDGE('',*,*,#2739,.F.);
#3733=ORIENTED_EDGE('',*,*,#2740,.F.);
#3734=ORIENTED_EDGE('',*,*,#2732,.T.);
#3735=ORIENTED_EDGE('',*,*,#2741,.F.);
#3736=ORIENTED_EDGE('',*,*,#2740,.T.);
#3737=ORIENTED_EDGE('',*,*,#2742,.F.);
#3738=ORIENTED_EDGE('',*,*,#2743,.F.);
#3739=ORIENTED_EDGE('',*,*,#2738,.F.);
#3740=ORIENTED_EDGE('',*,*,#2744,.F.);
#3741=ORIENTED_EDGE('',*,*,#2735,.F.);
#3742=ORIENTED_EDGE('',*,*,#2745,.T.);
#3743=ORIENTED_EDGE('',*,*,#2746,.F.);
#3744=ORIENTED_EDGE('',*,*,#2747,.T.);
#3745=ORIENTED_EDGE('',*,*,#2748,.F.);
#3746=ORIENTED_EDGE('',*,*,#2749,.T.);
#3747=ORIENTED_EDGE('',*,*,#2750,.F.);
#3748=ORIENTED_EDGE('',*,*,#2694,.F.);
#3749=ORIENTED_EDGE('',*,*,#2696,.T.);
#3750=ORIENTED_EDGE('',*,*,#2638,.F.);
#3751=ORIENTED_EDGE('',*,*,#2572,.T.);
#3752=ORIENTED_EDGE('',*,*,#2540,.T.);
#3753=ORIENTED_EDGE('',*,*,#2709,.F.);
#3754=ORIENTED_EDGE('',*,*,#2725,.T.);
#3755=ORIENTED_EDGE('',*,*,#2717,.F.);
#3756=ORIENTED_EDGE('',*,*,#2724,.F.);
#3757=ORIENTED_EDGE('',*,*,#2721,.F.);
#3758=ORIENTED_EDGE('',*,*,#2723,.F.);
#3759=ORIENTED_EDGE('',*,*,#2527,.F.);
#3760=ORIENTED_EDGE('',*,*,#2628,.T.);
#3761=ORIENTED_EDGE('',*,*,#2602,.T.);
#3762=ORIENTED_EDGE('',*,*,#2689,.T.);
#3763=ORIENTED_EDGE('',*,*,#2657,.F.);
#3764=ORIENTED_EDGE('',*,*,#2751,.F.);
#3765=ORIENTED_EDGE('',*,*,#2752,.T.);
#3766=ORIENTED_EDGE('',*,*,#2753,.F.);
#3767=ORIENTED_EDGE('',*,*,#2754,.T.);
#3768=ORIENTED_EDGE('',*,*,#2755,.F.);
#3769=ORIENTED_EDGE('',*,*,#2756,.T.);
#3770=ORIENTED_EDGE('',*,*,#2733,.F.);
#3771=ORIENTED_EDGE('',*,*,#2742,.T.);
#3772=ORIENTED_EDGE('',*,*,#2739,.T.);
#3773=ORIENTED_EDGE('',*,*,#2743,.T.);
#3774=ORIENTED_EDGE('',*,*,#2734,.F.);
#3775=ORIENTED_EDGE('',*,*,#2727,.F.);
#3776=ORIENTED_EDGE('',*,*,#2726,.T.);
#3777=ORIENTED_EDGE('',*,*,#2757,.F.);
#3778=ORIENTED_EDGE('',*,*,#2758,.F.);
#3779=ORIENTED_EDGE('',*,*,#2745,.F.);
#3780=ORIENTED_EDGE('',*,*,#2759,.F.);
#3781=ORIENTED_EDGE('',*,*,#2760,.F.);
#3782=ORIENTED_EDGE('',*,*,#2761,.F.);
#3783=ORIENTED_EDGE('',*,*,#2762,.F.);
#3784=ORIENTED_EDGE('',*,*,#2763,.F.);
#3785=ORIENTED_EDGE('',*,*,#2764,.F.);
#3786=ORIENTED_EDGE('',*,*,#2765,.F.);
#3787=ORIENTED_EDGE('',*,*,#2766,.F.);
#3788=ORIENTED_EDGE('',*,*,#2767,.F.);
#3789=ORIENTED_EDGE('',*,*,#2768,.F.);
#3790=ORIENTED_EDGE('',*,*,#2769,.F.);
#3791=ORIENTED_EDGE('',*,*,#2750,.T.);
#3792=ORIENTED_EDGE('',*,*,#2770,.T.);
#3793=ORIENTED_EDGE('',*,*,#2771,.T.);
#3794=ORIENTED_EDGE('',*,*,#2772,.T.);
#3795=ORIENTED_EDGE('',*,*,#2773,.T.);
#3796=ORIENTED_EDGE('',*,*,#2774,.T.);
#3797=ORIENTED_EDGE('',*,*,#2775,.T.);
#3798=ORIENTED_EDGE('',*,*,#2776,.T.);
#3799=ORIENTED_EDGE('',*,*,#2777,.T.);
#3800=ORIENTED_EDGE('',*,*,#2778,.T.);
#3801=ORIENTED_EDGE('',*,*,#2779,.T.);
#3802=ORIENTED_EDGE('',*,*,#2780,.T.);
#3803=ORIENTED_EDGE('',*,*,#2781,.T.);
#3804=ORIENTED_EDGE('',*,*,#2782,.T.);
#3805=ORIENTED_EDGE('',*,*,#2783,.T.);
#3806=ORIENTED_EDGE('',*,*,#2784,.T.);
#3807=ORIENTED_EDGE('',*,*,#2785,.T.);
#3808=ORIENTED_EDGE('',*,*,#2786,.T.);
#3809=ORIENTED_EDGE('',*,*,#2787,.F.);
#3810=ORIENTED_EDGE('',*,*,#2704,.F.);
#3811=ORIENTED_EDGE('',*,*,#2663,.F.);
#3812=ORIENTED_EDGE('',*,*,#2615,.F.);
#3813=ORIENTED_EDGE('',*,*,#2579,.F.);
#3814=ORIENTED_EDGE('',*,*,#2701,.F.);
#3815=ORIENTED_EDGE('',*,*,#2669,.F.);
#3816=ORIENTED_EDGE('',*,*,#2618,.F.);
#3817=ORIENTED_EDGE('',*,*,#2547,.F.);
#3818=ORIENTED_EDGE('',*,*,#2699,.F.);
#3819=ORIENTED_EDGE('',*,*,#2568,.F.);
#3820=ORIENTED_EDGE('',*,*,#2622,.F.);
#3821=ORIENTED_EDGE('',*,*,#2675,.F.);
#3822=ORIENTED_EDGE('',*,*,#2697,.F.);
#3823=ORIENTED_EDGE('',*,*,#2682,.F.);
#3824=ORIENTED_EDGE('',*,*,#2625,.F.);
#3825=ORIENTED_EDGE('',*,*,#2715,.F.);
#3826=ORIENTED_EDGE('',*,*,#2691,.F.);
#3827=ORIENTED_EDGE('',*,*,#2762,.T.);
#3828=ORIENTED_EDGE('',*,*,#2788,.F.);
#3829=ORIENTED_EDGE('',*,*,#2789,.F.);
#3830=ORIENTED_EDGE('',*,*,#2790,.T.);
#3831=ORIENTED_EDGE('',*,*,#2761,.T.);
#3832=ORIENTED_EDGE('',*,*,#2791,.F.);
#3833=ORIENTED_EDGE('',*,*,#2792,.F.);
#3834=ORIENTED_EDGE('',*,*,#2788,.T.);
#3835=ORIENTED_EDGE('',*,*,#2760,.T.);
#3836=ORIENTED_EDGE('',*,*,#2793,.F.);
#3837=ORIENTED_EDGE('',*,*,#2794,.T.);
#3838=ORIENTED_EDGE('',*,*,#2795,.F.);
#3839=ORIENTED_EDGE('',*,*,#2796,.T.);
#3840=ORIENTED_EDGE('',*,*,#2777,.F.);
#3841=ORIENTED_EDGE('',*,*,#2797,.T.);
#3842=ORIENTED_EDGE('',*,*,#2798,.T.);
#3843=ORIENTED_EDGE('',*,*,#2799,.T.);
#3844=ORIENTED_EDGE('',*,*,#2800,.F.);
#3845=ORIENTED_EDGE('',*,*,#2801,.T.);
#3846=ORIENTED_EDGE('',*,*,#2802,.F.);
#3847=ORIENTED_EDGE('',*,*,#2803,.T.);
#3848=ORIENTED_EDGE('',*,*,#2804,.T.);
#3849=ORIENTED_EDGE('',*,*,#2791,.T.);
#3850=ORIENTED_EDGE('',*,*,#2768,.T.);
#3851=ORIENTED_EDGE('',*,*,#2805,.T.);
#3852=ORIENTED_EDGE('',*,*,#2806,.T.);
#3853=ORIENTED_EDGE('',*,*,#2807,.F.);
#3854=ORIENTED_EDGE('',*,*,#2767,.T.);
#3855=ORIENTED_EDGE('',*,*,#2808,.T.);
#3856=ORIENTED_EDGE('',*,*,#2809,.T.);
#3857=ORIENTED_EDGE('',*,*,#2810,.F.);
#3858=ORIENTED_EDGE('',*,*,#2811,.T.);
#3859=ORIENTED_EDGE('',*,*,#2781,.F.);
#3860=ORIENTED_EDGE('',*,*,#2812,.T.);
#3861=ORIENTED_EDGE('',*,*,#2813,.T.);
#3862=ORIENTED_EDGE('',*,*,#2814,.T.);
#3863=ORIENTED_EDGE('',*,*,#2815,.F.);
#3864=ORIENTED_EDGE('',*,*,#2816,.T.);
#3865=ORIENTED_EDGE('',*,*,#2817,.T.);
#3866=ORIENTED_EDGE('',*,*,#2818,.T.);
#3867=ORIENTED_EDGE('',*,*,#2819,.T.);
#3868=ORIENTED_EDGE('',*,*,#2805,.F.);
#3869=ORIENTED_EDGE('',*,*,#2820,.T.);
#3870=ORIENTED_EDGE('',*,*,#2821,.T.);
#3871=ORIENTED_EDGE('',*,*,#2822,.T.);
#3872=ORIENTED_EDGE('',*,*,#2823,.F.);
#3873=ORIENTED_EDGE('',*,*,#2824,.T.);
#3874=ORIENTED_EDGE('',*,*,#2825,.F.);
#3875=ORIENTED_EDGE('',*,*,#2826,.F.);
#3876=ORIENTED_EDGE('',*,*,#2771,.F.);
#3877=ORIENTED_EDGE('',*,*,#2827,.T.);
#3878=ORIENTED_EDGE('',*,*,#2828,.F.);
#3879=ORIENTED_EDGE('',*,*,#2829,.T.);
#3880=ORIENTED_EDGE('',*,*,#2830,.T.);
#3881=ORIENTED_EDGE('',*,*,#2757,.T.);
#3882=ORIENTED_EDGE('',*,*,#2729,.F.);
#3883=ORIENTED_EDGE('',*,*,#2736,.T.);
#3884=ORIENTED_EDGE('',*,*,#2744,.T.);
#3885=ORIENTED_EDGE('',*,*,#2737,.T.);
#3886=ORIENTED_EDGE('',*,*,#2741,.T.);
#3887=ORIENTED_EDGE('',*,*,#2731,.F.);
#3888=ORIENTED_EDGE('',*,*,#2831,.F.);
#3889=ORIENTED_EDGE('',*,*,#2832,.T.);
#3890=ORIENTED_EDGE('',*,*,#2833,.F.);
#3891=ORIENTED_EDGE('',*,*,#2834,.F.);
#3892=ORIENTED_EDGE('',*,*,#2835,.T.);
#3893=ORIENTED_EDGE('',*,*,#2836,.T.);
#3894=ORIENTED_EDGE('',*,*,#2813,.F.);
#3895=ORIENTED_EDGE('',*,*,#2837,.F.);
#3896=ORIENTED_EDGE('',*,*,#2838,.T.);
#3897=ORIENTED_EDGE('',*,*,#2839,.T.);
#3898=ORIENTED_EDGE('',*,*,#2798,.F.);
#3899=ORIENTED_EDGE('',*,*,#2840,.F.);
#3900=ORIENTED_EDGE('',*,*,#2841,.T.);
#3901=ORIENTED_EDGE('',*,*,#2842,.T.);
#3902=ORIENTED_EDGE('',*,*,#2843,.F.);
#3903=ORIENTED_EDGE('',*,*,#2844,.F.);
#3904=ORIENTED_EDGE('',*,*,#2825,.T.);
#3905=ORIENTED_EDGE('',*,*,#2845,.T.);
#3906=ORIENTED_EDGE('',*,*,#2751,.T.);
#3907=ORIENTED_EDGE('',*,*,#2656,.F.);
#3908=ORIENTED_EDGE('',*,*,#2716,.F.);
#3909=ORIENTED_EDGE('',*,*,#2623,.T.);
#3910=ORIENTED_EDGE('',*,*,#2681,.T.);
#3911=ORIENTED_EDGE('',*,*,#2652,.F.);
#3912=ORIENTED_EDGE('',*,*,#2676,.F.);
#3913=ORIENTED_EDGE('',*,*,#2620,.T.);
#3914=ORIENTED_EDGE('',*,*,#2566,.T.);
#3915=ORIENTED_EDGE('',*,*,#2649,.F.);
#3916=ORIENTED_EDGE('',*,*,#2549,.F.);
#3917=ORIENTED_EDGE('',*,*,#2617,.T.);
#3918=ORIENTED_EDGE('',*,*,#2668,.T.);
#3919=ORIENTED_EDGE('',*,*,#2646,.F.);
#3920=ORIENTED_EDGE('',*,*,#2581,.F.);
#3921=ORIENTED_EDGE('',*,*,#2614,.T.);
#3922=ORIENTED_EDGE('',*,*,#2662,.T.);
#3923=ORIENTED_EDGE('',*,*,#2643,.F.);
#3924=ORIENTED_EDGE('',*,*,#2846,.T.);
#3925=ORIENTED_EDGE('',*,*,#2847,.T.);
#3926=ORIENTED_EDGE('',*,*,#2810,.T.);
#3927=ORIENTED_EDGE('',*,*,#2848,.T.);
#3928=ORIENTED_EDGE('',*,*,#2849,.F.);
#3929=ORIENTED_EDGE('',*,*,#2782,.F.);
#3930=ORIENTED_EDGE('',*,*,#2811,.F.);
#3931=ORIENTED_EDGE('',*,*,#2847,.F.);
#3932=ORIENTED_EDGE('',*,*,#2850,.T.);
#3933=ORIENTED_EDGE('',*,*,#2851,.T.);
#3934=ORIENTED_EDGE('',*,*,#2795,.T.);
#3935=ORIENTED_EDGE('',*,*,#2852,.T.);
#3936=ORIENTED_EDGE('',*,*,#2853,.F.);
#3937=ORIENTED_EDGE('',*,*,#2778,.F.);
#3938=ORIENTED_EDGE('',*,*,#2796,.F.);
#3939=ORIENTED_EDGE('',*,*,#2851,.F.);
#3940=ORIENTED_EDGE('',*,*,#2854,.T.);
#3941=ORIENTED_EDGE('',*,*,#2855,.T.);
#3942=ORIENTED_EDGE('',*,*,#2856,.T.);
#3943=ORIENTED_EDGE('',*,*,#2857,.T.);
#3944=ORIENTED_EDGE('',*,*,#2858,.F.);
#3945=ORIENTED_EDGE('',*,*,#2774,.F.);
#3946=ORIENTED_EDGE('',*,*,#2859,.F.);
#3947=ORIENTED_EDGE('',*,*,#2857,.F.);
#3948=ORIENTED_EDGE('',*,*,#2828,.T.);
#3949=ORIENTED_EDGE('',*,*,#2860,.T.);
#3950=ORIENTED_EDGE('',*,*,#2748,.T.);
#3951=ORIENTED_EDGE('',*,*,#2861,.T.);
#3952=ORIENTED_EDGE('',*,*,#2827,.F.);
#3953=ORIENTED_EDGE('',*,*,#2770,.F.);
#3954=ORIENTED_EDGE('',*,*,#2749,.F.);
#3955=ORIENTED_EDGE('',*,*,#2860,.F.);
#3956=ORIENTED_EDGE('',*,*,#2823,.T.);
#3957=ORIENTED_EDGE('',*,*,#2862,.T.);
#3958=ORIENTED_EDGE('',*,*,#2753,.T.);
#3959=ORIENTED_EDGE('',*,*,#2863,.T.);
#3960=ORIENTED_EDGE('',*,*,#2759,.T.);
#3961=ORIENTED_EDGE('',*,*,#2864,.F.);
#3962=ORIENTED_EDGE('',*,*,#2865,.T.);
#3963=ORIENTED_EDGE('',*,*,#2793,.T.);
#3964=ORIENTED_EDGE('',*,*,#2802,.T.);
#3965=ORIENTED_EDGE('',*,*,#2866,.T.);
#3966=ORIENTED_EDGE('',*,*,#2867,.F.);
#3967=ORIENTED_EDGE('',*,*,#2868,.T.);
#3968=ORIENTED_EDGE('',*,*,#2819,.F.);
#3969=ORIENTED_EDGE('',*,*,#2869,.T.);
#3970=ORIENTED_EDGE('',*,*,#2870,.F.);
#3971=ORIENTED_EDGE('',*,*,#2806,.F.);
#3972=ORIENTED_EDGE('',*,*,#2871,.T.);
#3973=ORIENTED_EDGE('',*,*,#2872,.T.);
#3974=ORIENTED_EDGE('',*,*,#2815,.T.);
#3975=ORIENTED_EDGE('',*,*,#2873,.T.);
#3976=ORIENTED_EDGE('',*,*,#2766,.T.);
#3977=ORIENTED_EDGE('',*,*,#2874,.F.);
#3978=ORIENTED_EDGE('',*,*,#2875,.T.);
#3979=ORIENTED_EDGE('',*,*,#2808,.F.);
#3980=ORIENTED_EDGE('',*,*,#2876,.T.);
#3981=ORIENTED_EDGE('',*,*,#2877,.T.);
#3982=ORIENTED_EDGE('',*,*,#2800,.T.);
#3983=ORIENTED_EDGE('',*,*,#2878,.T.);
#3984=ORIENTED_EDGE('',*,*,#2879,.F.);
#3985=ORIENTED_EDGE('',*,*,#2880,.T.);
#3986=ORIENTED_EDGE('',*,*,#2881,.T.);
#3987=ORIENTED_EDGE('',*,*,#2882,.F.);
#3988=ORIENTED_EDGE('',*,*,#2883,.T.);
#3989=ORIENTED_EDGE('',*,*,#2884,.T.);
#3990=ORIENTED_EDGE('',*,*,#2885,.T.);
#3991=ORIENTED_EDGE('',*,*,#2882,.T.);
#3992=ORIENTED_EDGE('',*,*,#2758,.T.);
#3993=ORIENTED_EDGE('',*,*,#2830,.F.);
#3994=ORIENTED_EDGE('',*,*,#2886,.T.);
#3995=ORIENTED_EDGE('',*,*,#2746,.T.);
#3996=ORIENTED_EDGE('',*,*,#2887,.T.);
#3997=ORIENTED_EDGE('',*,*,#2888,.T.);
#3998=ORIENTED_EDGE('',*,*,#2889,.F.);
#3999=ORIENTED_EDGE('',*,*,#2890,.T.);
#4000=ORIENTED_EDGE('',*,*,#2891,.F.);
#4001=ORIENTED_EDGE('',*,*,#2892,.T.);
#4002=ORIENTED_EDGE('',*,*,#2893,.T.);
#4003=ORIENTED_EDGE('',*,*,#2894,.F.);
#4004=ORIENTED_EDGE('',*,*,#2895,.T.);
#4005=ORIENTED_EDGE('',*,*,#2896,.T.);
#4006=ORIENTED_EDGE('',*,*,#2897,.F.);
#4007=ORIENTED_EDGE('',*,*,#2894,.T.);
#4008=ORIENTED_EDGE('',*,*,#2787,.T.);
#4009=ORIENTED_EDGE('',*,*,#2898,.T.);
#4010=ORIENTED_EDGE('',*,*,#2889,.T.);
#4011=ORIENTED_EDGE('',*,*,#2899,.T.);
#4012=ORIENTED_EDGE('',*,*,#2891,.T.);
#4013=ORIENTED_EDGE('',*,*,#2897,.T.);
#4014=ORIENTED_EDGE('',*,*,#2900,.T.);
#4015=ORIENTED_EDGE('',*,*,#2831,.T.);
#4016=ORIENTED_EDGE('',*,*,#2642,.F.);
#4017=ORIENTED_EDGE('',*,*,#2685,.F.);
#4018=ORIENTED_EDGE('',*,*,#2686,.F.);
#4019=ORIENTED_EDGE('',*,*,#2606,.T.);
#4020=ORIENTED_EDGE('',*,*,#2706,.F.);
#4021=ORIENTED_EDGE('',*,*,#2705,.F.);
#4022=ORIENTED_EDGE('',*,*,#2881,.F.);
#4023=ORIENTED_EDGE('',*,*,#2901,.T.);
#4024=ORIENTED_EDGE('',*,*,#2854,.F.);
#4025=ORIENTED_EDGE('',*,*,#2859,.T.);
#4026=ORIENTED_EDGE('',*,*,#2773,.F.);
#4027=ORIENTED_EDGE('',*,*,#2902,.T.);
#4028=ORIENTED_EDGE('',*,*,#2843,.T.);
#4029=ORIENTED_EDGE('',*,*,#2903,.T.);
#4030=ORIENTED_EDGE('',*,*,#2883,.F.);
#4031=ORIENTED_EDGE('',*,*,#2856,.F.);
#4032=ORIENTED_EDGE('',*,*,#2904,.T.);
#4033=ORIENTED_EDGE('',*,*,#2879,.T.);
#4034=ORIENTED_EDGE('',*,*,#2885,.F.);
#4035=ORIENTED_EDGE('',*,*,#2905,.T.);
#4036=ORIENTED_EDGE('',*,*,#2841,.F.);
#4037=ORIENTED_EDGE('',*,*,#2906,.F.);
#4038=ORIENTED_EDGE('',*,*,#2775,.F.);
#4039=ORIENTED_EDGE('',*,*,#2858,.T.);
#4040=ORIENTED_EDGE('',*,*,#2765,.T.);
#4041=ORIENTED_EDGE('',*,*,#2907,.T.);
#4042=ORIENTED_EDGE('',*,*,#2908,.T.);
#4043=ORIENTED_EDGE('',*,*,#2909,.T.);
#4044=ORIENTED_EDGE('',*,*,#2867,.T.);
#4045=ORIENTED_EDGE('',*,*,#2910,.T.);
#4046=ORIENTED_EDGE('',*,*,#2876,.F.);
#4047=ORIENTED_EDGE('',*,*,#2911,.T.);
#4048=ORIENTED_EDGE('',*,*,#2838,.F.);
#4049=ORIENTED_EDGE('',*,*,#2912,.F.);
#4050=ORIENTED_EDGE('',*,*,#2779,.F.);
#4051=ORIENTED_EDGE('',*,*,#2853,.T.);
#4052=ORIENTED_EDGE('',*,*,#2850,.F.);
#4053=ORIENTED_EDGE('',*,*,#2913,.T.);
#4054=ORIENTED_EDGE('',*,*,#2864,.T.);
#4055=ORIENTED_EDGE('',*,*,#2769,.T.);
#4056=ORIENTED_EDGE('',*,*,#2807,.T.);
#4057=ORIENTED_EDGE('',*,*,#2870,.T.);
#4058=ORIENTED_EDGE('',*,*,#2914,.T.);
#4059=ORIENTED_EDGE('',*,*,#2915,.T.);
#4060=ORIENTED_EDGE('',*,*,#2916,.T.);
#4061=ORIENTED_EDGE('',*,*,#2871,.F.);
#4062=ORIENTED_EDGE('',*,*,#2917,.T.);
#4063=ORIENTED_EDGE('',*,*,#2835,.F.);
#4064=ORIENTED_EDGE('',*,*,#2918,.F.);
#4065=ORIENTED_EDGE('',*,*,#2783,.F.);
#4066=ORIENTED_EDGE('',*,*,#2849,.T.);
#4067=ORIENTED_EDGE('',*,*,#2846,.F.);
#4068=ORIENTED_EDGE('',*,*,#2919,.T.);
#4069=ORIENTED_EDGE('',*,*,#2874,.T.);
#4070=ORIENTED_EDGE('',*,*,#2893,.F.);
#4071=ORIENTED_EDGE('',*,*,#2920,.T.);
#4072=ORIENTED_EDGE('',*,*,#2887,.F.);
#4073=ORIENTED_EDGE('',*,*,#2921,.T.);
#4074=ORIENTED_EDGE('',*,*,#2785,.F.);
#4075=ORIENTED_EDGE('',*,*,#2922,.T.);
#4076=ORIENTED_EDGE('',*,*,#2833,.T.);
#4077=ORIENTED_EDGE('',*,*,#2923,.T.);
#4078=ORIENTED_EDGE('',*,*,#2895,.F.);
#4079=ORIENTED_EDGE('',*,*,#2824,.F.);
#4080=ORIENTED_EDGE('',*,*,#2863,.F.);
#4081=ORIENTED_EDGE('',*,*,#2752,.F.);
#4082=ORIENTED_EDGE('',*,*,#2845,.F.);
#4083=ORIENTED_EDGE('',*,*,#2905,.F.);
#4084=ORIENTED_EDGE('',*,*,#2884,.F.);
#4085=ORIENTED_EDGE('',*,*,#2903,.F.);
#4086=ORIENTED_EDGE('',*,*,#2842,.F.);
#4087=ORIENTED_EDGE('',*,*,#2911,.F.);
#4088=ORIENTED_EDGE('',*,*,#2878,.F.);
#4089=ORIENTED_EDGE('',*,*,#2799,.F.);
#4090=ORIENTED_EDGE('',*,*,#2839,.F.);
#4091=ORIENTED_EDGE('',*,*,#2917,.F.);
#4092=ORIENTED_EDGE('',*,*,#2873,.F.);
#4093=ORIENTED_EDGE('',*,*,#2814,.F.);
#4094=ORIENTED_EDGE('',*,*,#2836,.F.);
#4095=ORIENTED_EDGE('',*,*,#2900,.F.);
#4096=ORIENTED_EDGE('',*,*,#2896,.F.);
#4097=ORIENTED_EDGE('',*,*,#2923,.F.);
#4098=ORIENTED_EDGE('',*,*,#2832,.F.);
#4099=ORIENTED_EDGE('',*,*,#2921,.F.);
#4100=ORIENTED_EDGE('',*,*,#2890,.F.);
#4101=ORIENTED_EDGE('',*,*,#2898,.F.);
#4102=ORIENTED_EDGE('',*,*,#2786,.F.);
#4103=ORIENTED_EDGE('',*,*,#2817,.F.);
#4104=ORIENTED_EDGE('',*,*,#2924,.T.);
#4105=ORIENTED_EDGE('',*,*,#2915,.F.);
#4106=ORIENTED_EDGE('',*,*,#2925,.T.);
#4107=ORIENTED_EDGE('',*,*,#2764,.T.);
#4108=ORIENTED_EDGE('',*,*,#2926,.T.);
#4109=ORIENTED_EDGE('',*,*,#2927,.T.);
#4110=ORIENTED_EDGE('',*,*,#2907,.F.);
#4111=ORIENTED_EDGE('',*,*,#2789,.T.);
#4112=ORIENTED_EDGE('',*,*,#2792,.T.);
#4113=ORIENTED_EDGE('',*,*,#2804,.F.);
#4114=ORIENTED_EDGE('',*,*,#2928,.T.);
#4115=ORIENTED_EDGE('',*,*,#2908,.F.);
#4116=ORIENTED_EDGE('',*,*,#2927,.F.);
#4117=ORIENTED_EDGE('',*,*,#2929,.T.);
#4118=ORIENTED_EDGE('',*,*,#2829,.F.);
#4119=ORIENTED_EDGE('',*,*,#2861,.F.);
#4120=ORIENTED_EDGE('',*,*,#2747,.F.);
#4121=ORIENTED_EDGE('',*,*,#2886,.F.);
#4122=ORIENTED_EDGE('',*,*,#2913,.F.);
#4123=ORIENTED_EDGE('',*,*,#2852,.F.);
#4124=ORIENTED_EDGE('',*,*,#2794,.F.);
#4125=ORIENTED_EDGE('',*,*,#2865,.F.);
#4126=ORIENTED_EDGE('',*,*,#2919,.F.);
#4127=ORIENTED_EDGE('',*,*,#2848,.F.);
#4128=ORIENTED_EDGE('',*,*,#2809,.F.);
#4129=ORIENTED_EDGE('',*,*,#2875,.F.);
#4130=ORIENTED_EDGE('',*,*,#2909,.F.);
#4131=ORIENTED_EDGE('',*,*,#2928,.F.);
#4132=ORIENTED_EDGE('',*,*,#2803,.F.);
#4133=ORIENTED_EDGE('',*,*,#2868,.F.);
#4134=ORIENTED_EDGE('',*,*,#2914,.F.);
#4135=ORIENTED_EDGE('',*,*,#2869,.F.);
#4136=ORIENTED_EDGE('',*,*,#2818,.F.);
#4137=ORIENTED_EDGE('',*,*,#2925,.F.);
#4138=ORIENTED_EDGE('',*,*,#2755,.T.);
#4139=ORIENTED_EDGE('',*,*,#2930,.T.);
#4140=ORIENTED_EDGE('',*,*,#2821,.F.);
#4141=ORIENTED_EDGE('',*,*,#2931,.T.);
#4142=ORIENTED_EDGE('',*,*,#2730,.T.);
#4143=ORIENTED_EDGE('',*,*,#2756,.F.);
#4144=ORIENTED_EDGE('',*,*,#2931,.F.);
#4145=ORIENTED_EDGE('',*,*,#2820,.F.);
#4146=ORIENTED_EDGE('',*,*,#2844,.T.);
#4147=ORIENTED_EDGE('',*,*,#2902,.F.);
#4148=ORIENTED_EDGE('',*,*,#2772,.F.);
#4149=ORIENTED_EDGE('',*,*,#2826,.T.);
#4150=ORIENTED_EDGE('',*,*,#2840,.T.);
#4151=ORIENTED_EDGE('',*,*,#2797,.F.);
#4152=ORIENTED_EDGE('',*,*,#2776,.F.);
#4153=ORIENTED_EDGE('',*,*,#2906,.T.);
#4154=ORIENTED_EDGE('',*,*,#2837,.T.);
#4155=ORIENTED_EDGE('',*,*,#2812,.F.);
#4156=ORIENTED_EDGE('',*,*,#2780,.F.);
#4157=ORIENTED_EDGE('',*,*,#2912,.T.);
#4158=ORIENTED_EDGE('',*,*,#2834,.T.);
#4159=ORIENTED_EDGE('',*,*,#2922,.F.);
#4160=ORIENTED_EDGE('',*,*,#2784,.F.);
#4161=ORIENTED_EDGE('',*,*,#2918,.T.);
#4162=ORIENTED_EDGE('',*,*,#2899,.F.);
#4163=ORIENTED_EDGE('',*,*,#2888,.F.);
#4164=ORIENTED_EDGE('',*,*,#2920,.F.);
#4165=ORIENTED_EDGE('',*,*,#2892,.F.);
#4166=ORIENTED_EDGE('',*,*,#2904,.F.);
#4167=ORIENTED_EDGE('',*,*,#2855,.F.);
#4168=ORIENTED_EDGE('',*,*,#2901,.F.);
#4169=ORIENTED_EDGE('',*,*,#2880,.F.);
#4170=ORIENTED_EDGE('',*,*,#2916,.F.);
#4171=ORIENTED_EDGE('',*,*,#2924,.F.);
#4172=ORIENTED_EDGE('',*,*,#2816,.F.);
#4173=ORIENTED_EDGE('',*,*,#2872,.F.);
#4174=ORIENTED_EDGE('',*,*,#2910,.F.);
#4175=ORIENTED_EDGE('',*,*,#2866,.F.);
#4176=ORIENTED_EDGE('',*,*,#2801,.F.);
#4177=ORIENTED_EDGE('',*,*,#2877,.F.);
#4178=ORIENTED_EDGE('',*,*,#2754,.F.);
#4179=ORIENTED_EDGE('',*,*,#2862,.F.);
#4180=ORIENTED_EDGE('',*,*,#2822,.F.);
#4181=ORIENTED_EDGE('',*,*,#2930,.F.);
#4182=ORIENTED_EDGE('',*,*,#2763,.T.);
#4183=ORIENTED_EDGE('',*,*,#2790,.F.);
#4184=ORIENTED_EDGE('',*,*,#2929,.F.);
#4185=ORIENTED_EDGE('',*,*,#2926,.F.);
#4186=ORIENTED_EDGE('',*,*,#2932,.T.);
#4187=ORIENTED_EDGE('',*,*,#2933,.T.);
#4188=ORIENTED_EDGE('',*,*,#2934,.T.);
#4189=ORIENTED_EDGE('',*,*,#2935,.T.);
#4190=ORIENTED_EDGE('',*,*,#2936,.T.);
#4191=ORIENTED_EDGE('',*,*,#2937,.T.);
#4192=ORIENTED_EDGE('',*,*,#2932,.F.);
#4193=ORIENTED_EDGE('',*,*,#2938,.T.);
#4194=ORIENTED_EDGE('',*,*,#2939,.T.);
#4195=ORIENTED_EDGE('',*,*,#2940,.T.);
#4196=ORIENTED_EDGE('',*,*,#2941,.T.);
#4197=ORIENTED_EDGE('',*,*,#2942,.T.);
#4198=ORIENTED_EDGE('',*,*,#2943,.T.);
#4199=ORIENTED_EDGE('',*,*,#2944,.T.);
#4200=ORIENTED_EDGE('',*,*,#2945,.T.);
#4201=ORIENTED_EDGE('',*,*,#2946,.T.);
#4202=ORIENTED_EDGE('',*,*,#2947,.T.);
#4203=ORIENTED_EDGE('',*,*,#2948,.T.);
#4204=ORIENTED_EDGE('',*,*,#2949,.T.);
#4205=ORIENTED_EDGE('',*,*,#2950,.T.);
#4206=ORIENTED_EDGE('',*,*,#2951,.T.);
#4207=ORIENTED_EDGE('',*,*,#2952,.F.);
#4208=ORIENTED_EDGE('',*,*,#2952,.T.);
#4209=ORIENTED_EDGE('',*,*,#2953,.T.);
#4210=ORIENTED_EDGE('',*,*,#2954,.F.);
#4211=ORIENTED_EDGE('',*,*,#2933,.F.);
#4212=ORIENTED_EDGE('',*,*,#2954,.T.);
#4213=ORIENTED_EDGE('',*,*,#2955,.T.);
#4214=ORIENTED_EDGE('',*,*,#2956,.F.);
#4215=ORIENTED_EDGE('',*,*,#2934,.F.);
#4216=ORIENTED_EDGE('',*,*,#2935,.F.);
#4217=ORIENTED_EDGE('',*,*,#2956,.T.);
#4218=ORIENTED_EDGE('',*,*,#2957,.T.);
#4219=ORIENTED_EDGE('',*,*,#2958,.F.);
#4220=ORIENTED_EDGE('',*,*,#2959,.F.);
#4221=ORIENTED_EDGE('',*,*,#2960,.F.);
#4222=ORIENTED_EDGE('',*,*,#2961,.F.);
#4223=ORIENTED_EDGE('',*,*,#2962,.F.);
#4224=ORIENTED_EDGE('',*,*,#2936,.F.);
#4225=ORIENTED_EDGE('',*,*,#2962,.T.);
#4226=ORIENTED_EDGE('',*,*,#2963,.F.);
#4227=ORIENTED_EDGE('',*,*,#2964,.T.);
#4228=ORIENTED_EDGE('',*,*,#2965,.F.);
#4229=ORIENTED_EDGE('',*,*,#2958,.T.);
#4230=ORIENTED_EDGE('',*,*,#2966,.T.);
#4231=ORIENTED_EDGE('',*,*,#2967,.F.);
#4232=ORIENTED_EDGE('',*,*,#2937,.F.);
#4233=ORIENTED_EDGE('',*,*,#2967,.T.);
#4234=ORIENTED_EDGE('',*,*,#2968,.T.);
#4235=ORIENTED_EDGE('',*,*,#2950,.F.);
#4236=ORIENTED_EDGE('',*,*,#2969,.T.);
#4237=ORIENTED_EDGE('',*,*,#2970,.T.);
#4238=ORIENTED_EDGE('',*,*,#2971,.T.);
#4239=ORIENTED_EDGE('',*,*,#2946,.F.);
#4240=ORIENTED_EDGE('',*,*,#2972,.T.);
#4241=ORIENTED_EDGE('',*,*,#2973,.T.);
#4242=ORIENTED_EDGE('',*,*,#2974,.T.);
#4243=ORIENTED_EDGE('',*,*,#2942,.F.);
#4244=ORIENTED_EDGE('',*,*,#2975,.T.);
#4245=ORIENTED_EDGE('',*,*,#2976,.T.);
#4246=ORIENTED_EDGE('',*,*,#2977,.T.);
#4247=ORIENTED_EDGE('',*,*,#2938,.F.);
#4248=ORIENTED_EDGE('',*,*,#2951,.F.);
#4249=ORIENTED_EDGE('',*,*,#2968,.F.);
#4250=ORIENTED_EDGE('',*,*,#2966,.F.);
#4251=ORIENTED_EDGE('',*,*,#2957,.F.);
#4252=ORIENTED_EDGE('',*,*,#2955,.F.);
#4253=ORIENTED_EDGE('',*,*,#2953,.F.);
#4254=ORIENTED_EDGE('',*,*,#2978,.T.);
#4255=ORIENTED_EDGE('',*,*,#2969,.F.);
#4256=ORIENTED_EDGE('',*,*,#2949,.F.);
#4257=ORIENTED_EDGE('',*,*,#2979,.T.);
#4258=ORIENTED_EDGE('',*,*,#2980,.F.);
#4259=ORIENTED_EDGE('',*,*,#2981,.F.);
#4260=ORIENTED_EDGE('',*,*,#2948,.F.);
#4261=ORIENTED_EDGE('',*,*,#2982,.T.);
#4262=ORIENTED_EDGE('',*,*,#2983,.F.);
#4263=ORIENTED_EDGE('',*,*,#2979,.F.);
#4264=ORIENTED_EDGE('',*,*,#2947,.F.);
#4265=ORIENTED_EDGE('',*,*,#2971,.F.);
#4266=ORIENTED_EDGE('',*,*,#2984,.T.);
#4267=ORIENTED_EDGE('',*,*,#2985,.T.);
#4268=ORIENTED_EDGE('',*,*,#2986,.F.);
#4269=ORIENTED_EDGE('',*,*,#2982,.F.);
#4270=ORIENTED_EDGE('',*,*,#2987,.T.);
#4271=ORIENTED_EDGE('',*,*,#2972,.F.);
#4272=ORIENTED_EDGE('',*,*,#2945,.F.);
#4273=ORIENTED_EDGE('',*,*,#2988,.T.);
#4274=ORIENTED_EDGE('',*,*,#2989,.F.);
#4275=ORIENTED_EDGE('',*,*,#2990,.F.);
#4276=ORIENTED_EDGE('',*,*,#2944,.F.);
#4277=ORIENTED_EDGE('',*,*,#2991,.T.);
#4278=ORIENTED_EDGE('',*,*,#2992,.F.);
#4279=ORIENTED_EDGE('',*,*,#2988,.F.);
#4280=ORIENTED_EDGE('',*,*,#2943,.F.);
#4281=ORIENTED_EDGE('',*,*,#2974,.F.);
#4282=ORIENTED_EDGE('',*,*,#2993,.T.);
#4283=ORIENTED_EDGE('',*,*,#2994,.T.);
#4284=ORIENTED_EDGE('',*,*,#2995,.F.);
#4285=ORIENTED_EDGE('',*,*,#2991,.F.);
#4286=ORIENTED_EDGE('',*,*,#2996,.T.);
#4287=ORIENTED_EDGE('',*,*,#2975,.F.);
#4288=ORIENTED_EDGE('',*,*,#2941,.F.);
#4289=ORIENTED_EDGE('',*,*,#2997,.T.);
#4290=ORIENTED_EDGE('',*,*,#2998,.F.);
#4291=ORIENTED_EDGE('',*,*,#2999,.F.);
#4292=ORIENTED_EDGE('',*,*,#2940,.F.);
#4293=ORIENTED_EDGE('',*,*,#3000,.T.);
#4294=ORIENTED_EDGE('',*,*,#3001,.F.);
#4295=ORIENTED_EDGE('',*,*,#2997,.F.);
#4296=ORIENTED_EDGE('',*,*,#2939,.F.);
#4297=ORIENTED_EDGE('',*,*,#2977,.F.);
#4298=ORIENTED_EDGE('',*,*,#3002,.T.);
#4299=ORIENTED_EDGE('',*,*,#3003,.T.);
#4300=ORIENTED_EDGE('',*,*,#3004,.F.);
#4301=ORIENTED_EDGE('',*,*,#3000,.F.);
#4302=ORIENTED_EDGE('',*,*,#2961,.T.);
#4303=ORIENTED_EDGE('',*,*,#3005,.T.);
#4304=ORIENTED_EDGE('',*,*,#3006,.T.);
#4305=ORIENTED_EDGE('',*,*,#3007,.F.);
#4306=ORIENTED_EDGE('',*,*,#3008,.F.);
#4307=ORIENTED_EDGE('',*,*,#2963,.T.);
#4308=ORIENTED_EDGE('',*,*,#2960,.T.);
#4309=ORIENTED_EDGE('',*,*,#3009,.T.);
#4310=ORIENTED_EDGE('',*,*,#3010,.T.);
#4311=ORIENTED_EDGE('',*,*,#3005,.F.);
#4312=ORIENTED_EDGE('',*,*,#3011,.F.);
#4313=ORIENTED_EDGE('',*,*,#3012,.F.);
#4314=ORIENTED_EDGE('',*,*,#3013,.T.);
#4315=ORIENTED_EDGE('',*,*,#3014,.T.);
#4316=ORIENTED_EDGE('',*,*,#3009,.F.);
#4317=ORIENTED_EDGE('',*,*,#2959,.T.);
#4318=ORIENTED_EDGE('',*,*,#2965,.T.);
#4319=ORIENTED_EDGE('',*,*,#3015,.T.);
#4320=ORIENTED_EDGE('',*,*,#3012,.T.);
#4321=ORIENTED_EDGE('',*,*,#2964,.F.);
#4322=ORIENTED_EDGE('',*,*,#3008,.T.);
#4323=ORIENTED_EDGE('',*,*,#3002,.F.);
#4324=ORIENTED_EDGE('',*,*,#2976,.F.);
#4325=ORIENTED_EDGE('',*,*,#2996,.F.);
#4326=ORIENTED_EDGE('',*,*,#3016,.F.);
#4327=ORIENTED_EDGE('',*,*,#3017,.F.);
#4328=ORIENTED_EDGE('',*,*,#3018,.F.);
#4329=ORIENTED_EDGE('',*,*,#3019,.F.);
#4330=ORIENTED_EDGE('',*,*,#3020,.F.);
#4331=ORIENTED_EDGE('',*,*,#3021,.F.);
#4332=ORIENTED_EDGE('',*,*,#2993,.F.);
#4333=ORIENTED_EDGE('',*,*,#2973,.F.);
#4334=ORIENTED_EDGE('',*,*,#2987,.F.);
#4335=ORIENTED_EDGE('',*,*,#3022,.F.);
#4336=ORIENTED_EDGE('',*,*,#3023,.F.);
#4337=ORIENTED_EDGE('',*,*,#3024,.F.);
#4338=ORIENTED_EDGE('',*,*,#3025,.F.);
#4339=ORIENTED_EDGE('',*,*,#3026,.F.);
#4340=ORIENTED_EDGE('',*,*,#3027,.F.);
#4341=ORIENTED_EDGE('',*,*,#2984,.F.);
#4342=ORIENTED_EDGE('',*,*,#2970,.F.);
#4343=ORIENTED_EDGE('',*,*,#2978,.F.);
#4344=ORIENTED_EDGE('',*,*,#3028,.F.);
#4345=ORIENTED_EDGE('',*,*,#3029,.F.);
#4346=ORIENTED_EDGE('',*,*,#3030,.F.);
#4347=ORIENTED_EDGE('',*,*,#3031,.F.);
#4348=ORIENTED_EDGE('',*,*,#3032,.F.);
#4349=ORIENTED_EDGE('',*,*,#3033,.F.);
#4350=ORIENTED_EDGE('',*,*,#3034,.T.);
#4351=ORIENTED_EDGE('',*,*,#3035,.T.);
#4352=ORIENTED_EDGE('',*,*,#3036,.T.);
#4353=ORIENTED_EDGE('',*,*,#3037,.T.);
#4354=ORIENTED_EDGE('',*,*,#3038,.T.);
#4355=ORIENTED_EDGE('',*,*,#3039,.T.);
#4356=ORIENTED_EDGE('',*,*,#2980,.T.);
#4357=ORIENTED_EDGE('',*,*,#2983,.T.);
#4358=ORIENTED_EDGE('',*,*,#2986,.T.);
#4359=ORIENTED_EDGE('',*,*,#3040,.F.);
#4360=ORIENTED_EDGE('',*,*,#3028,.T.);
#4361=ORIENTED_EDGE('',*,*,#2981,.T.);
#4362=ORIENTED_EDGE('',*,*,#3039,.F.);
#4363=ORIENTED_EDGE('',*,*,#2985,.F.);
#4364=ORIENTED_EDGE('',*,*,#3033,.T.);
#4365=ORIENTED_EDGE('',*,*,#3041,.T.);
#4366=ORIENTED_EDGE('',*,*,#3034,.F.);
#4367=ORIENTED_EDGE('',*,*,#3042,.T.);
#4368=ORIENTED_EDGE('',*,*,#3043,.T.);
#4369=ORIENTED_EDGE('',*,*,#3044,.T.);
#4370=ORIENTED_EDGE('',*,*,#3045,.T.);
#4371=ORIENTED_EDGE('',*,*,#3046,.T.);
#4372=ORIENTED_EDGE('',*,*,#3047,.T.);
#4373=ORIENTED_EDGE('',*,*,#2989,.T.);
#4374=ORIENTED_EDGE('',*,*,#2992,.T.);
#4375=ORIENTED_EDGE('',*,*,#2995,.T.);
#4376=ORIENTED_EDGE('',*,*,#3048,.F.);
#4377=ORIENTED_EDGE('',*,*,#3022,.T.);
#4378=ORIENTED_EDGE('',*,*,#2990,.T.);
#4379=ORIENTED_EDGE('',*,*,#3047,.F.);
#4380=ORIENTED_EDGE('',*,*,#2994,.F.);
#4381=ORIENTED_EDGE('',*,*,#3027,.T.);
#4382=ORIENTED_EDGE('',*,*,#3049,.T.);
#4383=ORIENTED_EDGE('',*,*,#3042,.F.);
#4384=ORIENTED_EDGE('',*,*,#3050,.T.);
#4385=ORIENTED_EDGE('',*,*,#3051,.T.);
#4386=ORIENTED_EDGE('',*,*,#3052,.T.);
#4387=ORIENTED_EDGE('',*,*,#3053,.T.);
#4388=ORIENTED_EDGE('',*,*,#3054,.T.);
#4389=ORIENTED_EDGE('',*,*,#3055,.T.);
#4390=ORIENTED_EDGE('',*,*,#2998,.T.);
#4391=ORIENTED_EDGE('',*,*,#3001,.T.);
#4392=ORIENTED_EDGE('',*,*,#3004,.T.);
#4393=ORIENTED_EDGE('',*,*,#3056,.F.);
#4394=ORIENTED_EDGE('',*,*,#3016,.T.);
#4395=ORIENTED_EDGE('',*,*,#2999,.T.);
#4396=ORIENTED_EDGE('',*,*,#3055,.F.);
#4397=ORIENTED_EDGE('',*,*,#3003,.F.);
#4398=ORIENTED_EDGE('',*,*,#3021,.T.);
#4399=ORIENTED_EDGE('',*,*,#3057,.T.);
#4400=ORIENTED_EDGE('',*,*,#3050,.F.);
#4401=ORIENTED_EDGE('',*,*,#3007,.T.);
#4402=ORIENTED_EDGE('',*,*,#3058,.T.);
#4403=ORIENTED_EDGE('',*,*,#3013,.F.);
#4404=ORIENTED_EDGE('',*,*,#3015,.F.);
#4405=ORIENTED_EDGE('',*,*,#3059,.T.);
#4406=ORIENTED_EDGE('',*,*,#3058,.F.);
#4407=ORIENTED_EDGE('',*,*,#3006,.F.);
#4408=ORIENTED_EDGE('',*,*,#3010,.F.);
#4409=ORIENTED_EDGE('',*,*,#3014,.F.);
#4410=ORIENTED_EDGE('',*,*,#3059,.F.);
#4411=ORIENTED_EDGE('',*,*,#3060,.T.);
#4412=ORIENTED_EDGE('',*,*,#3011,.T.);
#4413=ORIENTED_EDGE('',*,*,#3060,.F.);
#4414=ORIENTED_EDGE('',*,*,#3061,.F.);
#4415=ORIENTED_EDGE('',*,*,#3017,.T.);
#4416=ORIENTED_EDGE('',*,*,#3056,.T.);
#4417=ORIENTED_EDGE('',*,*,#3054,.F.);
#4418=ORIENTED_EDGE('',*,*,#3062,.F.);
#4419=ORIENTED_EDGE('',*,*,#3018,.T.);
#4420=ORIENTED_EDGE('',*,*,#3061,.T.);
#4421=ORIENTED_EDGE('',*,*,#3053,.F.);
#4422=ORIENTED_EDGE('',*,*,#3063,.F.);
#4423=ORIENTED_EDGE('',*,*,#3019,.T.);
#4424=ORIENTED_EDGE('',*,*,#3062,.T.);
#4425=ORIENTED_EDGE('',*,*,#3052,.F.);
#4426=ORIENTED_EDGE('',*,*,#3057,.F.);
#4427=ORIENTED_EDGE('',*,*,#3020,.T.);
#4428=ORIENTED_EDGE('',*,*,#3063,.T.);
#4429=ORIENTED_EDGE('',*,*,#3051,.F.);
#4430=ORIENTED_EDGE('',*,*,#3064,.F.);
#4431=ORIENTED_EDGE('',*,*,#3023,.T.);
#4432=ORIENTED_EDGE('',*,*,#3048,.T.);
#4433=ORIENTED_EDGE('',*,*,#3046,.F.);
#4434=ORIENTED_EDGE('',*,*,#3065,.F.);
#4435=ORIENTED_EDGE('',*,*,#3024,.T.);
#4436=ORIENTED_EDGE('',*,*,#3064,.T.);
#4437=ORIENTED_EDGE('',*,*,#3045,.F.);
#4438=ORIENTED_EDGE('',*,*,#3066,.F.);
#4439=ORIENTED_EDGE('',*,*,#3025,.T.);
#4440=ORIENTED_EDGE('',*,*,#3065,.T.);
#4441=ORIENTED_EDGE('',*,*,#3044,.F.);
#4442=ORIENTED_EDGE('',*,*,#3049,.F.);
#4443=ORIENTED_EDGE('',*,*,#3026,.T.);
#4444=ORIENTED_EDGE('',*,*,#3066,.T.);
#4445=ORIENTED_EDGE('',*,*,#3043,.F.);
#4446=ORIENTED_EDGE('',*,*,#3067,.F.);
#4447=ORIENTED_EDGE('',*,*,#3029,.T.);
#4448=ORIENTED_EDGE('',*,*,#3040,.T.);
#4449=ORIENTED_EDGE('',*,*,#3038,.F.);
#4450=ORIENTED_EDGE('',*,*,#3068,.F.);
#4451=ORIENTED_EDGE('',*,*,#3030,.T.);
#4452=ORIENTED_EDGE('',*,*,#3067,.T.);
#4453=ORIENTED_EDGE('',*,*,#3037,.F.);
#4454=ORIENTED_EDGE('',*,*,#3069,.F.);
#4455=ORIENTED_EDGE('',*,*,#3031,.T.);
#4456=ORIENTED_EDGE('',*,*,#3068,.T.);
#4457=ORIENTED_EDGE('',*,*,#3036,.F.);
#4458=ORIENTED_EDGE('',*,*,#3041,.F.);
#4459=ORIENTED_EDGE('',*,*,#3032,.T.);
#4460=ORIENTED_EDGE('',*,*,#3069,.T.);
#4461=ORIENTED_EDGE('',*,*,#3035,.F.);
#4462=PLANE('',#4915);
#4463=PLANE('',#4916);
#4464=PLANE('',#4918);
#4465=PLANE('',#4919);
#4466=PLANE('',#4920);
#4467=PLANE('',#4922);
#4468=PLANE('',#4924);
#4469=PLANE('',#4925);
#4470=PLANE('',#4926);
#4471=PLANE('',#4930);
#4472=PLANE('',#4931);
#4473=PLANE('',#4932);
#4474=PLANE('',#4936);
#4475=PLANE('',#4937);
#4476=PLANE('',#4938);
#4477=PLANE('',#4939);
#4478=PLANE('',#4940);
#4479=PLANE('',#4941);
#4480=PLANE('',#4942);
#4481=PLANE('',#4945);
#4482=PLANE('',#4946);
#4483=PLANE('',#4949);
#4484=PLANE('',#4950);
#4485=PLANE('',#4951);
#4486=PLANE('',#4954);
#4487=PLANE('',#4955);
#4488=PLANE('',#4956);
#4489=PLANE('',#4957);
#4490=PLANE('',#4958);
#4491=PLANE('',#4959);
#4492=PLANE('',#4960);
#4493=PLANE('',#4961);
#4494=PLANE('',#4962);
#4495=PLANE('',#4966);
#4496=PLANE('',#4967);
#4497=PLANE('',#4968);
#4498=PLANE('',#4972);
#4499=PLANE('',#4976);
#4500=PLANE('',#4977);
#4501=PLANE('',#4978);
#4502=PLANE('',#4979);
#4503=PLANE('',#4980);
#4504=PLANE('',#4981);
#4505=PLANE('',#4982);
#4506=PLANE('',#4983);
#4507=PLANE('',#4984);
#4508=PLANE('',#4986);
#4509=PLANE('',#4988);
#4510=PLANE('',#4991);
#4511=PLANE('',#4994);
#4512=PLANE('',#4995);
#4513=PLANE('',#4996);
#4514=PLANE('',#5000);
#4515=PLANE('',#5002);
#4516=PLANE('',#5003);
#4517=PLANE('',#5004);
#4518=PLANE('',#5010);
#4519=PLANE('',#5011);
#4520=PLANE('',#5017);
#4521=PLANE('',#5018);
#4522=PLANE('',#5024);
#4523=PLANE('',#5025);
#4524=PLANE('',#5028);
#4525=PLANE('',#5053);
#4526=PLANE('',#5063);
#4527=PLANE('',#5064);
#4528=PLANE('',#5065);
#4529=PLANE('',#5078);
#4530=PLANE('',#5080);
#4531=PLANE('',#5082);
#4532=PLANE('',#5084);
#4533=PLANE('',#5086);
#4534=PLANE('',#5087);
#4535=PLANE('',#5088);
#4536=PLANE('',#5089);
#4537=PLANE('',#5090);
#4538=PLANE('',#5091);
#4539=PLANE('',#5092);
#4540=PLANE('',#5093);
#4541=PLANE('',#5094);
#4542=PLANE('',#5095);
#4543=PLANE('',#5099);
#4544=PLANE('',#5101);
#4545=PLANE('',#5103);
#4546=PLANE('',#5107);
#4547=PLANE('',#5108);
#4548=PLANE('',#5109);
#4549=PLANE('',#5110);
#4550=PLANE('',#5114);
#4551=PLANE('',#5115);
#4552=PLANE('',#5116);
#4553=PLANE('',#5117);
#4554=PLANE('',#5118);
#4555=PLANE('',#5119);
#4556=PLANE('',#5120);
#4557=PLANE('',#5121);
#4558=PLANE('',#5122);
#4559=PLANE('',#5126);
#4560=PLANE('',#5132);
#4561=PLANE('',#5133);
#4562=PLANE('',#5135);
#4563=PLANE('',#5136);
#4564=PLANE('',#5143);
#4565=PLANE('',#5144);
#4566=PLANE('',#5150);
#4567=PLANE('',#5151);
#4568=PLANE('',#5157);
#4569=PLANE('',#5163);
#4570=PLANE('',#5168);
#4571=PLANE('',#5171);
#4572=PLANE('',#5174);
#4573=PLANE('',#5178);
#4574=PLANE('',#5180);
#4575=PLANE('',#5181);
#4576=PLANE('',#5182);
#4577=PLANE('',#5183);
#4578=PLANE('',#5184);
#4579=PLANE('',#5185);
#4580=PLANE('',#5186);
#4581=PLANE('',#5187);
#4582=PLANE('',#5188);
#4583=PLANE('',#5189);
#4584=PLANE('',#5190);
#4585=PLANE('',#5191);
#4586=PLANE('',#5192);
#4587=PLANE('',#5193);
#4588=PLANE('',#5197);
#4589=PLANE('',#5200);
#4590=PLANE('',#5203);
#4591=PLANE('',#5208);
#4592=PLANE('',#5213);
#4593=PLANE('',#5223);
#4594=PLANE('',#5224);
#4595=PLANE('',#5225);
#4596=PLANE('',#5231);
#4597=PLANE('',#5242);
#4598=PLANE('',#5243);
#4599=PLANE('',#5244);
#4600=PLANE('',#5245);
#4601=PLANE('',#5246);
#4602=PLANE('',#5247);
#4603=PLANE('',#5248);
#4604=PLANE('',#5249);
#4605=PLANE('',#5250);
#4606=PLANE('',#5251);
#4607=PLANE('',#5252);
#4608=PLANE('',#5253);
#4609=PLANE('',#5254);
#4610=PLANE('',#5255);
#4611=PLANE('',#5256);
#4612=PLANE('',#5257);
#4613=PLANE('',#5258);
#4614=PLANE('',#5259);
#4615=PLANE('',#5260);
#4616=PLANE('',#5261);
#4617=PLANE('',#5263);
#4618=PLANE('',#5264);
#4619=PLANE('',#5265);
#4620=PLANE('',#5266);
#4621=PLANE('',#5267);
#4622=PLANE('',#5268);
#4623=PLANE('',#5269);
#4624=PLANE('',#5270);
#4625=PLANE('',#5271);
#4626=PLANE('',#5272);
#4627=PLANE('',#5273);
#4628=PLANE('',#5274);
#4629=PLANE('',#5275);
#4630=PLANE('',#5276);
#4631=PLANE('',#5277);
#4632=PLANE('',#5279);
#4633=PLANE('',#5281);
#4634=PLANE('',#5282);
#4635=PLANE('',#5283);
#4636=PLANE('',#5284);
#4637=PLANE('',#5285);
#4638=PLANE('',#5286);
#4639=PLANE('',#5287);
#4640=PLANE('',#5288);
#4641=PLANE('',#5289);
#4642=PLANE('',#5290);
#4643=PLANE('',#5291);
#4644=PLANE('',#5292);
#4645=ADVANCED_FACE('',(#280),#4462,.T.);
#4646=ADVANCED_FACE('',(#281),#4463,.F.);
#4647=ADVANCED_FACE('',(#282),#4464,.F.);
#4648=ADVANCED_FACE('',(#283),#4465,.F.);
#4649=ADVANCED_FACE('',(#284),#4466,.F.);
#4650=ADVANCED_FACE('',(#285),#4467,.T.);
#4651=ADVANCED_FACE('',(#286),#89,.T.);
#4652=ADVANCED_FACE('',(#287),#4468,.F.);
#4653=ADVANCED_FACE('',(#288),#4469,.F.);
#4654=ADVANCED_FACE('',(#289),#4470,.F.);
#4655=ADVANCED_FACE('',(#290),#90,.F.);
#4656=ADVANCED_FACE('',(#291),#4471,.F.);
#4657=ADVANCED_FACE('',(#292),#4472,.F.);
#4658=ADVANCED_FACE('',(#293),#4473,.F.);
#4659=ADVANCED_FACE('',(#294),#91,.T.);
#4660=ADVANCED_FACE('',(#295),#4474,.F.);
#4661=ADVANCED_FACE('',(#296),#4475,.T.);
#4662=ADVANCED_FACE('',(#297),#4476,.F.);
#4663=ADVANCED_FACE('',(#298),#4477,.F.);
#4664=ADVANCED_FACE('',(#299),#4478,.F.);
#4665=ADVANCED_FACE('',(#300),#4479,.F.);
#4666=ADVANCED_FACE('',(#301),#4480,.F.);
#4667=ADVANCED_FACE('',(#302),#4481,.F.);
#4668=ADVANCED_FACE('',(#303),#4482,.F.);
#4669=ADVANCED_FACE('',(#304),#92,.F.);
#4670=ADVANCED_FACE('',(#305),#4483,.F.);
#4671=ADVANCED_FACE('',(#306),#4484,.F.);
#4672=ADVANCED_FACE('',(#307),#4485,.F.);
#4673=ADVANCED_FACE('',(#308),#93,.T.);
#4674=ADVANCED_FACE('',(#309),#4486,.F.);
#4675=ADVANCED_FACE('',(#310),#4487,.T.);
#4676=ADVANCED_FACE('',(#311),#4488,.F.);
#4677=ADVANCED_FACE('',(#312),#4489,.F.);
#4678=ADVANCED_FACE('',(#313),#4490,.F.);
#4679=ADVANCED_FACE('',(#314),#4491,.F.);
#4680=ADVANCED_FACE('',(#315),#4492,.T.);
#4681=ADVANCED_FACE('',(#316),#4493,.F.);
#4682=ADVANCED_FACE('',(#317),#4494,.F.);
#4683=ADVANCED_FACE('',(#318),#94,.T.);
#4684=ADVANCED_FACE('',(#319),#4495,.T.);
#4685=ADVANCED_FACE('',(#320),#4496,.F.);
#4686=ADVANCED_FACE('',(#321),#4497,.F.);
#4687=ADVANCED_FACE('',(#322),#95,.F.);
#4688=ADVANCED_FACE('',(#323),#4498,.F.);
#4689=ADVANCED_FACE('',(#324),#96,.T.);
#4690=ADVANCED_FACE('',(#325),#4499,.F.);
#4691=ADVANCED_FACE('',(#326),#4500,.T.);
#4692=ADVANCED_FACE('',(#327),#4501,.F.);
#4693=ADVANCED_FACE('',(#328),#4502,.F.);
#4694=ADVANCED_FACE('',(#329),#4503,.F.);
#4695=ADVANCED_FACE('',(#330),#4504,.F.);
#4696=ADVANCED_FACE('',(#331),#4505,.T.);
#4697=ADVANCED_FACE('',(#332),#4506,.F.);
#4698=ADVANCED_FACE('',(#333),#4507,.T.);
#4699=ADVANCED_FACE('',(#334),#4508,.F.);
#4700=ADVANCED_FACE('',(#335),#4509,.F.);
#4701=ADVANCED_FACE('',(#336),#97,.T.);
#4702=ADVANCED_FACE('',(#337),#4510,.F.);
#4703=ADVANCED_FACE('',(#338),#98,.F.);
#4704=ADVANCED_FACE('',(#339),#4511,.F.);
#4705=ADVANCED_FACE('',(#340),#4512,.F.);
#4706=ADVANCED_FACE('',(#341),#4513,.T.);
#4707=ADVANCED_FACE('',(#342),#99,.F.);
#4708=ADVANCED_FACE('',(#343),#4514,.F.);
#4709=ADVANCED_FACE('',(#344),#4515,.F.);
#4710=ADVANCED_FACE('',(#345),#4516,.F.);
#4711=ADVANCED_FACE('',(#346),#4517,.F.);
#4712=ADVANCED_FACE('',(#347),#4518,.F.);
#4713=ADVANCED_FACE('',(#348),#4519,.F.);
#4714=ADVANCED_FACE('',(#349),#4520,.F.);
#4715=ADVANCED_FACE('',(#350),#4521,.F.);
#4716=ADVANCED_FACE('',(#351),#4522,.F.);
#4717=ADVANCED_FACE('',(#352),#4523,.F.);
#4718=ADVANCED_FACE('',(#353),#100,.F.);
#4719=ADVANCED_FACE('',(#354),#4524,.F.);
#4720=ADVANCED_FACE('',(#355),#101,.F.);
#4721=ADVANCED_FACE('',(#356),#102,.F.);
#4722=ADVANCED_FACE('',(#357),#103,.F.);
#4723=ADVANCED_FACE('',(#358),#104,.T.);
#4724=ADVANCED_FACE('',(#359),#105,.T.);
#4725=ADVANCED_FACE('',(#360),#106,.F.);
#4726=ADVANCED_FACE('',(#361),#107,.F.);
#4727=ADVANCED_FACE('',(#362),#108,.F.);
#4728=ADVANCED_FACE('',(#363),#109,.F.);
#4729=ADVANCED_FACE('',(#364),#4525,.F.);
#4730=ADVANCED_FACE('',(#365),#110,.F.);
#4731=ADVANCED_FACE('',(#366),#111,.F.);
#4732=ADVANCED_FACE('',(#367),#112,.T.);
#4733=ADVANCED_FACE('',(#368),#113,.T.);
#4734=ADVANCED_FACE('',(#369),#114,.T.);
#4735=ADVANCED_FACE('',(#370),#4526,.F.);
#4736=ADVANCED_FACE('',(#371),#4527,.F.);
#4737=ADVANCED_FACE('',(#372),#4528,.T.);
#4738=ADVANCED_FACE('',(#373),#115,.F.);
#4739=ADVANCED_FACE('',(#374),#116,.F.);
#4740=ADVANCED_FACE('',(#375),#117,.F.);
#4741=ADVANCED_FACE('',(#376),#118,.F.);
#4742=ADVANCED_FACE('',(#377),#119,.F.);
#4743=ADVANCED_FACE('',(#378),#4529,.F.);
#4744=ADVANCED_FACE('',(#379),#4530,.F.);
#4745=ADVANCED_FACE('',(#380),#4531,.F.);
#4746=ADVANCED_FACE('',(#381),#4532,.F.);
#4747=ADVANCED_FACE('',(#382),#4533,.F.);
#4748=ADVANCED_FACE('',(#383),#4534,.F.);
#4749=ADVANCED_FACE('',(#384),#4535,.F.);
#4750=ADVANCED_FACE('',(#385),#4536,.F.);
#4751=ADVANCED_FACE('',(#386),#4537,.F.);
#4752=ADVANCED_FACE('',(#387),#4538,.F.);
#4753=ADVANCED_FACE('',(#388),#4539,.F.);
#4754=ADVANCED_FACE('',(#389),#4540,.F.);
#4755=ADVANCED_FACE('',(#390),#4541,.T.);
#4756=ADVANCED_FACE('',(#391),#4542,.F.);
#4757=ADVANCED_FACE('',(#392),#120,.T.);
#4758=ADVANCED_FACE('',(#393),#4543,.F.);
#4759=ADVANCED_FACE('',(#394),#121,.T.);
#4760=ADVANCED_FACE('',(#395),#4544,.F.);
#4761=ADVANCED_FACE('',(#396),#122,.T.);
#4762=ADVANCED_FACE('',(#397),#4545,.F.);
#4763=ADVANCED_FACE('',(#398),#123,.T.);
#4764=ADVANCED_FACE('',(#399),#124,.T.);
#4765=ADVANCED_FACE('',(#400),#4546,.F.);
#4766=ADVANCED_FACE('',(#401),#4547,.F.);
#4767=ADVANCED_FACE('',(#402),#4548,.T.);
#4768=ADVANCED_FACE('',(#403),#4549,.F.);
#4769=ADVANCED_FACE('',(#404),#125,.T.);
#4770=ADVANCED_FACE('',(#405),#4550,.F.);
#4771=ADVANCED_FACE('',(#406),#4551,.T.);
#4772=ADVANCED_FACE('',(#407),#4552,.T.);
#4773=ADVANCED_FACE('',(#408),#4553,.F.);
#4774=ADVANCED_FACE('',(#409),#4554,.T.);
#4775=ADVANCED_FACE('',(#410),#4555,.T.);
#4776=ADVANCED_FACE('',(#411),#4556,.F.);
#4777=ADVANCED_FACE('',(#412),#4557,.T.);
#4778=ADVANCED_FACE('',(#413),#4558,.F.);
#4779=ADVANCED_FACE('',(#414),#126,.T.);
#4780=ADVANCED_FACE('',(#415),#4559,.T.);
#4781=ADVANCED_FACE('',(#416),#4560,.F.);
#4782=ADVANCED_FACE('',(#417),#4561,.F.);
#4783=ADVANCED_FACE('',(#418),#4562,.F.);
#4784=ADVANCED_FACE('',(#419),#4563,.F.);
#4785=ADVANCED_FACE('',(#420),#127,.F.);
#4786=ADVANCED_FACE('',(#421),#4564,.F.);
#4787=ADVANCED_FACE('',(#422),#4565,.F.);
#4788=ADVANCED_FACE('',(#423),#4566,.F.);
#4789=ADVANCED_FACE('',(#424),#4567,.F.);
#4790=ADVANCED_FACE('',(#425),#4568,.F.);
#4791=ADVANCED_FACE('',(#426),#4569,.F.);
#4792=ADVANCED_FACE('',(#427),#4570,.F.);
#4793=ADVANCED_FACE('',(#428),#128,.T.);
#4794=ADVANCED_FACE('',(#429),#4571,.F.);
#4795=ADVANCED_FACE('',(#430),#129,.T.);
#4796=ADVANCED_FACE('',(#431),#4572,.F.);
#4797=ADVANCED_FACE('',(#432),#130,.T.);
#4798=ADVANCED_FACE('',(#433),#4573,.F.);
#4799=ADVANCED_FACE('',(#434),#131,.T.);
#4800=ADVANCED_FACE('',(#435),#4574,.F.);
#4801=ADVANCED_FACE('',(#436),#4575,.F.);
#4802=ADVANCED_FACE('',(#437),#4576,.T.);
#4803=ADVANCED_FACE('',(#438),#4577,.F.);
#4804=ADVANCED_FACE('',(#439),#4578,.F.);
#4805=ADVANCED_FACE('',(#440),#4579,.F.);
#4806=ADVANCED_FACE('',(#441),#4580,.F.);
#4807=ADVANCED_FACE('',(#442),#4581,.F.);
#4808=ADVANCED_FACE('',(#443),#4582,.F.);
#4809=ADVANCED_FACE('',(#444),#4583,.F.);
#4810=ADVANCED_FACE('',(#445),#4584,.F.);
#4811=ADVANCED_FACE('',(#446),#4585,.F.);
#4812=ADVANCED_FACE('',(#447),#4586,.F.);
#4813=ADVANCED_FACE('',(#448),#4587,.F.);
#4814=ADVANCED_FACE('',(#449),#4588,.F.);
#4815=ADVANCED_FACE('',(#450),#4589,.F.);
#4816=ADVANCED_FACE('',(#451),#4590,.F.);
#4817=ADVANCED_FACE('',(#452),#4591,.F.);
#4818=ADVANCED_FACE('',(#453),#4592,.F.);
#4819=ADVANCED_FACE('',(#454),#132,.F.);
#4820=ADVANCED_FACE('',(#455),#133,.F.);
#4821=ADVANCED_FACE('',(#456),#134,.F.);
#4822=ADVANCED_FACE('',(#457),#135,.F.);
#4823=ADVANCED_FACE('',(#458),#136,.F.);
#4824=ADVANCED_FACE('',(#459),#137,.T.);
#4825=ADVANCED_FACE('',(#460),#4593,.T.);
#4826=ADVANCED_FACE('',(#461),#4594,.F.);
#4827=ADVANCED_FACE('',(#462),#4595,.F.);
#4828=ADVANCED_FACE('',(#463),#138,.T.);
#4829=ADVANCED_FACE('',(#464),#139,.T.);
#4830=ADVANCED_FACE('',(#465),#140,.T.);
#4831=ADVANCED_FACE('',(#466),#141,.F.);
#4832=ADVANCED_FACE('',(#467),#142,.F.);
#4833=ADVANCED_FACE('',(#468),#4596,.F.);
#4834=ADVANCED_FACE('',(#469),#143,.F.);
#4835=ADVANCED_FACE('',(#470),#144,.F.);
#4836=ADVANCED_FACE('',(#471),#145,.F.);
#4837=ADVANCED_FACE('',(#472),#146,.F.);
#4838=ADVANCED_FACE('',(#473),#147,.F.);
#4839=ADVANCED_FACE('',(#474),#148,.T.);
#4840=ADVANCED_FACE('',(#475),#149,.T.);
#4841=ADVANCED_FACE('',(#476),#150,.F.);
#4842=ADVANCED_FACE('',(#477),#151,.F.);
#4843=ADVANCED_FACE('',(#478),#152,.F.);
#4844=ADVANCED_FACE('',(#479),#4597,.F.);
#4845=ADVANCED_FACE('',(#480),#4598,.F.);
#4846=ADVANCED_FACE('',(#481),#4599,.T.);
#4847=ADVANCED_FACE('',(#482),#4600,.T.);
#4848=ADVANCED_FACE('',(#483),#4601,.T.);
#4849=ADVANCED_FACE('',(#484),#4602,.T.);
#4850=ADVANCED_FACE('',(#485),#4603,.T.);
#4851=ADVANCED_FACE('',(#486),#4604,.T.);
#4852=ADVANCED_FACE('',(#487),#4605,.T.);
#4853=ADVANCED_FACE('',(#488),#4606,.F.);
#4854=ADVANCED_FACE('',(#489),#4607,.F.);
#4855=ADVANCED_FACE('',(#490),#4608,.F.);
#4856=ADVANCED_FACE('',(#491),#4609,.F.);
#4857=ADVANCED_FACE('',(#492),#4610,.F.);
#4858=ADVANCED_FACE('',(#493),#4611,.F.);
#4859=ADVANCED_FACE('',(#494),#4612,.F.);
#4860=ADVANCED_FACE('',(#495),#4613,.F.);
#4861=ADVANCED_FACE('',(#496),#4614,.F.);
#4862=ADVANCED_FACE('',(#497),#4615,.T.);
#4863=ADVANCED_FACE('',(#498,#15),#4616,.T.);
#4864=ADVANCED_FACE('',(#499),#4617,.T.);
#4865=ADVANCED_FACE('',(#500),#4618,.F.);
#4866=ADVANCED_FACE('',(#501),#4619,.F.);
#4867=ADVANCED_FACE('',(#502),#4620,.F.);
#4868=ADVANCED_FACE('',(#503),#4621,.F.);
#4869=ADVANCED_FACE('',(#504),#4622,.T.);
#4870=ADVANCED_FACE('',(#505),#4623,.F.);
#4871=ADVANCED_FACE('',(#506),#4624,.F.);
#4872=ADVANCED_FACE('',(#507),#4625,.T.);
#4873=ADVANCED_FACE('',(#508),#4626,.F.);
#4874=ADVANCED_FACE('',(#509),#4627,.F.);
#4875=ADVANCED_FACE('',(#510),#4628,.T.);
#4876=ADVANCED_FACE('',(#511),#4629,.F.);
#4877=ADVANCED_FACE('',(#512),#4630,.F.);
#4878=ADVANCED_FACE('',(#513,#16),#4631,.T.);
#4879=ADVANCED_FACE('',(#514),#4632,.T.);
#4880=ADVANCED_FACE('',(#515),#153,.F.);
#4881=ADVANCED_FACE('',(#516),#4633,.F.);
#4882=ADVANCED_FACE('',(#517),#4634,.F.);
#4883=ADVANCED_FACE('',(#518),#4635,.F.);
#4884=ADVANCED_FACE('',(#519),#4636,.F.);
#4885=ADVANCED_FACE('',(#520),#4637,.F.);
#4886=ADVANCED_FACE('',(#521),#4638,.F.);
#4887=ADVANCED_FACE('',(#522),#4639,.F.);
#4888=ADVANCED_FACE('',(#523),#4640,.F.);
#4889=ADVANCED_FACE('',(#524),#4641,.F.);
#4890=ADVANCED_FACE('',(#525),#4642,.F.);
#4891=ADVANCED_FACE('',(#526),#4643,.F.);
#4892=ADVANCED_FACE('',(#527),#4644,.F.);
#4893=CLOSED_SHELL('',(#4645,#4646,#4647,#4648,#4649,#4650,#4651));
#4894=CLOSED_SHELL('',(#4652,#4653,#4654,#4655,#4656,#4657,#4658,#4659,
#4660,#4661,#4662,#4663,#4664,#4665));
#4895=CLOSED_SHELL('',(#4666,#4667,#4668,#4669,#4670,#4671,#4672,#4673,
#4674,#4675,#4676,#4677,#4678,#4679));
#4896=CLOSED_SHELL('',(#4680,#4681,#4682,#4683,#4684,#4685,#4686));
#4897=CLOSED_SHELL('',(#4687,#4688,#4689,#4690,#4691,#4692,#4693,#4694,
#4695,#4696));
#4898=CLOSED_SHELL('',(#4697,#4698,#4699,#4700,#4701,#4702,#4703,#4704,
#4705,#4706));
#4899=CLOSED_SHELL('',(#4707,#4708,#4709,#4710,#4711,#4712,#4713,#4714,
#4715,#4716,#4717,#4718,#4719,#4720,#4721,#4722,#4723,#4724,#4725,#4726,
#4727,#4728,#4729,#4730,#4731,#4732,#4733,#4734,#4735,#4736,#4737,#4738,
#4739,#4740,#4741,#4742,#4743,#4744,#4745,#4746,#4747,#4748,#4749,#4750,
#4751,#4752,#4753,#4754,#4755,#4756,#4757,#4758,#4759,#4760,#4761,#4762,
#4763,#4764,#4765,#4766,#4767,#4768,#4769,#4770,#4771,#4772,#4773,#4774,
#4775,#4776,#4777,#4778,#4779,#4780,#4781,#4782,#4783,#4784,#4785,#4786,
#4787,#4788,#4789,#4790,#4791,#4792,#4793,#4794,#4795,#4796,#4797,#4798,
#4799,#4800,#4801,#4802,#4803,#4804,#4805,#4806,#4807,#4808,#4809,#4810,
#4811,#4812,#4813,#4814,#4815,#4816,#4817,#4818,#4819,#4820,#4821,#4822,
#4823,#4824,#4825,#4826,#4827,#4828,#4829,#4830,#4831,#4832,#4833,#4834,
#4835,#4836,#4837,#4838,#4839,#4840,#4841,#4842,#4843,#4844));
#4900=CLOSED_SHELL('',(#4845,#4846,#4847,#4848,#4849,#4850,#4851,#4852,
#4853,#4854,#4855,#4856,#4857,#4858,#4859,#4860,#4861,#4862,#4863,#4864,
#4865,#4866,#4867,#4868,#4869,#4870,#4871,#4872,#4873,#4874,#4875,#4876,
#4877,#4878,#4879,#4880,#4881,#4882,#4883,#4884,#4885,#4886,#4887,#4888,
#4889,#4890,#4891,#4892));
#4901=DERIVED_UNIT_ELEMENT(#4903,1.);
#4902=DERIVED_UNIT_ELEMENT(#8040,-3.);
#4903=(
MASS_UNIT()
NAMED_UNIT(*)
SI_UNIT(.KILO.,.GRAM.)
);
#4904=DERIVED_UNIT((#4901,#4902));
#4905=MEASURE_REPRESENTATION_ITEM('density measure',
POSITIVE_RATIO_MEASURE(7850.),#4904);
#4906=PROPERTY_DEFINITION_REPRESENTATION(#4911,#4908);
#4907=PROPERTY_DEFINITION_REPRESENTATION(#4912,#4909);
#4908=REPRESENTATION('material name',(#4910),#8037);
#4909=REPRESENTATION('density',(#4905),#8037);
#4910=DESCRIPTIVE_REPRESENTATION_ITEM('Stahl','Stahl');
#4911=PROPERTY_DEFINITION('material property','material name',#8052);
#4912=PROPERTY_DEFINITION('material property','density of part',#8052);
#4913=AXIS2_PLACEMENT_3D('',#6622,#5294,#5295);
#4914=AXIS2_PLACEMENT_3D('',#6623,#5296,#5297);
#4915=AXIS2_PLACEMENT_3D('',#6624,#5298,#5299);
#4916=AXIS2_PLACEMENT_3D('',#6633,#5304,#5305);
#4917=AXIS2_PLACEMENT_3D('',#6637,#5307,#5308);
#4918=AXIS2_PLACEMENT_3D('',#6641,#5311,#5312);
#4919=AXIS2_PLACEMENT_3D('',#6645,#5315,#5316);
#4920=AXIS2_PLACEMENT_3D('',#6649,#5319,#5320);
#4921=AXIS2_PLACEMENT_3D('',#6652,#5322,#5323);
#4922=AXIS2_PLACEMENT_3D('',#6653,#5324,#5325);
#4923=AXIS2_PLACEMENT_3D('',#6655,#5327,#5328);
#4924=AXIS2_PLACEMENT_3D('',#6656,#5329,#5330);
#4925=AXIS2_PLACEMENT_3D('',#6665,#5335,#5336);
#4926=AXIS2_PLACEMENT_3D('',#6671,#5340,#5341);
#4927=AXIS2_PLACEMENT_3D('',#6683,#5348,#5349);
#4928=AXIS2_PLACEMENT_3D('',#6685,#5350,#5351);
#4929=AXIS2_PLACEMENT_3D('',#6688,#5353,#5354);
#4930=AXIS2_PLACEMENT_3D('',#6689,#5355,#5356);
#4931=AXIS2_PLACEMENT_3D('',#6695,#5360,#5361);
#4932=AXIS2_PLACEMENT_3D('',#6701,#5365,#5366);
#4933=AXIS2_PLACEMENT_3D('',#6707,#5370,#5371);
#4934=AXIS2_PLACEMENT_3D('',#6709,#5372,#5373);
#4935=AXIS2_PLACEMENT_3D('',#6712,#5375,#5376);
#4936=AXIS2_PLACEMENT_3D('',#6713,#5377,#5378);
#4937=AXIS2_PLACEMENT_3D('',#6722,#5384,#5385);
#4938=AXIS2_PLACEMENT_3D('',#6723,#5386,#5387);
#4939=AXIS2_PLACEMENT_3D('',#6725,#5389,#5390);
#4940=AXIS2_PLACEMENT_3D('',#6727,#5392,#5393);
#4941=AXIS2_PLACEMENT_3D('',#6729,#5395,#5396);
#4942=AXIS2_PLACEMENT_3D('',#6730,#5397,#5398);
#4943=AXIS2_PLACEMENT_3D('',#6739,#5402,#5403);
#4944=AXIS2_PLACEMENT_3D('',#6746,#5407,#5408);
#4945=AXIS2_PLACEMENT_3D('',#6747,#5409,#5410);
#4946=AXIS2_PLACEMENT_3D('',#6756,#5415,#5416);
#4947=AXIS2_PLACEMENT_3D('',#6767,#5423,#5424);
#4948=AXIS2_PLACEMENT_3D('',#6769,#5425,#5426);
#4949=AXIS2_PLACEMENT_3D('',#6771,#5428,#5429);
#4950=AXIS2_PLACEMENT_3D('',#6775,#5432,#5433);
#4951=AXIS2_PLACEMENT_3D('',#6779,#5436,#5437);
#4952=AXIS2_PLACEMENT_3D('',#6783,#5440,#5441);
#4953=AXIS2_PLACEMENT_3D('',#6785,#5442,#5443);
#4954=AXIS2_PLACEMENT_3D('',#6787,#5445,#5446);
#4955=AXIS2_PLACEMENT_3D('',#6796,#5452,#5453);
#4956=AXIS2_PLACEMENT_3D('',#6797,#5454,#5455);
#4957=AXIS2_PLACEMENT_3D('',#6799,#5457,#5458);
#4958=AXIS2_PLACEMENT_3D('',#6801,#5460,#5461);
#4959=AXIS2_PLACEMENT_3D('',#6803,#5463,#5464);
#4960=AXIS2_PLACEMENT_3D('',#6804,#5465,#5466);
#4961=AXIS2_PLACEMENT_3D('',#6813,#5471,#5472);
#4962=AXIS2_PLACEMENT_3D('',#6819,#5476,#5477);
#4963=AXIS2_PLACEMENT_3D('',#6823,#5479,#5480);
#4964=AXIS2_PLACEMENT_3D('',#6825,#5482,#5483);
#4965=AXIS2_PLACEMENT_3D('',#6828,#5484,#5485);
#4966=AXIS2_PLACEMENT_3D('',#6831,#5488,#5489);
#4967=AXIS2_PLACEMENT_3D('',#6833,#5491,#5492);
#4968=AXIS2_PLACEMENT_3D('',#6835,#5494,#5495);
#4969=AXIS2_PLACEMENT_3D('',#6836,#5496,#5497);
#4970=AXIS2_PLACEMENT_3D('',#6839,#5498,#5499);
#4971=AXIS2_PLACEMENT_3D('',#6843,#5501,#5502);
#4972=AXIS2_PLACEMENT_3D('',#6845,#5504,#5505);
#4973=AXIS2_PLACEMENT_3D('',#6851,#5509,#5510);
#4974=AXIS2_PLACEMENT_3D('',#6854,#5511,#5512);
#4975=AXIS2_PLACEMENT_3D('',#6858,#5514,#5515);
#4976=AXIS2_PLACEMENT_3D('',#6860,#5517,#5518);
#4977=AXIS2_PLACEMENT_3D('',#6865,#5522,#5523);
#4978=AXIS2_PLACEMENT_3D('',#6871,#5527,#5528);
#4979=AXIS2_PLACEMENT_3D('',#6875,#5531,#5532);
#4980=AXIS2_PLACEMENT_3D('',#6879,#5535,#5536);
#4981=AXIS2_PLACEMENT_3D('',#6883,#5539,#5540);
#4982=AXIS2_PLACEMENT_3D('',#6885,#5542,#5543);
#4983=AXIS2_PLACEMENT_3D('',#6886,#5544,#5545);
#4984=AXIS2_PLACEMENT_3D('',#6895,#5550,#5551);
#4985=AXIS2_PLACEMENT_3D('',#6900,#5553,#5554);
#4986=AXIS2_PLACEMENT_3D('',#6910,#5560,#5561);
#4987=AXIS2_PLACEMENT_3D('',#6913,#5563,#5564);
#4988=AXIS2_PLACEMENT_3D('',#6915,#5566,#5567);
#4989=AXIS2_PLACEMENT_3D('',#6919,#5570,#5571);
#4990=AXIS2_PLACEMENT_3D('',#6920,#5572,#5573);
#4991=AXIS2_PLACEMENT_3D('',#6921,#5574,#5575);
#4992=AXIS2_PLACEMENT_3D('',#6925,#5578,#5579);
#4993=AXIS2_PLACEMENT_3D('',#6927,#5580,#5581);
#4994=AXIS2_PLACEMENT_3D('',#6929,#5583,#5584);
#4995=AXIS2_PLACEMENT_3D('',#6933,#5587,#5588);
#4996=AXIS2_PLACEMENT_3D('',#6935,#5590,#5591);
#4997=AXIS2_PLACEMENT_3D('',#6936,#5592,#5593);
#4998=AXIS2_PLACEMENT_3D('',#6941,#5595,#5596);
#4999=AXIS2_PLACEMENT_3D('',#6944,#5598,#5599);
#5000=AXIS2_PLACEMENT_3D('',#6945,#5600,#5601);
#5001=AXIS2_PLACEMENT_3D('',#6959,#5608,#5609);
#5002=AXIS2_PLACEMENT_3D('',#6960,#5610,#5611);
#5003=AXIS2_PLACEMENT_3D('',#6969,#5616,#5617);
#5004=AXIS2_PLACEMENT_3D('',#6978,#5622,#5623);
#5005=AXIS2_PLACEMENT_3D('',#6982,#5625,#5626);
#5006=AXIS2_PLACEMENT_3D('',#6986,#5628,#5629);
#5007=AXIS2_PLACEMENT_3D('',#6994,#5633,#5634);
#5008=AXIS2_PLACEMENT_3D('',#6998,#5636,#5637);
#5009=AXIS2_PLACEMENT_3D('',#7002,#5639,#5640);
#5010=AXIS2_PLACEMENT_3D('',#7006,#5643,#5644);
#5011=AXIS2_PLACEMENT_3D('',#7010,#5647,#5648);
#5012=AXIS2_PLACEMENT_3D('',#7016,#5651,#5652);
#5013=AXIS2_PLACEMENT_3D('',#7020,#5654,#5655);
#5014=AXIS2_PLACEMENT_3D('',#7024,#5657,#5658);
#5015=AXIS2_PLACEMENT_3D('',#7032,#5662,#5663);
#5016=AXIS2_PLACEMENT_3D('',#7035,#5665,#5666);
#5017=AXIS2_PLACEMENT_3D('',#7036,#5667,#5668);
#5018=AXIS2_PLACEMENT_3D('',#7042,#5672,#5673);
#5019=AXIS2_PLACEMENT_3D('',#7046,#5675,#5676);
#5020=AXIS2_PLACEMENT_3D('',#7050,#5678,#5679);
#5021=AXIS2_PLACEMENT_3D('',#7058,#5683,#5684);
#5022=AXIS2_PLACEMENT_3D('',#7062,#5686,#5687);
#5023=AXIS2_PLACEMENT_3D('',#7066,#5689,#5690);
#5024=AXIS2_PLACEMENT_3D('',#7070,#5693,#5694);
#5025=AXIS2_PLACEMENT_3D('',#7074,#5697,#5698);
#5026=AXIS2_PLACEMENT_3D('',#7078,#5701,#5702);
#5027=AXIS2_PLACEMENT_3D('',#7081,#5704,#5705);
#5028=AXIS2_PLACEMENT_3D('',#7082,#5706,#5707);
#5029=AXIS2_PLACEMENT_3D('',#7086,#5710,#5711);
#5030=AXIS2_PLACEMENT_3D('',#7090,#5713,#5714);
#5031=AXIS2_PLACEMENT_3D('',#7092,#5716,#5717);
#5032=AXIS2_PLACEMENT_3D('',#7095,#5720,#5721);
#5033=AXIS2_PLACEMENT_3D('',#7098,#5722,#5723);
#5034=AXIS2_PLACEMENT_3D('',#7102,#5725,#5726);
#5035=AXIS2_PLACEMENT_3D('',#7104,#5728,#5729);
#5036=AXIS2_PLACEMENT_3D('',#7107,#5730,#5731);
#5037=AXIS2_PLACEMENT_3D('',#7111,#5733,#5734);
#5038=AXIS2_PLACEMENT_3D('',#7113,#5736,#5737);
#5039=AXIS2_PLACEMENT_3D('',#7116,#5738,#5739);
#5040=AXIS2_PLACEMENT_3D('',#7120,#5741,#5742);
#5041=AXIS2_PLACEMENT_3D('',#7122,#5744,#5745);
#5042=AXIS2_PLACEMENT_3D('',#7124,#5746,#5747);
#5043=AXIS2_PLACEMENT_3D('',#7126,#5748,#5749);
#5044=AXIS2_PLACEMENT_3D('',#7128,#5751,#5752);
#5045=AXIS2_PLACEMENT_3D('',#7130,#5753,#5754);
#5046=AXIS2_PLACEMENT_3D('',#7132,#5755,#5756);
#5047=AXIS2_PLACEMENT_3D('',#7134,#5758,#5759);
#5048=AXIS2_PLACEMENT_3D('',#7136,#5760,#5761);
#5049=AXIS2_PLACEMENT_3D('',#7139,#5763,#5764);
#5050=AXIS2_PLACEMENT_3D('',#7140,#5765,#5766);
#5051=AXIS2_PLACEMENT_3D('',#7143,#5767,#5768);
#5052=AXIS2_PLACEMENT_3D('',#7147,#5770,#5771);
#5053=AXIS2_PLACEMENT_3D('',#7149,#5773,#5774);
#5054=AXIS2_PLACEMENT_3D('',#7152,#5777,#5778);
#5055=AXIS2_PLACEMENT_3D('',#7156,#5780,#5781);
#5056=AXIS2_PLACEMENT_3D('',#7158,#5783,#5784);
#5057=AXIS2_PLACEMENT_3D('',#7161,#5787,#5788);
#5058=AXIS2_PLACEMENT_3D('',#7163,#5789,#5790);
#5059=AXIS2_PLACEMENT_3D('',#7165,#5792,#5793);
#5060=AXIS2_PLACEMENT_3D('',#7167,#5795,#5796);
#5061=AXIS2_PLACEMENT_3D('',#7169,#5797,#5798);
#5062=AXIS2_PLACEMENT_3D('',#7171,#5799,#5800);
#5063=AXIS2_PLACEMENT_3D('',#7173,#5802,#5803);
#5064=AXIS2_PLACEMENT_3D('',#7175,#5805,#5806);
#5065=AXIS2_PLACEMENT_3D('',#7176,#5807,#5808);
#5066=AXIS2_PLACEMENT_3D('',#7178,#5810,#5811);
#5067=AXIS2_PLACEMENT_3D('',#7181,#5812,#5813);
#5068=AXIS2_PLACEMENT_3D('',#7185,#5815,#5816);
#5069=AXIS2_PLACEMENT_3D('',#7187,#5818,#5819);
#5070=AXIS2_PLACEMENT_3D('',#7191,#5821,#5822);
#5071=AXIS2_PLACEMENT_3D('',#7193,#5824,#5825);
#5072=AXIS2_PLACEMENT_3D('',#7196,#5828,#5829);
#5073=AXIS2_PLACEMENT_3D('',#7199,#5830,#5831);
#5074=AXIS2_PLACEMENT_3D('',#7203,#5833,#5834);
#5075=AXIS2_PLACEMENT_3D('',#7205,#5836,#5837);
#5076=AXIS2_PLACEMENT_3D('',#7208,#5838,#5839);
#5077=AXIS2_PLACEMENT_3D('',#7212,#5841,#5842);
#5078=AXIS2_PLACEMENT_3D('',#7214,#5844,#5845);
#5079=AXIS2_PLACEMENT_3D('',#7223,#5851,#5852);
#5080=AXIS2_PLACEMENT_3D('',#7224,#5853,#5854);
#5081=AXIS2_PLACEMENT_3D('',#7233,#5860,#5861);
#5082=AXIS2_PLACEMENT_3D('',#7235,#5863,#5864);
#5083=AXIS2_PLACEMENT_3D('',#7241,#5867,#5868);
#5084=AXIS2_PLACEMENT_3D('',#7245,#5872,#5873);
#5085=AXIS2_PLACEMENT_3D('',#7254,#5879,#5880);
#5086=AXIS2_PLACEMENT_3D('',#7255,#5881,#5882);
#5087=AXIS2_PLACEMENT_3D('',#7259,#5885,#5886);
#5088=AXIS2_PLACEMENT_3D('',#7261,#5888,#5889);
#5089=AXIS2_PLACEMENT_3D('',#7263,#5891,#5892);
#5090=AXIS2_PLACEMENT_3D('',#7264,#5893,#5894);
#5091=AXIS2_PLACEMENT_3D('',#7265,#5895,#5896);
#5092=AXIS2_PLACEMENT_3D('',#7266,#5897,#5898);
#5093=AXIS2_PLACEMENT_3D('',#7268,#5900,#5901);
#5094=AXIS2_PLACEMENT_3D('',#7269,#5902,#5903);
#5095=AXIS2_PLACEMENT_3D('',#7270,#5904,#5905);
#5096=AXIS2_PLACEMENT_3D('',#7273,#5908,#5909);
#5097=AXIS2_PLACEMENT_3D('',#7278,#5911,#5912);
#5098=AXIS2_PLACEMENT_3D('',#7281,#5914,#5915);
#5099=AXIS2_PLACEMENT_3D('',#7282,#5916,#5917);
#5100=AXIS2_PLACEMENT_3D('',#7285,#5920,#5921);
#5101=AXIS2_PLACEMENT_3D('',#7288,#5924,#5925);
#5102=AXIS2_PLACEMENT_3D('',#7289,#5926,#5927);
#5103=AXIS2_PLACEMENT_3D('',#7292,#5930,#5931);
#5104=AXIS2_PLACEMENT_3D('',#7293,#5932,#5933);
#5105=AXIS2_PLACEMENT_3D('',#7296,#5936,#5937);
#5106=AXIS2_PLACEMENT_3D('',#7301,#5940,#5941);
#5107=AXIS2_PLACEMENT_3D('',#7302,#5942,#5943);
#5108=AXIS2_PLACEMENT_3D('',#7303,#5944,#5945);
#5109=AXIS2_PLACEMENT_3D('',#7305,#5947,#5948);
#5110=AXIS2_PLACEMENT_3D('',#7311,#5952,#5953);
#5111=AXIS2_PLACEMENT_3D('',#7319,#5957,#5958);
#5112=AXIS2_PLACEMENT_3D('',#7323,#5962,#5963);
#5113=AXIS2_PLACEMENT_3D('',#7326,#5964,#5965);
#5114=AXIS2_PLACEMENT_3D('',#7329,#5968,#5969);
#5115=AXIS2_PLACEMENT_3D('',#7335,#5973,#5974);
#5116=AXIS2_PLACEMENT_3D('',#7337,#5976,#5977);
#5117=AXIS2_PLACEMENT_3D('',#7339,#5979,#5980);
#5118=AXIS2_PLACEMENT_3D('',#7341,#5982,#5983);
#5119=AXIS2_PLACEMENT_3D('',#7350,#5988,#5989);
#5120=AXIS2_PLACEMENT_3D('',#7359,#5994,#5995);
#5121=AXIS2_PLACEMENT_3D('',#7365,#5999,#6000);
#5122=AXIS2_PLACEMENT_3D('',#7374,#6005,#6006);
#5123=AXIS2_PLACEMENT_3D('',#7377,#6009,#6010);
#5124=AXIS2_PLACEMENT_3D('',#7378,#6011,#6012);
#5125=AXIS2_PLACEMENT_3D('',#7379,#6013,#6014);
#5126=AXIS2_PLACEMENT_3D('',#7380,#6015,#6016);
#5127=AXIS2_PLACEMENT_3D('',#7386,#6019,#6020);
#5128=AXIS2_PLACEMENT_3D('',#7390,#6022,#6023);
#5129=AXIS2_PLACEMENT_3D('',#7395,#6026,#6027);
#5130=AXIS2_PLACEMENT_3D('',#7399,#6029,#6030);
#5131=AXIS2_PLACEMENT_3D('',#7402,#6032,#6033);
#5132=AXIS2_PLACEMENT_3D('',#7403,#6034,#6035);
#5133=AXIS2_PLACEMENT_3D('',#7407,#6038,#6039);
#5134=AXIS2_PLACEMENT_3D('',#7416,#6043,#6044);
#5135=AXIS2_PLACEMENT_3D('',#7422,#6048,#6049);
#5136=AXIS2_PLACEMENT_3D('',#7431,#6054,#6055);
#5137=AXIS2_PLACEMENT_3D('',#7437,#6058,#6059);
#5138=AXIS2_PLACEMENT_3D('',#7445,#6063,#6064);
#5139=AXIS2_PLACEMENT_3D('',#7453,#6068,#6069);
#5140=AXIS2_PLACEMENT_3D('',#7461,#6073,#6074);
#5141=AXIS2_PLACEMENT_3D('',#7467,#6078,#6079);
#5142=AXIS2_PLACEMENT_3D('',#7471,#6081,#6082);
#5143=AXIS2_PLACEMENT_3D('',#7473,#6084,#6085);
#5144=AXIS2_PLACEMENT_3D('',#7477,#6088,#6089);
#5145=AXIS2_PLACEMENT_3D('',#7481,#6091,#6092);
#5146=AXIS2_PLACEMENT_3D('',#7484,#6094,#6095);
#5147=AXIS2_PLACEMENT_3D('',#7490,#6098,#6099);
#5148=AXIS2_PLACEMENT_3D('',#7494,#6101,#6102);
#5149=AXIS2_PLACEMENT_3D('',#7498,#6104,#6105);
#5150=AXIS2_PLACEMENT_3D('',#7500,#6107,#6108);
#5151=AXIS2_PLACEMENT_3D('',#7506,#6112,#6113);
#5152=AXIS2_PLACEMENT_3D('',#7510,#6115,#6116);
#5153=AXIS2_PLACEMENT_3D('',#7513,#6118,#6119);
#5154=AXIS2_PLACEMENT_3D('',#7519,#6122,#6123);
#5155=AXIS2_PLACEMENT_3D('',#7523,#6125,#6126);
#5156=AXIS2_PLACEMENT_3D('',#7527,#6128,#6129);
#5157=AXIS2_PLACEMENT_3D('',#7529,#6131,#6132);
#5158=AXIS2_PLACEMENT_3D('',#7531,#6133,#6134);
#5159=AXIS2_PLACEMENT_3D('',#7535,#6136,#6137);
#5160=AXIS2_PLACEMENT_3D('',#7539,#6139,#6140);
#5161=AXIS2_PLACEMENT_3D('',#7544,#6143,#6144);
#5162=AXIS2_PLACEMENT_3D('',#7548,#6146,#6147);
#5163=AXIS2_PLACEMENT_3D('',#7550,#6149,#6150);
#5164=AXIS2_PLACEMENT_3D('',#7558,#6154,#6155);
#5165=AXIS2_PLACEMENT_3D('',#7563,#6158,#6159);
#5166=AXIS2_PLACEMENT_3D('',#7568,#6162,#6163);
#5167=AXIS2_PLACEMENT_3D('',#7575,#6167,#6168);
#5168=AXIS2_PLACEMENT_3D('',#7577,#6170,#6171);
#5169=AXIS2_PLACEMENT_3D('',#7583,#6175,#6176);
#5170=AXIS2_PLACEMENT_3D('',#7584,#6177,#6178);
#5171=AXIS2_PLACEMENT_3D('',#7585,#6179,#6180);
#5172=AXIS2_PLACEMENT_3D('',#7591,#6184,#6185);
#5173=AXIS2_PLACEMENT_3D('',#7592,#6186,#6187);
#5174=AXIS2_PLACEMENT_3D('',#7593,#6188,#6189);
#5175=AXIS2_PLACEMENT_3D('',#7602,#6194,#6195);
#5176=AXIS2_PLACEMENT_3D('',#7603,#6196,#6197);
#5177=AXIS2_PLACEMENT_3D('',#7604,#6198,#6199);
#5178=AXIS2_PLACEMENT_3D('',#7605,#6200,#6201);
#5179=AXIS2_PLACEMENT_3D('',#7608,#6204,#6205);
#5180=AXIS2_PLACEMENT_3D('',#7609,#6206,#6207);
#5181=AXIS2_PLACEMENT_3D('',#7612,#6210,#6211);
#5182=AXIS2_PLACEMENT_3D('',#7616,#6214,#6215);
#5183=AXIS2_PLACEMENT_3D('',#7622,#6219,#6220);
#5184=AXIS2_PLACEMENT_3D('',#7626,#6223,#6224);
#5185=AXIS2_PLACEMENT_3D('',#7632,#6228,#6229);
#5186=AXIS2_PLACEMENT_3D('',#7636,#6232,#6233);
#5187=AXIS2_PLACEMENT_3D('',#7642,#6237,#6238);
#5188=AXIS2_PLACEMENT_3D('',#7651,#6243,#6244);
#5189=AXIS2_PLACEMENT_3D('',#7657,#6248,#6249);
#5190=AXIS2_PLACEMENT_3D('',#7659,#6251,#6252);
#5191=AXIS2_PLACEMENT_3D('',#7668,#6257,#6258);
#5192=AXIS2_PLACEMENT_3D('',#7677,#6263,#6264);
#5193=AXIS2_PLACEMENT_3D('',#7683,#6268,#6269);
#5194=AXIS2_PLACEMENT_3D('',#7684,#6270,#6271);
#5195=AXIS2_PLACEMENT_3D('',#7685,#6272,#6273);
#5196=AXIS2_PLACEMENT_3D('',#7686,#6274,#6275);
#5197=AXIS2_PLACEMENT_3D('',#7687,#6276,#6277);
#5198=AXIS2_PLACEMENT_3D('',#7688,#6278,#6279);
#5199=AXIS2_PLACEMENT_3D('',#7690,#6281,#6282);
#5200=AXIS2_PLACEMENT_3D('',#7691,#6283,#6284);
#5201=AXIS2_PLACEMENT_3D('',#7692,#6285,#6286);
#5202=AXIS2_PLACEMENT_3D('',#7693,#6287,#6288);
#5203=AXIS2_PLACEMENT_3D('',#7695,#6290,#6291);
#5204=AXIS2_PLACEMENT_3D('',#7700,#6294,#6295);
#5205=AXIS2_PLACEMENT_3D('',#7701,#6296,#6297);
#5206=AXIS2_PLACEMENT_3D('',#7702,#6298,#6299);
#5207=AXIS2_PLACEMENT_3D('',#7704,#6301,#6302);
#5208=AXIS2_PLACEMENT_3D('',#7705,#6303,#6304);
#5209=AXIS2_PLACEMENT_3D('',#7707,#6305,#6306);
#5210=AXIS2_PLACEMENT_3D('',#7710,#6308,#6309);
#5211=AXIS2_PLACEMENT_3D('',#7711,#6310,#6311);
#5212=AXIS2_PLACEMENT_3D('',#7713,#6313,#6314);
#5213=AXIS2_PLACEMENT_3D('',#7714,#6315,#6316);
#5214=AXIS2_PLACEMENT_3D('',#7715,#6317,#6318);
#5215=AXIS2_PLACEMENT_3D('',#7716,#6319,#6320);
#5216=AXIS2_PLACEMENT_3D('',#7718,#6322,#6323);
#5217=AXIS2_PLACEMENT_3D('',#7719,#6324,#6325);
#5218=AXIS2_PLACEMENT_3D('',#7720,#6326,#6327);
#5219=AXIS2_PLACEMENT_3D('',#7721,#6328,#6329);
#5220=AXIS2_PLACEMENT_3D('',#7722,#6330,#6331);
#5221=AXIS2_PLACEMENT_3D('',#7723,#6332,#6333);
#5222=AXIS2_PLACEMENT_3D('',#7724,#6334,#6335);
#5223=AXIS2_PLACEMENT_3D('',#7725,#6336,#6337);
#5224=AXIS2_PLACEMENT_3D('',#7728,#6340,#6341);
#5225=AXIS2_PLACEMENT_3D('',#7732,#6344,#6345);
#5226=AXIS2_PLACEMENT_3D('',#7735,#6348,#6349);
#5227=AXIS2_PLACEMENT_3D('',#7736,#6350,#6351);
#5228=AXIS2_PLACEMENT_3D('',#7737,#6352,#6353);
#5229=AXIS2_PLACEMENT_3D('',#7738,#6354,#6355);
#5230=AXIS2_PLACEMENT_3D('',#7739,#6356,#6357);
#5231=AXIS2_PLACEMENT_3D('',#7740,#6358,#6359);
#5232=AXIS2_PLACEMENT_3D('',#7743,#6362,#6363);
#5233=AXIS2_PLACEMENT_3D('',#7744,#6364,#6365);
#5234=AXIS2_PLACEMENT_3D('',#7745,#6366,#6367);
#5235=AXIS2_PLACEMENT_3D('',#7746,#6368,#6369);
#5236=AXIS2_PLACEMENT_3D('',#7747,#6370,#6371);
#5237=AXIS2_PLACEMENT_3D('',#7748,#6372,#6373);
#5238=AXIS2_PLACEMENT_3D('',#7749,#6374,#6375);
#5239=AXIS2_PLACEMENT_3D('',#7750,#6376,#6377);
#5240=AXIS2_PLACEMENT_3D('',#7751,#6378,#6379);
#5241=AXIS2_PLACEMENT_3D('',#7752,#6380,#6381);
#5242=AXIS2_PLACEMENT_3D('',#7753,#6382,#6383);
#5243=AXIS2_PLACEMENT_3D('',#7754,#6384,#6385);
#5244=AXIS2_PLACEMENT_3D('',#7767,#6392,#6393);
#5245=AXIS2_PLACEMENT_3D('',#7797,#6409,#6410);
#5246=AXIS2_PLACEMENT_3D('',#7801,#6413,#6414);
#5247=AXIS2_PLACEMENT_3D('',#7805,#6417,#6418);
#5248=AXIS2_PLACEMENT_3D('',#7817,#6425,#6426);
#5249=AXIS2_PLACEMENT_3D('',#7826,#6432,#6433);
#5250=AXIS2_PLACEMENT_3D('',#7843,#6444,#6445);
#5251=AXIS2_PLACEMENT_3D('',#7844,#6446,#6447);
#5252=AXIS2_PLACEMENT_3D('',#7852,#6452,#6453);
#5253=AXIS2_PLACEMENT_3D('',#7856,#6456,#6457);
#5254=AXIS2_PLACEMENT_3D('',#7862,#6461,#6462);
#5255=AXIS2_PLACEMENT_3D('',#7870,#6467,#6468);
#5256=AXIS2_PLACEMENT_3D('',#7874,#6471,#6472);
#5257=AXIS2_PLACEMENT_3D('',#7880,#6476,#6477);
#5258=AXIS2_PLACEMENT_3D('',#7888,#6482,#6483);
#5259=AXIS2_PLACEMENT_3D('',#7892,#6486,#6487);
#5260=AXIS2_PLACEMENT_3D('',#7898,#6491,#6492);
#5261=AXIS2_PLACEMENT_3D('',#7906,#6497,#6498);
#5262=AXIS2_PLACEMENT_3D('',#7911,#6501,#6502);
#5263=AXIS2_PLACEMENT_3D('',#7912,#6503,#6504);
#5264=AXIS2_PLACEMENT_3D('',#7918,#6508,#6509);
#5265=AXIS2_PLACEMENT_3D('',#7920,#6511,#6512);
#5266=AXIS2_PLACEMENT_3D('',#7932,#6519,#6520);
#5267=AXIS2_PLACEMENT_3D('',#7944,#6527,#6528);
#5268=AXIS2_PLACEMENT_3D('',#7956,#6535,#6536);
#5269=AXIS2_PLACEMENT_3D('',#7968,#6543,#6544);
#5270=AXIS2_PLACEMENT_3D('',#7970,#6546,#6547);
#5271=AXIS2_PLACEMENT_3D('',#7972,#6549,#6550);
#5272=AXIS2_PLACEMENT_3D('',#7984,#6557,#6558);
#5273=AXIS2_PLACEMENT_3D('',#7986,#6560,#6561);
#5274=AXIS2_PLACEMENT_3D('',#7988,#6563,#6564);
#5275=AXIS2_PLACEMENT_3D('',#8000,#6571,#6572);
#5276=AXIS2_PLACEMENT_3D('',#8002,#6574,#6575);
#5277=AXIS2_PLACEMENT_3D('',#8004,#6577,#6578);
#5278=AXIS2_PLACEMENT_3D('',#8007,#6580,#6581);
#5279=AXIS2_PLACEMENT_3D('',#8008,#6582,#6583);
#5280=AXIS2_PLACEMENT_3D('',#8009,#6584,#6585);
#5281=AXIS2_PLACEMENT_3D('',#8011,#6587,#6588);
#5282=AXIS2_PLACEMENT_3D('',#8013,#6590,#6591);
#5283=AXIS2_PLACEMENT_3D('',#8015,#6593,#6594);
#5284=AXIS2_PLACEMENT_3D('',#8017,#6596,#6597);
#5285=AXIS2_PLACEMENT_3D('',#8018,#6598,#6599);
#5286=AXIS2_PLACEMENT_3D('',#8020,#6601,#6602);
#5287=AXIS2_PLACEMENT_3D('',#8022,#6604,#6605);
#5288=AXIS2_PLACEMENT_3D('',#8024,#6607,#6608);
#5289=AXIS2_PLACEMENT_3D('',#8025,#6609,#6610);
#5290=AXIS2_PLACEMENT_3D('',#8027,#6612,#6613);
#5291=AXIS2_PLACEMENT_3D('',#8029,#6615,#6616);
#5292=AXIS2_PLACEMENT_3D('',#8031,#6618,#6619);
#5293=AXIS2_PLACEMENT_3D('',#8032,#6620,#6621);
#5294=DIRECTION('axis',(0.,0.,1.));
#5295=DIRECTION('refdir',(1.,0.,0.));
#5296=DIRECTION('axis',(0.,0.,1.));
#5297=DIRECTION('refdir',(1.,0.,0.));
#5298=DIRECTION('center_axis',(0.99963763009549,-0.0269185530270797,0.));
#5299=DIRECTION('ref_axis',(0.,0.,-1.));
#5300=DIRECTION('',(0.,0.,1.));
#5301=DIRECTION('',(-0.0269185530270797,-0.99963763009549,1.46337119358352E-16));
#5302=DIRECTION('',(0.,0.,-1.));
#5303=DIRECTION('',(0.0269185530270797,0.99963763009549,-1.46337119358352E-16));
#5304=DIRECTION('center_axis',(0.,-1.46390166749098E-16,-1.));
#5305=DIRECTION('ref_axis',(0.,-1.,1.46390166749098E-16));
#5306=DIRECTION('',(-1.,0.,0.));
#5307=DIRECTION('center_axis',(0.,0.,1.));
#5308=DIRECTION('ref_axis',(0.,1.,0.));
#5309=DIRECTION('',(0.,1.,-1.62123689343627E-16));
#5310=DIRECTION('',(1.,0.,0.));
#5311=DIRECTION('center_axis',(0.,-1.,0.));
#5312=DIRECTION('ref_axis',(0.,0.,-1.));
#5313=DIRECTION('',(1.,0.,0.));
#5314=DIRECTION('',(0.,0.,1.));
#5315=DIRECTION('center_axis',(0.,1.,0.));
#5316=DIRECTION('ref_axis',(1.,0.,0.));
#5317=DIRECTION('',(0.,0.,1.));
#5318=DIRECTION('',(1.,0.,0.));
#5319=DIRECTION('center_axis',(0.,1.46390166749098E-16,1.));
#5320=DIRECTION('ref_axis',(0.,-1.,1.46390166749098E-16));
#5321=DIRECTION('',(0.,1.,1.76114058474803E-16));
#5322=DIRECTION('center_axis',(0.,0.,-1.));
#5323=DIRECTION('ref_axis',(0.,-1.,0.));
#5324=DIRECTION('center_axis',(-1.,0.,0.));
#5325=DIRECTION('ref_axis',(0.,0.,1.));
#5326=DIRECTION('',(0.,0.,-1.));
#5327=DIRECTION('center_axis',(0.,0.,-1.));
#5328=DIRECTION('ref_axis',(1.,0.,0.));
#5329=DIRECTION('center_axis',(-1.,0.,0.));
#5330=DIRECTION('ref_axis',(0.,0.,1.));
#5331=DIRECTION('',(0.,0.,1.));
#5332=DIRECTION('',(0.,1.,-8.18408165535058E-17));
#5333=DIRECTION('',(0.,-8.18408165535058E-17,-1.));
#5334=DIRECTION('',(0.,1.,0.));
#5335=DIRECTION('center_axis',(0.,0.,-1.));
#5336=DIRECTION('ref_axis',(0.,-1.,0.));
#5337=DIRECTION('',(1.,0.,0.));
#5338=DIRECTION('',(0.,1.,0.));
#5339=DIRECTION('',(1.,0.,0.));
#5340=DIRECTION('center_axis',(0.,-1.,8.18408165535058E-17));
#5341=DIRECTION('ref_axis',(-1.,0.,0.));
#5342=DIRECTION('',(1.,0.,0.));
#5343=DIRECTION('',(0.,0.,1.));
#5344=DIRECTION('',(-1.,0.,0.));
#5345=DIRECTION('',(0.,-8.18408165535058E-17,-1.));
#5346=DIRECTION('',(1.,0.,0.));
#5347=DIRECTION('',(0.,-8.18408165535058E-17,-1.));
#5348=DIRECTION('center_axis',(-1.,0.,0.));
#5349=DIRECTION('ref_axis',(0.,0.,-1.));
#5350=DIRECTION('center_axis',(1.,0.,0.));
#5351=DIRECTION('ref_axis',(0.,0.,1.));
#5352=DIRECTION('',(1.,0.,0.));
#5353=DIRECTION('center_axis',(1.,0.,0.));
#5354=DIRECTION('ref_axis',(0.,0.,1.));
#5355=DIRECTION('center_axis',(0.,-0.976684275485862,-0.214680753722023));
#5356=DIRECTION('ref_axis',(0.,0.214680753722023,-0.976684275485862));
#5357=DIRECTION('',(0.,0.214680753722023,-0.976684275485862));
#5358=DIRECTION('',(1.,0.,0.));
#5359=DIRECTION('',(0.,0.214680753722023,-0.976684275485862));
#5360=DIRECTION('center_axis',(0.,0.,1.));
#5361=DIRECTION('ref_axis',(1.,0.,0.));
#5362=DIRECTION('',(0.,-1.,0.));
#5363=DIRECTION('',(1.,0.,0.));
#5364=DIRECTION('',(0.,-1.,0.));
#5365=DIRECTION('center_axis',(0.,0.976684275485863,0.214680753722023));
#5366=DIRECTION('ref_axis',(1.,0.,0.));
#5367=DIRECTION('',(0.,-0.214680753722023,0.976684275485862));
#5368=DIRECTION('',(1.,0.,0.));
#5369=DIRECTION('',(0.,-0.214680753722023,0.976684275485862));
#5370=DIRECTION('center_axis',(-1.,0.,0.));
#5371=DIRECTION('ref_axis',(0.,0.,-1.));
#5372=DIRECTION('center_axis',(-1.,0.,0.));
#5373=DIRECTION('ref_axis',(0.,0.,1.));
#5374=DIRECTION('',(1.,0.,0.));
#5375=DIRECTION('center_axis',(-1.,0.,0.));
#5376=DIRECTION('ref_axis',(0.,0.,1.));
#5377=DIRECTION('center_axis',(0.,1.,0.));
#5378=DIRECTION('ref_axis',(1.,0.,0.));
#5379=DIRECTION('',(0.,0.,1.));
#5380=DIRECTION('',(1.,0.,0.));
#5381=DIRECTION('',(0.,0.,1.));
#5382=DIRECTION('',(0.,0.,1.));
#5383=DIRECTION('',(-1.,0.,0.));
#5384=DIRECTION('center_axis',(-1.,0.,0.));
#5385=DIRECTION('ref_axis',(0.,0.,1.));
#5386=DIRECTION('center_axis',(-1.,0.,0.));
#5387=DIRECTION('ref_axis',(0.,0.,1.));
#5388=DIRECTION('',(0.,1.,-8.18408165535058E-17));
#5389=DIRECTION('center_axis',(0.,8.18408165535058E-17,1.));
#5390=DIRECTION('ref_axis',(0.,-1.,8.18408165535058E-17));
#5391=DIRECTION('',(0.,1.,-8.18408165535058E-17));
#5392=DIRECTION('center_axis',(-1.,0.,0.));
#5393=DIRECTION('ref_axis',(0.,0.,1.));
#5394=DIRECTION('',(0.,1.,-8.18408165535058E-17));
#5395=DIRECTION('center_axis',(0.,-8.18408165535058E-17,-1.));
#5396=DIRECTION('ref_axis',(0.,-1.,8.18408165535058E-17));
#5397=DIRECTION('center_axis',(1.,0.,0.));
#5398=DIRECTION('ref_axis',(0.,1.,0.));
#5399=DIRECTION('',(0.,0.,1.));
#5400=DIRECTION('',(0.,1.,-8.18408165535058E-17));
#5401=DIRECTION('',(0.,-8.18408165535058E-17,-1.));
#5402=DIRECTION('center_axis',(1.,0.,0.));
#5403=DIRECTION('ref_axis',(0.,0.,1.));
#5404=DIRECTION('',(0.,0.214680753722023,-0.976684275485862));
#5405=DIRECTION('',(0.,-1.,0.));
#5406=DIRECTION('',(0.,-0.214680753722023,0.976684275485862));
#5407=DIRECTION('center_axis',(-1.,0.,0.));
#5408=DIRECTION('ref_axis',(0.,0.,1.));
#5409=DIRECTION('center_axis',(0.,0.,-1.));
#5410=DIRECTION('ref_axis',(0.,-1.,0.));
#5411=DIRECTION('',(0.,1.,0.));
#5412=DIRECTION('',(-1.,0.,0.));
#5413=DIRECTION('',(0.,1.,0.));
#5414=DIRECTION('',(-1.,0.,0.));
#5415=DIRECTION('center_axis',(0.,-1.,8.18408165535058E-17));
#5416=DIRECTION('ref_axis',(-1.,0.,0.));
#5417=DIRECTION('',(-1.,0.,0.));
#5418=DIRECTION('',(0.,0.,-1.));
#5419=DIRECTION('',(1.,0.,0.));
#5420=DIRECTION('',(0.,-8.18408165535058E-17,-1.));
#5421=DIRECTION('',(0.,-8.18408165535058E-17,-1.));
#5422=DIRECTION('',(-1.,0.,0.));
#5423=DIRECTION('center_axis',(1.,0.,0.));
#5424=DIRECTION('ref_axis',(0.,0.,-1.));
#5425=DIRECTION('center_axis',(1.,0.,0.));
#5426=DIRECTION('ref_axis',(0.,0.,1.));
#5427=DIRECTION('',(-1.,0.,0.));
#5428=DIRECTION('center_axis',(0.,-0.976684275485862,-0.214680753722023));
#5429=DIRECTION('ref_axis',(0.,0.214680753722023,-0.976684275485862));
#5430=DIRECTION('',(0.,0.214680753722023,-0.976684275485862));
#5431=DIRECTION('',(-1.,0.,0.));
#5432=DIRECTION('center_axis',(0.,0.,1.));
#5433=DIRECTION('ref_axis',(1.,0.,0.));
#5434=DIRECTION('',(0.,-1.,0.));
#5435=DIRECTION('',(-1.,0.,0.));
#5436=DIRECTION('center_axis',(0.,0.976684275485863,0.214680753722023));
#5437=DIRECTION('ref_axis',(1.,0.,0.));
#5438=DIRECTION('',(0.,-0.214680753722023,0.976684275485862));
#5439=DIRECTION('',(-1.,0.,0.));
#5440=DIRECTION('center_axis',(1.,0.,0.));
#5441=DIRECTION('ref_axis',(0.,0.,-1.));
#5442=DIRECTION('center_axis',(-1.,0.,0.));
#5443=DIRECTION('ref_axis',(0.,0.,1.));
#5444=DIRECTION('',(-1.,0.,0.));
#5445=DIRECTION('center_axis',(0.,1.,0.));
#5446=DIRECTION('ref_axis',(1.,0.,0.));
#5447=DIRECTION('',(0.,0.,-1.));
#5448=DIRECTION('',(-1.,0.,0.));
#5449=DIRECTION('',(0.,0.,1.));
#5450=DIRECTION('',(0.,0.,1.));
#5451=DIRECTION('',(1.,0.,0.));
#5452=DIRECTION('center_axis',(1.,0.,0.));
#5453=DIRECTION('ref_axis',(0.,1.,0.));
#5454=DIRECTION('center_axis',(1.,0.,0.));
#5455=DIRECTION('ref_axis',(0.,1.,0.));
#5456=DIRECTION('',(0.,1.,-8.18408165535058E-17));
#5457=DIRECTION('center_axis',(0.,-8.18408165535058E-17,-1.));
#5458=DIRECTION('ref_axis',(0.,-1.,8.18408165535058E-17));
#5459=DIRECTION('',(0.,1.,-8.18408165535058E-17));
#5460=DIRECTION('center_axis',(1.,0.,0.));
#5461=DIRECTION('ref_axis',(0.,1.,0.));
#5462=DIRECTION('',(0.,1.,-8.18408165535058E-17));
#5463=DIRECTION('center_axis',(0.,8.18408165535058E-17,1.));
#5464=DIRECTION('ref_axis',(0.,-1.,8.18408165535058E-17));
#5465=DIRECTION('center_axis',(-0.99963763009549,-0.0269185530270797,0.));
#5466=DIRECTION('ref_axis',(0.,0.,1.));
#5467=DIRECTION('',(0.0269185530270797,-0.99963763009549,1.46337119358352E-16));
#5468=DIRECTION('',(0.,0.,1.));
#5469=DIRECTION('',(-0.0269185530270797,0.99963763009549,-1.46337119358352E-16));
#5470=DIRECTION('',(0.,0.,-1.));
#5471=DIRECTION('center_axis',(0.,1.,0.));
#5472=DIRECTION('ref_axis',(1.,0.,0.));
#5473=DIRECTION('',(-1.,0.,0.));
#5474=DIRECTION('',(0.,0.,1.));
#5475=DIRECTION('',(-1.,0.,0.));
#5476=DIRECTION('center_axis',(0.,1.46390166749098E-16,1.));
#5477=DIRECTION('ref_axis',(0.,-1.,1.46390166749098E-16));
#5478=DIRECTION('',(-1.,0.,0.));
#5479=DIRECTION('center_axis',(0.,0.,1.));
#5480=DIRECTION('ref_axis',(0.,-1.,0.));
#5481=DIRECTION('',(0.,1.,1.76114058474803E-16));
#5482=DIRECTION('center_axis',(0.,0.,-1.));
#5483=DIRECTION('ref_axis',(-1.,0.,0.));
#5484=DIRECTION('center_axis',(0.,0.,-1.));
#5485=DIRECTION('ref_axis',(0.,1.,0.));
#5486=DIRECTION('',(0.,0.,-1.));
#5487=DIRECTION('',(0.,0.,1.));
#5488=DIRECTION('center_axis',(1.,0.,0.));
#5489=DIRECTION('ref_axis',(0.,1.,0.));
#5490=DIRECTION('',(0.,1.,-1.62123689343627E-16));
#5491=DIRECTION('center_axis',(0.,-1.46390166749098E-16,-1.));
#5492=DIRECTION('ref_axis',(0.,-1.,1.46390166749098E-16));
#5493=DIRECTION('',(1.,0.,0.));
#5494=DIRECTION('center_axis',(0.,-1.,0.));
#5495=DIRECTION('ref_axis',(0.,0.,-1.));
#5496=DIRECTION('center_axis',(1.,0.,0.));
#5497=DIRECTION('ref_axis',(0.,0.,1.));
#5498=DIRECTION('center_axis',(-0.99963763009549,0.0269185530270797,0.));
#5499=DIRECTION('ref_axis',(-0.0269185530270797,-0.99963763009549,0.));
#5500=DIRECTION('',(-1.,0.,0.));
#5501=DIRECTION('center_axis',(-1.,0.,0.));
#5502=DIRECTION('ref_axis',(0.,0.,1.));
#5503=DIRECTION('',(-1.,0.,0.));
#5504=DIRECTION('center_axis',(0.,1.,0.));
#5505=DIRECTION('ref_axis',(1.,0.,0.));
#5506=DIRECTION('',(0.,0.,-1.));
#5507=DIRECTION('',(0.,0.,-1.));
#5508=DIRECTION('',(-1.,0.,0.));
#5509=DIRECTION('center_axis',(0.,0.,-1.));
#5510=DIRECTION('ref_axis',(1.,0.,0.));
#5511=DIRECTION('center_axis',(0.,0.,1.));
#5512=DIRECTION('ref_axis',(0.,1.,0.));
#5513=DIRECTION('',(0.,0.,1.));
#5514=DIRECTION('center_axis',(0.,0.,-1.));
#5515=DIRECTION('ref_axis',(0.,-1.,0.));
#5516=DIRECTION('',(0.,0.,-1.));
#5517=DIRECTION('center_axis',(0.,1.46390166749098E-16,1.));
#5518=DIRECTION('ref_axis',(0.,-1.,1.46390166749098E-16));
#5519=DIRECTION('',(0.0269185530270797,0.99963763009549,-1.46337119358352E-16));
#5520=DIRECTION('',(0.,-1.,1.62123689343627E-16));
#5521=DIRECTION('',(-1.,0.,0.));
#5522=DIRECTION('center_axis',(-1.,0.,0.));
#5523=DIRECTION('ref_axis',(0.,0.,1.));
#5524=DIRECTION('',(0.,1.,0.));
#5525=DIRECTION('',(0.,0.,1.));
#5526=DIRECTION('',(0.,-1.,0.));
#5527=DIRECTION('center_axis',(0.,-1.,0.));
#5528=DIRECTION('ref_axis',(0.,0.,-1.));
#5529=DIRECTION('',(0.,0.,1.));
#5530=DIRECTION('',(-1.,0.,0.));
#5531=DIRECTION('center_axis',(0.,-1.46390166749098E-16,-1.));
#5532=DIRECTION('ref_axis',(0.,-1.,1.46390166749098E-16));
#5533=DIRECTION('',(-0.0269185530270797,-0.99963763009549,1.46337119358352E-16));
#5534=DIRECTION('',(1.,0.,0.));
#5535=DIRECTION('center_axis',(0.,1.,0.));
#5536=DIRECTION('ref_axis',(1.,0.,0.));
#5537=DIRECTION('',(0.,0.,-1.));
#5538=DIRECTION('',(1.,0.,0.));
#5539=DIRECTION('center_axis',(0.,0.,1.));
#5540=DIRECTION('ref_axis',(1.,0.,0.));
#5541=DIRECTION('',(0.0269185530270797,0.99963763009549,0.));
#5542=DIRECTION('center_axis',(0.99963763009549,-0.0269185530270797,0.));
#5543=DIRECTION('ref_axis',(0.,0.,-1.));
#5544=DIRECTION('center_axis',(0.,-1.,0.));
#5545=DIRECTION('ref_axis',(0.,0.,-1.));
#5546=DIRECTION('',(0.,0.,-1.));
#5547=DIRECTION('',(1.,0.,0.));
#5548=DIRECTION('',(0.,0.,1.));
#5549=DIRECTION('',(1.,0.,0.));
#5550=DIRECTION('center_axis',(1.,0.,0.));
#5551=DIRECTION('ref_axis',(0.,1.,0.));
#5552=DIRECTION('',(0.,-1.,0.));
#5553=DIRECTION('center_axis',(1.,0.,0.));
#5554=DIRECTION('ref_axis',(0.,0.,-1.));
#5555=DIRECTION('',(0.,0.,1.));
#5556=DIRECTION('',(0.,-1.,1.62123689343627E-16));
#5557=DIRECTION('',(0.,0.,-1.));
#5558=DIRECTION('',(0.,-1.,0.));
#5559=DIRECTION('',(0.,0.,1.));
#5560=DIRECTION('center_axis',(0.,1.46390166749098E-16,1.));
#5561=DIRECTION('ref_axis',(0.,-1.,1.46390166749098E-16));
#5562=DIRECTION('',(0.0269185530270797,-0.99963763009549,1.46337119358352E-16));
#5563=DIRECTION('center_axis',(0.,0.,1.));
#5564=DIRECTION('ref_axis',(0.,-1.,0.));
#5565=DIRECTION('',(1.,0.,0.));
#5566=DIRECTION('center_axis',(0.,-1.46390166749098E-16,-1.));
#5567=DIRECTION('ref_axis',(0.,-1.,1.46390166749098E-16));
#5568=DIRECTION('',(-0.0269185530270797,0.99963763009549,-1.46337119358352E-16));
#5569=DIRECTION('',(-1.,0.,0.));
#5570=DIRECTION('center_axis',(0.,0.,-1.));
#5571=DIRECTION('ref_axis',(0.,1.,0.));
#5572=DIRECTION('center_axis',(0.,0.,-1.));
#5573=DIRECTION('ref_axis',(-1.,0.,0.));
#5574=DIRECTION('center_axis',(0.,1.,0.));
#5575=DIRECTION('ref_axis',(1.,0.,0.));
#5576=DIRECTION('',(0.,0.,1.));
#5577=DIRECTION('',(1.,0.,0.));
#5578=DIRECTION('center_axis',(-1.,0.,0.));
#5579=DIRECTION('ref_axis',(0.,0.,-1.));
#5580=DIRECTION('center_axis',(0.99963763009549,0.0269185530270797,0.));
#5581=DIRECTION('ref_axis',(0.0269185530270797,-0.99963763009549,0.));
#5582=DIRECTION('',(1.,0.,0.));
#5583=DIRECTION('center_axis',(0.,0.,1.));
#5584=DIRECTION('ref_axis',(1.,0.,0.));
#5585=DIRECTION('',(0.0269185530270797,-0.99963763009549,0.));
#5586=DIRECTION('',(1.,0.,0.));
#5587=DIRECTION('center_axis',(0.,1.,0.));
#5588=DIRECTION('ref_axis',(1.,0.,0.));
#5589=DIRECTION('',(0.,0.,1.));
#5590=DIRECTION('center_axis',(-0.99963763009549,-0.0269185530270797,0.));
#5591=DIRECTION('ref_axis',(0.,0.,1.));
#5592=DIRECTION('center_axis',(0.,0.,1.));
#5593=DIRECTION('ref_axis',(1.,0.,0.));
#5594=DIRECTION('',(0.,0.,-1.));
#5595=DIRECTION('center_axis',(0.,0.,1.));
#5596=DIRECTION('ref_axis',(0.,1.,0.));
#5597=DIRECTION('',(0.,0.,-1.));
#5598=DIRECTION('center_axis',(0.,0.,-1.));
#5599=DIRECTION('ref_axis',(1.,0.,0.));
#5600=DIRECTION('center_axis',(-0.99963763009549,-0.0269185530270797,0.));
#5601=DIRECTION('ref_axis',(0.,0.,1.));
#5602=DIRECTION('',(0.,0.,1.));
#5603=DIRECTION('',(0.0269185530270797,-0.99963763009549,1.46337119358352E-16));
#5604=DIRECTION('',(0.,0.,-1.));
#5605=DIRECTION('',(-0.0269185530270797,0.99963763009549,-1.46337119358352E-16));
#5606=DIRECTION('',(0.,0.,1.));
#5607=DIRECTION('',(0.0269185530270797,-0.99963763009549,0.));
#5608=DIRECTION('center_axis',(0.99963763009549,0.0269185530270797,0.));
#5609=DIRECTION('ref_axis',(0.0269185530270797,-0.99963763009549,0.));
#5610=DIRECTION('center_axis',(-0.99963763009549,-0.0269185530270797,0.));
#5611=DIRECTION('ref_axis',(0.,0.,1.));
#5612=DIRECTION('',(0.0269185530270797,-0.99963763009549,1.46337119358352E-16));
#5613=DIRECTION('',(0.,0.,-1.));
#5614=DIRECTION('',(-0.0269185530270797,0.99963763009549,-1.46337119358352E-16));
#5615=DIRECTION('',(0.,0.,1.));
#5616=DIRECTION('center_axis',(-0.99963763009549,-0.0269185530270797,0.));
#5617=DIRECTION('ref_axis',(0.,0.,1.));
#5618=DIRECTION('',(-5.92690393587888E-18,2.20099356689246E-16,1.));
#5619=DIRECTION('',(0.0269185530270797,-0.99963763009549,0.));
#5620=DIRECTION('',(0.,0.,-1.));
#5621=DIRECTION('',(-0.0269185530270797,0.99963763009549,-2.19505679037528E-16));
#5622=DIRECTION('center_axis',(0.,-1.46390166749098E-16,-1.));
#5623=DIRECTION('ref_axis',(0.,-1.,1.46390166749098E-16));
#5624=DIRECTION('',(1.,0.,0.));
#5625=DIRECTION('center_axis',(0.,0.,-1.));
#5626=DIRECTION('ref_axis',(0.,1.,0.));
#5627=DIRECTION('',(0.,-1.,1.46390166749098E-16));
#5628=DIRECTION('center_axis',(0.,0.,-1.));
#5629=DIRECTION('ref_axis',(1.,0.,0.));
#5630=DIRECTION('',(1.,0.,-7.21567600417686E-16));
#5631=DIRECTION('',(0.,1.,0.));
#5632=DIRECTION('',(1.,0.,0.));
#5633=DIRECTION('center_axis',(0.,0.,1.));
#5634=DIRECTION('ref_axis',(0.,1.,0.));
#5635=DIRECTION('',(0.,1.,-1.46390166749098E-16));
#5636=DIRECTION('center_axis',(0.,0.,-1.));
#5637=DIRECTION('ref_axis',(0.,1.,0.));
#5638=DIRECTION('',(-1.,0.,0.));
#5639=DIRECTION('center_axis',(0.,0.,1.));
#5640=DIRECTION('ref_axis',(0.,1.,0.));
#5641=DIRECTION('',(0.,1.,0.));
#5642=DIRECTION('',(-1.,0.,0.));
#5643=DIRECTION('center_axis',(0.,-1.,0.));
#5644=DIRECTION('ref_axis',(0.,0.,-1.));
#5645=DIRECTION('',(1.,0.,0.));
#5646=DIRECTION('',(0.,0.,-1.));
#5647=DIRECTION('center_axis',(0.,1.46390166749098E-16,1.));
#5648=DIRECTION('ref_axis',(0.,-1.,1.46390166749098E-16));
#5649=DIRECTION('',(1.,0.,0.));
#5650=DIRECTION('',(0.,-1.,1.62123689343627E-16));
#5651=DIRECTION('center_axis',(0.,0.,-1.));
#5652=DIRECTION('ref_axis',(0.,-1.,0.));
#5653=DIRECTION('',(-1.,0.,0.));
#5654=DIRECTION('center_axis',(0.,0.,1.));
#5655=DIRECTION('ref_axis',(0.,-1.,0.));
#5656=DIRECTION('',(0.,-1.,1.46390166749098E-16));
#5657=DIRECTION('center_axis',(0.,0.,-1.));
#5658=DIRECTION('ref_axis',(0.,-1.,0.));
#5659=DIRECTION('',(1.,0.,0.));
#5660=DIRECTION('',(0.,1.,0.));
#5661=DIRECTION('',(-1.,0.,-7.21567600417686E-16));
#5662=DIRECTION('center_axis',(0.,0.,1.));
#5663=DIRECTION('ref_axis',(-1.,0.,0.));
#5664=DIRECTION('',(0.,1.,-1.46390166749098E-16));
#5665=DIRECTION('center_axis',(0.,0.,1.));
#5666=DIRECTION('ref_axis',(0.,-1.,0.));
#5667=DIRECTION('center_axis',(0.,-1.,0.));
#5668=DIRECTION('ref_axis',(0.,0.,-1.));
#5669=DIRECTION('',(1.,0.,0.));
#5670=DIRECTION('',(0.,0.,-1.));
#5671=DIRECTION('',(1.,0.,0.));
#5672=DIRECTION('center_axis',(0.,-1.46390166749098E-16,-1.));
#5673=DIRECTION('ref_axis',(0.,-1.,1.46390166749098E-16));
#5674=DIRECTION('',(1.,0.,0.));
#5675=DIRECTION('center_axis',(0.,0.,-1.));
#5676=DIRECTION('ref_axis',(0.,1.,0.));
#5677=DIRECTION('',(0.,-1.,1.46390166749098E-16));
#5678=DIRECTION('center_axis',(0.,0.,-1.));
#5679=DIRECTION('ref_axis',(1.,0.,0.));
#5680=DIRECTION('',(1.,0.,-7.21567600417686E-16));
#5681=DIRECTION('',(0.,1.,0.));
#5682=DIRECTION('',(1.,0.,0.));
#5683=DIRECTION('center_axis',(0.,0.,1.));
#5684=DIRECTION('ref_axis',(0.,1.,0.));
#5685=DIRECTION('',(0.,1.,-1.46390166749098E-16));
#5686=DIRECTION('center_axis',(0.,0.,-1.));
#5687=DIRECTION('ref_axis',(0.,1.,0.));
#5688=DIRECTION('',(-1.,0.,0.));
#5689=DIRECTION('center_axis',(0.,0.,1.));
#5690=DIRECTION('ref_axis',(0.,1.,0.));
#5691=DIRECTION('',(0.,1.,-1.62123689343627E-16));
#5692=DIRECTION('',(-1.,0.,0.));
#5693=DIRECTION('center_axis',(0.,-1.,0.));
#5694=DIRECTION('ref_axis',(0.,0.,-1.));
#5695=DIRECTION('',(-1.,0.,0.));
#5696=DIRECTION('',(0.,0.,-1.));
#5697=DIRECTION('center_axis',(0.,1.,0.));
#5698=DIRECTION('ref_axis',(1.,0.,0.));
#5699=DIRECTION('',(1.,0.,0.));
#5700=DIRECTION('',(0.,0.,1.));
#5701=DIRECTION('center_axis',(-1.,0.,0.));
#5702=DIRECTION('ref_axis',(0.,0.,-1.));
#5703=DIRECTION('',(1.,0.,0.));
#5704=DIRECTION('center_axis',(1.,0.,0.));
#5705=DIRECTION('ref_axis',(0.,0.,-1.));
#5706=DIRECTION('center_axis',(0.,0.,1.));
#5707=DIRECTION('ref_axis',(1.,0.,0.));
#5708=DIRECTION('',(1.,0.,0.));
#5709=DIRECTION('',(0.,-1.,0.));
#5710=DIRECTION('center_axis',(0.,0.,1.));
#5711=DIRECTION('ref_axis',(-1.,0.,0.));
#5712=DIRECTION('',(0.,0.,1.));
#5713=DIRECTION('center_axis',(0.,0.,1.));
#5714=DIRECTION('ref_axis',(0.,-1.,0.));
#5715=DIRECTION('',(0.,0.,-1.));
#5716=DIRECTION('center_axis',(0.,0.,1.));
#5717=DIRECTION('ref_axis',(-1.,0.,0.));
#5718=DIRECTION('',(0.,0.,1.));
#5719=DIRECTION('',(0.,0.,-1.));
#5720=DIRECTION('center_axis',(0.,0.,1.));
#5721=DIRECTION('ref_axis',(-1.,0.,0.));
#5722=DIRECTION('center_axis',(0.,0.,1.));
#5723=DIRECTION('ref_axis',(-1.,0.,0.));
#5724=DIRECTION('',(0.,0.,-1.));
#5725=DIRECTION('center_axis',(0.,0.,-1.));
#5726=DIRECTION('ref_axis',(0.,1.,0.));
#5727=DIRECTION('',(0.,0.,1.));
#5728=DIRECTION('center_axis',(0.,0.,1.));
#5729=DIRECTION('ref_axis',(-1.,0.,0.));
#5730=DIRECTION('center_axis',(0.,0.,1.));
#5731=DIRECTION('ref_axis',(-1.,0.,0.));
#5732=DIRECTION('',(0.,0.,1.));
#5733=DIRECTION('center_axis',(0.,0.,-1.));
#5734=DIRECTION('ref_axis',(1.,0.,0.));
#5735=DIRECTION('',(0.,0.,-1.));
#5736=DIRECTION('center_axis',(0.,0.,1.));
#5737=DIRECTION('ref_axis',(-1.,0.,0.));
#5738=DIRECTION('center_axis',(0.,0.,1.));
#5739=DIRECTION('ref_axis',(0.,1.,0.));
#5740=DIRECTION('',(0.,0.,1.));
#5741=DIRECTION('center_axis',(0.,0.,-1.));
#5742=DIRECTION('ref_axis',(0.,-1.,0.));
#5743=DIRECTION('',(0.,0.,-1.));
#5744=DIRECTION('center_axis',(0.,-1.,0.));
#5745=DIRECTION('ref_axis',(0.,0.,1.));
#5746=DIRECTION('center_axis',(0.,-1.,0.));
#5747=DIRECTION('ref_axis',(0.,0.,1.));
#5748=DIRECTION('center_axis',(0.,-1.,0.));
#5749=DIRECTION('ref_axis',(0.,0.,1.));
#5750=DIRECTION('',(0.,1.,0.));
#5751=DIRECTION('center_axis',(0.,-1.,0.));
#5752=DIRECTION('ref_axis',(0.,0.,1.));
#5753=DIRECTION('center_axis',(0.,-1.,0.));
#5754=DIRECTION('ref_axis',(0.,0.,1.));
#5755=DIRECTION('center_axis',(0.,-1.,0.));
#5756=DIRECTION('ref_axis',(0.,0.,1.));
#5757=DIRECTION('',(0.,1.,0.));
#5758=DIRECTION('center_axis',(0.,-1.,0.));
#5759=DIRECTION('ref_axis',(0.,0.,1.));
#5760=DIRECTION('center_axis',(0.,-1.,0.));
#5761=DIRECTION('ref_axis',(0.,0.,1.));
#5762=DIRECTION('',(0.,1.,0.));
#5763=DIRECTION('center_axis',(0.,-1.,0.));
#5764=DIRECTION('ref_axis',(0.,0.,1.));
#5765=DIRECTION('center_axis',(0.,-1.,0.));
#5766=DIRECTION('ref_axis',(0.,0.,1.));
#5767=DIRECTION('center_axis',(0.,-1.,0.));
#5768=DIRECTION('ref_axis',(0.,0.,1.));
#5769=DIRECTION('',(0.,1.,0.));
#5770=DIRECTION('center_axis',(0.,-1.,0.));
#5771=DIRECTION('ref_axis',(0.,0.,1.));
#5772=DIRECTION('',(0.,1.,0.));
#5773=DIRECTION('center_axis',(0.,1.,0.));
#5774=DIRECTION('ref_axis',(1.,0.,0.));
#5775=DIRECTION('',(-1.,0.,0.));
#5776=DIRECTION('',(-1.,0.,0.));
#5777=DIRECTION('center_axis',(0.,0.,1.));
#5778=DIRECTION('ref_axis',(1.,0.,0.));
#5779=DIRECTION('',(0.,0.,-1.));
#5780=DIRECTION('center_axis',(0.,0.,-1.));
#5781=DIRECTION('ref_axis',(0.,-1.,0.));
#5782=DIRECTION('',(0.,0.,1.));
#5783=DIRECTION('center_axis',(0.,0.,1.));
#5784=DIRECTION('ref_axis',(1.,0.,0.));
#5785=DIRECTION('',(0.,0.,-1.));
#5786=DIRECTION('',(0.,0.,1.));
#5787=DIRECTION('center_axis',(0.,0.,1.));
#5788=DIRECTION('ref_axis',(1.,0.,0.));
#5789=DIRECTION('center_axis',(0.,0.,1.));
#5790=DIRECTION('ref_axis',(0.,-1.,0.));
#5791=DIRECTION('',(0.,0.,1.));
#5792=DIRECTION('center_axis',(0.,0.,1.));
#5793=DIRECTION('ref_axis',(1.,0.,0.));
#5794=DIRECTION('',(0.,0.,1.));
#5795=DIRECTION('center_axis',(0.,0.,1.));
#5796=DIRECTION('ref_axis',(1.,0.,0.));
#5797=DIRECTION('center_axis',(0.,0.,-1.));
#5798=DIRECTION('ref_axis',(0.,1.,0.));
#5799=DIRECTION('center_axis',(0.,0.,1.));
#5800=DIRECTION('ref_axis',(1.,0.,0.));
#5801=DIRECTION('',(0.,0.,1.));
#5802=DIRECTION('center_axis',(1.,0.,0.));
#5803=DIRECTION('ref_axis',(0.,1.,0.));
#5804=DIRECTION('',(0.,0.,1.));
#5805=DIRECTION('center_axis',(0.,1.,0.));
#5806=DIRECTION('ref_axis',(1.,0.,0.));
#5807=DIRECTION('center_axis',(0.,-1.,0.));
#5808=DIRECTION('ref_axis',(0.,0.,-1.));
#5809=DIRECTION('',(1.,0.,0.));
#5810=DIRECTION('center_axis',(0.,0.,-1.));
#5811=DIRECTION('ref_axis',(-1.,0.,0.));
#5812=DIRECTION('center_axis',(0.,0.,1.));
#5813=DIRECTION('ref_axis',(1.,0.,0.));
#5814=DIRECTION('',(0.,0.,-1.));
#5815=DIRECTION('center_axis',(0.,0.,-1.));
#5816=DIRECTION('ref_axis',(-1.,0.,0.));
#5817=DIRECTION('',(0.,0.,1.));
#5818=DIRECTION('center_axis',(0.,0.,-1.));
#5819=DIRECTION('ref_axis',(-1.,0.,0.));
#5820=DIRECTION('',(0.,0.,-1.));
#5821=DIRECTION('center_axis',(0.,0.,-1.));
#5822=DIRECTION('ref_axis',(0.,-1.,0.));
#5823=DIRECTION('',(0.,0.,1.));
#5824=DIRECTION('center_axis',(0.,0.,-1.));
#5825=DIRECTION('ref_axis',(-1.,0.,0.));
#5826=DIRECTION('',(0.,0.,-1.));
#5827=DIRECTION('',(0.,0.,1.));
#5828=DIRECTION('center_axis',(0.,0.,-1.));
#5829=DIRECTION('ref_axis',(-1.,0.,0.));
#5830=DIRECTION('center_axis',(0.,0.,1.));
#5831=DIRECTION('ref_axis',(0.,1.,0.));
#5832=DIRECTION('',(0.,0.,-1.));
#5833=DIRECTION('center_axis',(0.,0.,-1.));
#5834=DIRECTION('ref_axis',(0.,-1.,0.));
#5835=DIRECTION('',(0.,0.,1.));
#5836=DIRECTION('center_axis',(0.,0.,-1.));
#5837=DIRECTION('ref_axis',(-1.,0.,0.));
#5838=DIRECTION('center_axis',(0.,0.,1.));
#5839=DIRECTION('ref_axis',(0.,1.,0.));
#5840=DIRECTION('',(0.,0.,-1.));
#5841=DIRECTION('center_axis',(0.,0.,-1.));
#5842=DIRECTION('ref_axis',(1.,0.,0.));
#5843=DIRECTION('',(0.,0.,1.));
#5844=DIRECTION('center_axis',(0.,0.,1.));
#5845=DIRECTION('ref_axis',(1.,0.,0.));
#5846=DIRECTION('',(0.,1.,0.));
#5847=DIRECTION('',(1.,0.,0.));
#5848=DIRECTION('',(0.,-1.,0.));
#5849=DIRECTION('',(1.,0.,0.));
#5850=DIRECTION('',(-1.,0.,-7.21567600417686E-16));
#5851=DIRECTION('center_axis',(0.,0.,1.));
#5852=DIRECTION('ref_axis',(-1.,0.,0.));
#5853=DIRECTION('center_axis',(0.,1.46390166749098E-16,1.));
#5854=DIRECTION('ref_axis',(0.,-1.,1.46390166749098E-16));
#5855=DIRECTION('',(-1.,0.,0.));
#5856=DIRECTION('',(0.,-1.,-1.76114058474803E-16));
#5857=DIRECTION('',(0.,-1.,1.46390166749098E-16));
#5858=DIRECTION('',(1.,0.,0.));
#5859=DIRECTION('',(-1.,0.,-7.21567600417686E-16));
#5860=DIRECTION('center_axis',(0.,0.,1.));
#5861=DIRECTION('ref_axis',(-1.,0.,0.));
#5862=DIRECTION('',(0.,1.,-1.46390166749098E-16));
#5863=DIRECTION('center_axis',(0.,-2.19585250123647E-16,-1.));
#5864=DIRECTION('ref_axis',(0.,-1.,2.19585250123647E-16));
#5865=DIRECTION('',(1.,0.,0.));
#5866=DIRECTION('',(0.,-1.,2.19585250123647E-16));
#5867=DIRECTION('center_axis',(0.,0.,-1.));
#5868=DIRECTION('ref_axis',(1.,0.,0.));
#5869=DIRECTION('',(1.,0.,-7.21567600417686E-16));
#5870=DIRECTION('',(1.,0.,0.));
#5871=DIRECTION('',(0.,1.,-2.19585250123647E-16));
#5872=DIRECTION('center_axis',(0.,1.46390166749098E-16,1.));
#5873=DIRECTION('ref_axis',(0.,-1.,1.46390166749098E-16));
#5874=DIRECTION('',(0.,1.,-1.46390166749098E-16));
#5875=DIRECTION('',(1.,0.,0.));
#5876=DIRECTION('',(0.,-1.,1.46390166749098E-16));
#5877=DIRECTION('',(1.,0.,0.));
#5878=DIRECTION('',(-1.,0.,-7.21567600417686E-16));
#5879=DIRECTION('center_axis',(0.,0.,1.));
#5880=DIRECTION('ref_axis',(-1.,0.,0.));
#5881=DIRECTION('center_axis',(-1.,0.,0.));
#5882=DIRECTION('ref_axis',(0.,0.,1.));
#5883=DIRECTION('',(0.,0.,-1.));
#5884=DIRECTION('',(0.,-1.,0.));
#5885=DIRECTION('center_axis',(0.,-1.,0.));
#5886=DIRECTION('ref_axis',(0.,0.,-1.));
#5887=DIRECTION('',(1.,0.,0.));
#5888=DIRECTION('center_axis',(-1.,0.,0.));
#5889=DIRECTION('ref_axis',(0.,0.,1.));
#5890=DIRECTION('',(0.,0.,-1.));
#5891=DIRECTION('center_axis',(0.,-1.,0.));
#5892=DIRECTION('ref_axis',(0.,0.,-1.));
#5893=DIRECTION('center_axis',(-1.,0.,0.));
#5894=DIRECTION('ref_axis',(0.,0.,1.));
#5895=DIRECTION('center_axis',(-1.,0.,0.));
#5896=DIRECTION('ref_axis',(0.,0.,1.));
#5897=DIRECTION('center_axis',(1.,0.,0.));
#5898=DIRECTION('ref_axis',(0.,1.,0.));
#5899=DIRECTION('',(0.,0.,1.));
#5900=DIRECTION('center_axis',(0.,1.,0.));
#5901=DIRECTION('ref_axis',(1.,0.,0.));
#5902=DIRECTION('center_axis',(0.,-1.,0.));
#5903=DIRECTION('ref_axis',(0.,0.,-1.));
#5904=DIRECTION('center_axis',(-1.,0.,0.));
#5905=DIRECTION('ref_axis',(0.,0.,1.));
#5906=DIRECTION('',(0.,-1.,0.));
#5907=DIRECTION('',(0.,1.,-2.19585250123647E-16));
#5908=DIRECTION('center_axis',(0.,0.,1.));
#5909=DIRECTION('ref_axis',(1.,0.,0.));
#5910=DIRECTION('',(0.,0.,1.));
#5911=DIRECTION('center_axis',(-8.67361737988403E-16,0.,-1.));
#5912=DIRECTION('ref_axis',(1.,0.,-8.67361737988403E-16));
#5913=DIRECTION('',(0.,0.,-1.));
#5914=DIRECTION('center_axis',(0.,0.,1.));
#5915=DIRECTION('ref_axis',(1.,0.,0.));
#5916=DIRECTION('center_axis',(1.,0.,0.));
#5917=DIRECTION('ref_axis',(0.,1.,0.));
#5918=DIRECTION('',(0.,-1.,2.19585250123647E-16));
#5919=DIRECTION('',(0.,1.,0.));
#5920=DIRECTION('center_axis',(0.,0.,1.));
#5921=DIRECTION('ref_axis',(1.,0.,0.));
#5922=DIRECTION('',(0.,0.,1.));
#5923=DIRECTION('',(0.,0.,-1.));
#5924=DIRECTION('center_axis',(1.,0.,0.));
#5925=DIRECTION('ref_axis',(0.,1.,0.));
#5926=DIRECTION('center_axis',(0.,0.,1.));
#5927=DIRECTION('ref_axis',(1.,0.,0.));
#5928=DIRECTION('',(0.,0.,1.));
#5929=DIRECTION('',(0.,0.,-1.));
#5930=DIRECTION('center_axis',(1.,0.,0.));
#5931=DIRECTION('ref_axis',(0.,1.,0.));
#5932=DIRECTION('center_axis',(0.,0.,1.));
#5933=DIRECTION('ref_axis',(1.,0.,0.));
#5934=DIRECTION('',(0.,0.,1.));
#5935=DIRECTION('',(0.,0.,-1.));
#5936=DIRECTION('center_axis',(0.,0.,1.));
#5937=DIRECTION('ref_axis',(1.,0.,0.));
#5938=DIRECTION('',(0.,0.,-1.));
#5939=DIRECTION('',(0.,0.,1.));
#5940=DIRECTION('center_axis',(0.,0.,-1.));
#5941=DIRECTION('ref_axis',(1.,0.,0.));
#5942=DIRECTION('center_axis',(1.,0.,0.));
#5943=DIRECTION('ref_axis',(0.,1.,0.));
#5944=DIRECTION('center_axis',(1.,0.,0.));
#5945=DIRECTION('ref_axis',(0.,1.,0.));
#5946=DIRECTION('',(0.,1.,0.));
#5947=DIRECTION('center_axis',(-0.980072339282755,0.198640906594863,-4.95295303588389E-17));
#5948=DIRECTION('ref_axis',(0.198640906594863,0.980072339282755,4.29624927685643E-18));
#5949=DIRECTION('',(0.198640906594863,0.980072339282755,-2.15209429760672E-16));
#5950=DIRECTION('',(4.93959335336757E-17,-5.627955734787E-18,-1.));
#5951=DIRECTION('',(-0.198640906594863,-0.980072339282755,-4.29624927685643E-18));
#5952=DIRECTION('center_axis',(0.,-2.19585250123647E-16,-1.));
#5953=DIRECTION('ref_axis',(-0.224951054343865,-0.974370064785235,2.1395729438886E-16));
#5954=DIRECTION('',(0.198640906594863,0.980072339282755,-2.15209429760672E-16));
#5955=DIRECTION('',(-0.980072339282755,0.198640906594863,-4.36186131594209E-17));
#5956=DIRECTION('',(-0.198640906594862,-0.980072339282755,2.15209429760672E-16));
#5957=DIRECTION('center_axis',(4.93959335336757E-17,-5.627955734787E-18,
-1.));
#5958=DIRECTION('ref_axis',(0.224951054343865,0.974370064785235,5.62795573478698E-18));
#5959=DIRECTION('',(0.974370064785235,-0.224951054343865,4.93959335336757E-17));
#5960=DIRECTION('',(1.,0.,-7.21567600417686E-16));
#5961=DIRECTION('',(1.,0.,0.));
#5962=DIRECTION('center_axis',(-4.93959335336757E-17,5.627955734787E-18,
1.));
#5963=DIRECTION('ref_axis',(0.974370064785235,-0.224951054343865,4.93959335336757E-17));
#5964=DIRECTION('center_axis',(-4.93959335336757E-17,5.627955734787E-18,
1.));
#5965=DIRECTION('ref_axis',(0.974370064785235,-0.224951054343865,4.93959335336757E-17));
#5966=DIRECTION('',(-4.93959335336757E-17,5.627955734787E-18,1.));
#5967=DIRECTION('',(4.93959335336757E-17,-5.627955734787E-18,-1.));
#5968=DIRECTION('center_axis',(0.190263481656719,0.938739047983205,0.287347885566345));
#5969=DIRECTION('ref_axis',(0.970471165359534,-0.224050922486073,0.0893694653606467));
#5970=DIRECTION('',(-0.0570790444970158,-0.281621714394962,0.957826285221151));
#5971=DIRECTION('',(0.980072339282755,-0.198640906594862,4.95295303588388E-17));
#5972=DIRECTION('',(0.0570790444970158,0.281621714394962,-0.957826285221151));
#5973=DIRECTION('center_axis',(-0.980072339282755,0.198640906594863,-4.95295303588389E-17));
#5974=DIRECTION('ref_axis',(0.198640906594863,0.980072339282755,4.29624927685643E-18));
#5975=DIRECTION('',(-0.198640906594863,-0.980072339282755,-4.29624927685643E-18));
#5976=DIRECTION('center_axis',(0.980072339282755,-0.198640906594863,4.95295303588389E-17));
#5977=DIRECTION('ref_axis',(4.93959335336757E-17,-5.627955734787E-18,-1.));
#5978=DIRECTION('',(0.198640906594862,0.980072339282755,4.29624927685642E-18));
#5979=DIRECTION('center_axis',(-0.224951054343865,-0.974370064785235,-5.62795573478698E-18));
#5980=DIRECTION('ref_axis',(4.93959335336757E-17,-5.627955734787E-18,-1.));
#5981=DIRECTION('',(0.974370064785235,-0.224951054343865,4.93959335336757E-17));
#5982=DIRECTION('center_axis',(0.980072339282755,0.198640906594863,-4.95295303588388E-17));
#5983=DIRECTION('ref_axis',(-4.93959335336757E-17,-5.627955734787E-18,-1.));
#5984=DIRECTION('',(5.92690393587888E-18,2.20099356689246E-16,1.));
#5985=DIRECTION('',(-0.198640906594863,0.980072339282755,4.29624927685643E-18));
#5986=DIRECTION('',(4.93959335336757E-17,5.627955734787E-18,1.));
#5987=DIRECTION('',(0.198640906594863,-0.980072339282755,2.15209429760672E-16));
#5988=DIRECTION('center_axis',(0.980072339282755,0.198640906594863,-4.95295303588388E-17));
#5989=DIRECTION('ref_axis',(-4.93959335336757E-17,-5.627955734787E-18,-1.));
#5990=DIRECTION('',(0.,0.,-1.));
#5991=DIRECTION('',(0.198640906594863,-0.980072339282755,2.15209429760672E-16));
#5992=DIRECTION('',(0.0570790444970158,-0.281621714394962,0.957826285221151));
#5993=DIRECTION('',(-0.198640906594863,0.980072339282755,4.29624927685643E-18));
#5994=DIRECTION('center_axis',(0.224951054343865,-0.974370064785235,-5.62795573478698E-18));
#5995=DIRECTION('ref_axis',(-4.93959335336757E-17,-5.627955734787E-18,-1.));
#5996=DIRECTION('',(-0.974370064785235,-0.224951054343865,4.93959335336757E-17));
#5997=DIRECTION('',(4.93959335336757E-17,5.627955734787E-18,1.));
#5998=DIRECTION('',(-0.974370064785235,-0.224951054343865,4.93959335336757E-17));
#5999=DIRECTION('center_axis',(-0.980072339282755,-0.198640906594863,4.95295303588389E-17));
#6000=DIRECTION('ref_axis',(4.93959335336757E-17,5.627955734787E-18,1.));
#6001=DIRECTION('',(0.198640906594863,-0.980072339282755,2.15209429760672E-16));
#6002=DIRECTION('',(-4.93959335336757E-17,-5.627955734787E-18,-1.));
#6003=DIRECTION('',(-0.198640906594863,0.980072339282755,4.29624927685642E-18));
#6004=DIRECTION('',(-0.0570790444970158,0.281621714394962,-0.957826285221151));
#6005=DIRECTION('center_axis',(-0.190263481656719,0.938739047983205,0.287347885566345));
#6006=DIRECTION('ref_axis',(0.970471165359534,0.224050922486073,-0.0893694653606468));
#6007=DIRECTION('',(0.980072339282755,0.198640906594863,-4.36186131594209E-17));
#6008=DIRECTION('',(-0.980072339282755,-0.198640906594863,4.95295303588388E-17));
#6009=DIRECTION('center_axis',(4.93959335336757E-17,5.627955734787E-18,
1.));
#6010=DIRECTION('ref_axis',(-0.974370064785235,-0.224951054343865,4.93959335336757E-17));
#6011=DIRECTION('center_axis',(-4.93959335336757E-17,-5.627955734787E-18,
-1.));
#6012=DIRECTION('ref_axis',(-0.974370064785235,-0.224951054343865,4.93959335336757E-17));
#6013=DIRECTION('center_axis',(4.93959335336757E-17,5.627955734787E-18,
1.));
#6014=DIRECTION('ref_axis',(-0.224951054343865,0.974370064785235,5.62795573478698E-18));
#6015=DIRECTION('center_axis',(0.,0.,-1.));
#6016=DIRECTION('ref_axis',(0.,-1.,0.));
#6017=DIRECTION('',(0.0269185530270797,0.99963763009549,0.));
#6018=DIRECTION('',(-1.,0.,0.));
#6019=DIRECTION('center_axis',(0.,0.,-1.));
#6020=DIRECTION('ref_axis',(-1.,0.,0.));
#6021=DIRECTION('',(0.,1.,0.));
#6022=DIRECTION('center_axis',(0.,0.,-1.));
#6023=DIRECTION('ref_axis',(-1.,0.,0.));
#6024=DIRECTION('',(1.,0.,0.));
#6025=DIRECTION('',(-1.,0.,0.));
#6026=DIRECTION('center_axis',(0.,0.,1.));
#6027=DIRECTION('ref_axis',(-1.,0.,0.));
#6028=DIRECTION('',(0.,-1.,0.));
#6029=DIRECTION('center_axis',(0.,0.,1.));
#6030=DIRECTION('ref_axis',(-1.,0.,0.));
#6031=DIRECTION('',(1.,0.,0.));
#6032=DIRECTION('center_axis',(0.,0.,1.));
#6033=DIRECTION('ref_axis',(-1.,0.,0.));
#6034=DIRECTION('center_axis',(0.99963763009549,-0.0269185530270797,0.));
#6035=DIRECTION('ref_axis',(0.,0.,-1.));
#6036=DIRECTION('',(-0.0269185530270797,-0.99963763009549,2.19505679037528E-16));
#6037=DIRECTION('',(0.,0.,1.));
#6038=DIRECTION('center_axis',(0.99963763009549,-0.0269185530270797,0.));
#6039=DIRECTION('ref_axis',(0.,0.,-1.));
#6040=DIRECTION('',(0.,0.,1.));
#6041=DIRECTION('',(0.0269185530270797,0.99963763009549,-1.46337119358352E-16));
#6042=DIRECTION('',(0.,0.,-1.));
#6043=DIRECTION('center_axis',(-0.99963763009549,0.0269185530270797,0.));
#6044=DIRECTION('ref_axis',(-0.0269185530270797,-0.99963763009549,0.));
#6045=DIRECTION('',(0.0269185530270797,0.99963763009549,0.));
#6046=DIRECTION('',(0.,0.,-1.));
#6047=DIRECTION('',(-0.0269185530270797,-0.99963763009549,1.46337119358352E-16));
#6048=DIRECTION('center_axis',(0.99963763009549,-0.0269185530270797,0.));
#6049=DIRECTION('ref_axis',(0.,0.,-1.));
#6050=DIRECTION('',(0.,0.,1.));
#6051=DIRECTION('',(0.0269185530270797,0.99963763009549,-1.46337119358352E-16));
#6052=DIRECTION('',(0.,0.,-1.));
#6053=DIRECTION('',(-0.0269185530270797,-0.99963763009549,1.46337119358352E-16));
#6054=DIRECTION('center_axis',(0.,1.,0.));
#6055=DIRECTION('ref_axis',(1.,0.,0.));
#6056=DIRECTION('',(0.,0.,1.));
#6057=DIRECTION('',(-1.,0.,-7.21567600417686E-16));
#6058=DIRECTION('center_axis',(0.,1.,0.));
#6059=DIRECTION('ref_axis',(0.,0.,1.));
#6060=DIRECTION('',(1.,0.,-7.21567600417686E-16));
#6061=DIRECTION('',(0.,0.,1.));
#6062=DIRECTION('',(-1.,0.,-7.21567600417686E-16));
#6063=DIRECTION('center_axis',(0.,1.,0.));
#6064=DIRECTION('ref_axis',(0.,0.,1.));
#6065=DIRECTION('',(1.,0.,-7.21567600417686E-16));
#6066=DIRECTION('',(0.,0.,1.));
#6067=DIRECTION('',(-1.,0.,-7.21567600417686E-16));
#6068=DIRECTION('center_axis',(0.,1.,0.));
#6069=DIRECTION('ref_axis',(0.,0.,1.));
#6070=DIRECTION('',(1.,0.,-7.21567600417686E-16));
#6071=DIRECTION('',(0.,0.,1.));
#6072=DIRECTION('',(-1.,0.,-7.21567600417686E-16));
#6073=DIRECTION('center_axis',(0.,1.,0.));
#6074=DIRECTION('ref_axis',(0.,0.,1.));
#6075=DIRECTION('',(1.,0.,-7.21567600417686E-16));
#6076=DIRECTION('',(0.,0.,1.));
#6077=DIRECTION('',(1.,0.,0.));
#6078=DIRECTION('center_axis',(1.,0.,0.));
#6079=DIRECTION('ref_axis',(0.,0.,1.));
#6080=DIRECTION('',(-1.,0.,0.));
#6081=DIRECTION('center_axis',(-1.,0.,0.));
#6082=DIRECTION('ref_axis',(0.,0.,1.));
#6083=DIRECTION('',(-1.,0.,0.));
#6084=DIRECTION('center_axis',(0.,1.,0.));
#6085=DIRECTION('ref_axis',(1.,0.,0.));
#6086=DIRECTION('',(-1.,0.,0.));
#6087=DIRECTION('',(0.,0.,-1.));
#6088=DIRECTION('center_axis',(0.,1.46390166749098E-16,1.));
#6089=DIRECTION('ref_axis',(0.,-1.,1.46390166749098E-16));
#6090=DIRECTION('',(-1.,0.,0.));
#6091=DIRECTION('center_axis',(0.,0.,-1.));
#6092=DIRECTION('ref_axis',(0.,-1.,0.));
#6093=DIRECTION('',(0.,1.,-1.46390166749098E-16));
#6094=DIRECTION('center_axis',(0.,0.,-1.));
#6095=DIRECTION('ref_axis',(1.,0.,0.));
#6096=DIRECTION('',(0.,1.,0.));
#6097=DIRECTION('',(-1.,0.,0.));
#6098=DIRECTION('center_axis',(0.,0.,1.));
#6099=DIRECTION('ref_axis',(0.,-1.,0.));
#6100=DIRECTION('',(0.,-1.,1.46390166749098E-16));
#6101=DIRECTION('center_axis',(0.,0.,1.));
#6102=DIRECTION('ref_axis',(0.,-1.,0.));
#6103=DIRECTION('',(1.,0.,0.));
#6104=DIRECTION('center_axis',(0.,0.,1.));
#6105=DIRECTION('ref_axis',(0.,-1.,0.));
#6106=DIRECTION('',(0.,-1.,1.62123689343627E-16));
#6107=DIRECTION('center_axis',(0.,1.,0.));
#6108=DIRECTION('ref_axis',(1.,0.,0.));
#6109=DIRECTION('',(1.,0.,0.));
#6110=DIRECTION('',(0.,0.,1.));
#6111=DIRECTION('',(1.,0.,0.));
#6112=DIRECTION('center_axis',(0.,1.46390166749098E-16,1.));
#6113=DIRECTION('ref_axis',(0.,-1.,1.46390166749098E-16));
#6114=DIRECTION('',(1.,0.,0.));
#6115=DIRECTION('center_axis',(0.,0.,-1.));
#6116=DIRECTION('ref_axis',(0.,-1.,0.));
#6117=DIRECTION('',(0.,1.,-1.46390166749098E-16));
#6118=DIRECTION('center_axis',(0.,0.,-1.));
#6119=DIRECTION('ref_axis',(1.,0.,0.));
#6120=DIRECTION('',(0.,1.,0.));
#6121=DIRECTION('',(-1.,0.,0.));
#6122=DIRECTION('center_axis',(0.,0.,1.));
#6123=DIRECTION('ref_axis',(0.,-1.,0.));
#6124=DIRECTION('',(0.,-1.,1.46390166749098E-16));
#6125=DIRECTION('center_axis',(0.,0.,1.));
#6126=DIRECTION('ref_axis',(0.,-1.,0.));
#6127=DIRECTION('',(-1.,0.,0.));
#6128=DIRECTION('center_axis',(0.,0.,1.));
#6129=DIRECTION('ref_axis',(0.,-1.,0.));
#6130=DIRECTION('',(0.,-1.,-1.76114058474803E-16));
#6131=DIRECTION('center_axis',(0.,-2.19585250123647E-16,-1.));
#6132=DIRECTION('ref_axis',(0.,-1.,2.19585250123647E-16));
#6133=DIRECTION('center_axis',(0.,0.,-1.));
#6134=DIRECTION('ref_axis',(0.,1.,0.));
#6135=DIRECTION('',(1.,0.,0.));
#6136=DIRECTION('center_axis',(0.,0.,-1.));
#6137=DIRECTION('ref_axis',(0.,1.,0.));
#6138=DIRECTION('',(0.,1.,-2.19585250123647E-16));
#6139=DIRECTION('center_axis',(0.,0.,-1.));
#6140=DIRECTION('ref_axis',(0.,1.,0.));
#6141=DIRECTION('',(-1.,0.,0.));
#6142=DIRECTION('',(0.,1.,0.));
#6143=DIRECTION('center_axis',(-8.67361737988403E-16,0.,1.));
#6144=DIRECTION('ref_axis',(-1.,0.,-8.67361737988403E-16));
#6145=DIRECTION('',(0.,-1.,2.19585250123647E-16));
#6146=DIRECTION('center_axis',(0.,0.,1.));
#6147=DIRECTION('ref_axis',(0.,1.,0.));
#6148=DIRECTION('',(-1.,0.,0.));
#6149=DIRECTION('center_axis',(0.,-1.,0.));
#6150=DIRECTION('ref_axis',(0.,0.,-1.));
#6151=DIRECTION('',(-1.,0.,0.));
#6152=DIRECTION('',(0.,0.,-1.));
#6153=DIRECTION('',(-1.,0.,0.));
#6154=DIRECTION('center_axis',(0.,1.,0.));
#6155=DIRECTION('ref_axis',(0.,0.,1.));
#6156=DIRECTION('',(-1.,0.,0.));
#6157=DIRECTION('',(0.,0.,-1.));
#6158=DIRECTION('center_axis',(0.,1.,0.));
#6159=DIRECTION('ref_axis',(0.,0.,1.));
#6160=DIRECTION('',(-1.,0.,0.));
#6161=DIRECTION('',(0.,0.,-1.));
#6162=DIRECTION('center_axis',(0.,1.,0.));
#6163=DIRECTION('ref_axis',(0.,0.,1.));
#6164=DIRECTION('',(-1.,0.,0.));
#6165=DIRECTION('',(0.,0.,-1.));
#6166=DIRECTION('',(-1.,0.,0.));
#6167=DIRECTION('center_axis',(0.,1.,0.));
#6168=DIRECTION('ref_axis',(0.,0.,1.));
#6169=DIRECTION('',(0.,0.,-1.));
#6170=DIRECTION('center_axis',(-1.,0.,0.));
#6171=DIRECTION('ref_axis',(0.,0.,1.));
#6172=DIRECTION('',(0.,-1.,1.46390166749098E-16));
#6173=DIRECTION('',(0.,0.,-1.));
#6174=DIRECTION('',(0.,0.,1.));
#6175=DIRECTION('center_axis',(0.,0.,1.));
#6176=DIRECTION('ref_axis',(-1.,0.,0.));
#6177=DIRECTION('center_axis',(0.,0.,1.));
#6178=DIRECTION('ref_axis',(-1.,0.,0.));
#6179=DIRECTION('center_axis',(-1.,0.,0.));
#6180=DIRECTION('ref_axis',(0.,0.,1.));
#6181=DIRECTION('',(0.,-1.,1.46390166749098E-16));
#6182=DIRECTION('',(0.,0.,-1.));
#6183=DIRECTION('',(0.,0.,1.));
#6184=DIRECTION('center_axis',(0.,0.,1.));
#6185=DIRECTION('ref_axis',(-1.,0.,0.));
#6186=DIRECTION('center_axis',(0.,0.,1.));
#6187=DIRECTION('ref_axis',(-1.,0.,0.));
#6188=DIRECTION('center_axis',(-1.,0.,0.));
#6189=DIRECTION('ref_axis',(0.,0.,1.));
#6190=DIRECTION('',(0.,1.,-1.46390166749098E-16));
#6191=DIRECTION('',(0.,0.,1.));
#6192=DIRECTION('',(0.,-1.,2.19585250123647E-16));
#6193=DIRECTION('',(0.,0.,-1.));
#6194=DIRECTION('center_axis',(0.,0.,1.));
#6195=DIRECTION('ref_axis',(-1.,0.,0.));
#6196=DIRECTION('center_axis',(0.,0.,1.));
#6197=DIRECTION('ref_axis',(-1.,0.,0.));
#6198=DIRECTION('center_axis',(0.,0.,-1.));
#6199=DIRECTION('ref_axis',(1.,0.,0.));
#6200=DIRECTION('center_axis',(-1.,0.,0.));
#6201=DIRECTION('ref_axis',(0.,0.,1.));
#6202=DIRECTION('',(0.,0.,-1.));
#6203=DIRECTION('',(0.,0.,1.));
#6204=DIRECTION('center_axis',(0.,0.,1.));
#6205=DIRECTION('ref_axis',(-1.,0.,0.));
#6206=DIRECTION('center_axis',(1.,0.,0.));
#6207=DIRECTION('ref_axis',(0.,1.,0.));
#6208=DIRECTION('',(0.,0.,-1.));
#6209=DIRECTION('',(0.,0.,1.));
#6210=DIRECTION('center_axis',(0.,-1.,0.));
#6211=DIRECTION('ref_axis',(0.,0.,-1.));
#6212=DIRECTION('',(-1.,0.,0.));
#6213=DIRECTION('',(0.,0.,-1.));
#6214=DIRECTION('center_axis',(0.,-1.,0.));
#6215=DIRECTION('ref_axis',(0.,0.,-1.));
#6216=DIRECTION('',(0.,0.,1.));
#6217=DIRECTION('',(1.,0.,0.));
#6218=DIRECTION('',(0.,0.,-1.));
#6219=DIRECTION('center_axis',(-1.,0.,0.));
#6220=DIRECTION('ref_axis',(0.,0.,1.));
#6221=DIRECTION('',(0.,0.,1.));
#6222=DIRECTION('',(0.,1.,-1.62123689343627E-16));
#6223=DIRECTION('center_axis',(1.,0.,0.));
#6224=DIRECTION('ref_axis',(0.,1.,0.));
#6225=DIRECTION('',(0.,1.,-1.46390166749098E-16));
#6226=DIRECTION('',(0.,0.,-1.));
#6227=DIRECTION('',(0.,0.,1.));
#6228=DIRECTION('center_axis',(0.,-1.,0.));
#6229=DIRECTION('ref_axis',(0.,0.,-1.));
#6230=DIRECTION('',(-1.,0.,0.));
#6231=DIRECTION('',(0.,0.,-1.));
#6232=DIRECTION('center_axis',(1.,0.,0.));
#6233=DIRECTION('ref_axis',(0.,1.,0.));
#6234=DIRECTION('',(0.,1.,-1.46390166749098E-16));
#6235=DIRECTION('',(0.,0.,-1.));
#6236=DIRECTION('',(0.,0.,1.));
#6237=DIRECTION('center_axis',(0.,-1.,0.));
#6238=DIRECTION('ref_axis',(0.,0.,-1.));
#6239=DIRECTION('',(-1.,0.,0.));
#6240=DIRECTION('',(0.,0.,-1.));
#6241=DIRECTION('',(-1.,0.,0.));
#6242=DIRECTION('',(0.,0.,-1.));
#6243=DIRECTION('center_axis',(1.,0.,0.));
#6244=DIRECTION('ref_axis',(0.,1.,0.));
#6245=DIRECTION('',(0.,-1.,1.46390166749098E-16));
#6246=DIRECTION('',(0.,0.,1.));
#6247=DIRECTION('',(0.,1.,-2.19585250123647E-16));
#6248=DIRECTION('center_axis',(0.,-1.,0.));
#6249=DIRECTION('ref_axis',(0.,0.,-1.));
#6250=DIRECTION('',(0.,0.,-1.));
#6251=DIRECTION('center_axis',(-1.,0.,0.));
#6252=DIRECTION('ref_axis',(0.,0.,1.));
#6253=DIRECTION('',(0.,1.,0.));
#6254=DIRECTION('',(0.,0.,1.));
#6255=DIRECTION('',(0.,1.,0.));
#6256=DIRECTION('',(0.,0.,-1.));
#6257=DIRECTION('center_axis',(0.,-1.,0.));
#6258=DIRECTION('ref_axis',(0.,0.,-1.));
#6259=DIRECTION('',(-1.,0.,0.));
#6260=DIRECTION('',(0.,0.,-1.));
#6261=DIRECTION('',(-1.,0.,0.));
#6262=DIRECTION('',(0.,0.,-1.));
#6263=DIRECTION('center_axis',(1.,0.,0.));
#6264=DIRECTION('ref_axis',(0.,1.,0.));
#6265=DIRECTION('',(0.,-1.,0.));
#6266=DIRECTION('',(0.,0.,1.));
#6267=DIRECTION('',(0.,-1.,0.));
#6268=DIRECTION('center_axis',(0.,0.,-1.));
#6269=DIRECTION('ref_axis',(0.,-1.,0.));
#6270=DIRECTION('center_axis',(0.,0.,1.));
#6271=DIRECTION('ref_axis',(-1.,0.,0.));
#6272=DIRECTION('center_axis',(0.,0.,1.));
#6273=DIRECTION('ref_axis',(-1.,0.,0.));
#6274=DIRECTION('center_axis',(0.,0.,-1.));
#6275=DIRECTION('ref_axis',(-1.,0.,0.));
#6276=DIRECTION('center_axis',(0.,1.46390166749098E-16,1.));
#6277=DIRECTION('ref_axis',(0.,-1.,1.46390166749098E-16));
#6278=DIRECTION('center_axis',(0.,0.,-1.));
#6279=DIRECTION('ref_axis',(0.,-1.,0.));
#6280=DIRECTION('',(0.,1.,0.));
#6281=DIRECTION('center_axis',(0.,0.,1.));
#6282=DIRECTION('ref_axis',(0.,-1.,0.));
#6283=DIRECTION('center_axis',(0.,-2.19585250123647E-16,-1.));
#6284=DIRECTION('ref_axis',(0.,-1.,2.19585250123647E-16));
#6285=DIRECTION('center_axis',(0.,0.,1.));
#6286=DIRECTION('ref_axis',(0.,1.,0.));
#6287=DIRECTION('center_axis',(0.,0.,-1.));
#6288=DIRECTION('ref_axis',(0.,1.,0.));
#6289=DIRECTION('',(0.,1.,0.));
#6290=DIRECTION('center_axis',(0.,-1.46390166749098E-16,-1.));
#6291=DIRECTION('ref_axis',(0.,-1.,1.46390166749098E-16));
#6292=DIRECTION('',(1.,0.,0.));
#6293=DIRECTION('',(0.,1.,0.));
#6294=DIRECTION('center_axis',(0.,0.,-1.));
#6295=DIRECTION('ref_axis',(0.,1.,0.));
#6296=DIRECTION('center_axis',(0.,0.,-1.));
#6297=DIRECTION('ref_axis',(0.,1.,0.));
#6298=DIRECTION('center_axis',(0.,0.,-1.));
#6299=DIRECTION('ref_axis',(0.,1.,0.));
#6300=DIRECTION('',(0.,1.,0.));
#6301=DIRECTION('center_axis',(0.,0.,1.));
#6302=DIRECTION('ref_axis',(0.,1.,0.));
#6303=DIRECTION('center_axis',(0.,-1.46390166749098E-16,-1.));
#6304=DIRECTION('ref_axis',(0.,-1.,1.46390166749098E-16));
#6305=DIRECTION('center_axis',(0.,0.,-1.));
#6306=DIRECTION('ref_axis',(0.,1.,0.));
#6307=DIRECTION('',(1.,0.,0.));
#6308=DIRECTION('center_axis',(0.,0.,-1.));
#6309=DIRECTION('ref_axis',(0.,1.,0.));
#6310=DIRECTION('center_axis',(0.,0.,-1.));
#6311=DIRECTION('ref_axis',(0.,1.,0.));
#6312=DIRECTION('',(0.,1.,0.));
#6313=DIRECTION('center_axis',(0.,0.,1.));
#6314=DIRECTION('ref_axis',(0.,1.,0.));
#6315=DIRECTION('center_axis',(0.,0.,1.));
#6316=DIRECTION('ref_axis',(1.,0.,0.));
#6317=DIRECTION('center_axis',(0.,0.,-1.));
#6318=DIRECTION('ref_axis',(1.,0.,0.));
#6319=DIRECTION('center_axis',(0.,0.,-1.));
#6320=DIRECTION('ref_axis',(1.,0.,0.));
#6321=DIRECTION('',(0.,1.,0.));
#6322=DIRECTION('center_axis',(0.,0.,1.));
#6323=DIRECTION('ref_axis',(1.,0.,0.));
#6324=DIRECTION('center_axis',(0.,0.,-1.));
#6325=DIRECTION('ref_axis',(1.,0.,0.));
#6326=DIRECTION('center_axis',(0.,0.,-1.));
#6327=DIRECTION('ref_axis',(1.,0.,0.));
#6328=DIRECTION('center_axis',(0.,0.,-1.));
#6329=DIRECTION('ref_axis',(1.,0.,0.));
#6330=DIRECTION('center_axis',(0.,0.,-1.));
#6331=DIRECTION('ref_axis',(1.,0.,0.));
#6332=DIRECTION('center_axis',(0.,0.,-1.));
#6333=DIRECTION('ref_axis',(1.,0.,0.));
#6334=DIRECTION('center_axis',(0.,0.,1.));
#6335=DIRECTION('ref_axis',(-1.,0.,0.));
#6336=DIRECTION('center_axis',(0.,-1.,0.));
#6337=DIRECTION('ref_axis',(0.,0.,-1.));
#6338=DIRECTION('',(0.,0.,1.));
#6339=DIRECTION('',(0.,0.,-1.));
#6340=DIRECTION('center_axis',(0.,1.,0.));
#6341=DIRECTION('ref_axis',(1.,0.,0.));
#6342=DIRECTION('',(1.,0.,0.));
#6343=DIRECTION('',(0.,0.,1.));
#6344=DIRECTION('center_axis',(-1.,0.,0.));
#6345=DIRECTION('ref_axis',(0.,0.,1.));
#6346=DIRECTION('',(0.,0.,1.));
#6347=DIRECTION('',(0.,1.,0.));
#6348=DIRECTION('center_axis',(0.,0.,1.));
#6349=DIRECTION('ref_axis',(-1.,0.,0.));
#6350=DIRECTION('center_axis',(0.,0.,1.));
#6351=DIRECTION('ref_axis',(-1.,0.,0.));
#6352=DIRECTION('center_axis',(0.,0.,1.));
#6353=DIRECTION('ref_axis',(-1.,0.,0.));
#6354=DIRECTION('center_axis',(0.,0.,1.));
#6355=DIRECTION('ref_axis',(-1.,0.,0.));
#6356=DIRECTION('center_axis',(0.,0.,1.));
#6357=DIRECTION('ref_axis',(-1.,0.,0.));
#6358=DIRECTION('center_axis',(0.,1.,0.));
#6359=DIRECTION('ref_axis',(1.,0.,0.));
#6360=DIRECTION('',(0.,0.,1.));
#6361=DIRECTION('',(0.,0.,-1.));
#6362=DIRECTION('center_axis',(0.,0.,1.));
#6363=DIRECTION('ref_axis',(-1.,0.,0.));
#6364=DIRECTION('center_axis',(0.,-1.,0.));
#6365=DIRECTION('ref_axis',(0.,0.,1.));
#6366=DIRECTION('center_axis',(0.,-1.,0.));
#6367=DIRECTION('ref_axis',(0.,0.,1.));
#6368=DIRECTION('center_axis',(0.,-1.,0.));
#6369=DIRECTION('ref_axis',(0.,0.,1.));
#6370=DIRECTION('center_axis',(0.,-1.,0.));
#6371=DIRECTION('ref_axis',(0.,0.,1.));
#6372=DIRECTION('center_axis',(0.,0.,1.));
#6373=DIRECTION('ref_axis',(-1.,0.,0.));
#6374=DIRECTION('center_axis',(0.,0.,1.));
#6375=DIRECTION('ref_axis',(-1.,0.,0.));
#6376=DIRECTION('center_axis',(0.,0.,1.));
#6377=DIRECTION('ref_axis',(-1.,0.,0.));
#6378=DIRECTION('center_axis',(0.,0.,1.));
#6379=DIRECTION('ref_axis',(-1.,0.,0.));
#6380=DIRECTION('center_axis',(0.,0.,1.));
#6381=DIRECTION('ref_axis',(-1.,0.,0.));
#6382=DIRECTION('center_axis',(0.,0.,1.));
#6383=DIRECTION('ref_axis',(1.,0.,0.));
#6384=DIRECTION('center_axis',(1.,0.,5.551115123126E-17));
#6385=DIRECTION('ref_axis',(-5.551115123126E-17,5.551115123126E-17,1.));
#6386=DIRECTION('',(-5.17852799155601E-17,-0.932880669323542,0.360185586611209));
#6387=DIRECTION('',(0.,5.551115123126E-17,1.));
#6388=DIRECTION('',(3.92523114671126E-17,0.707106781187048,0.707106781186048));
#6389=DIRECTION('',(5.551115123126E-17,1.,0.));
#6390=DIRECTION('',(0.,-5.551115123126E-17,-1.));
#6391=DIRECTION('',(-5.48247851819726E-17,-0.987635528464406,-0.156767544201064));
#6392=DIRECTION('center_axis',(5.17852799155601E-17,-0.360185586611209,
-0.932880669323542));
#6393=DIRECTION('ref_axis',(-5.17852799155601E-17,-0.932880669323542,0.360185586611209));
#6394=DIRECTION('',(1.,0.,5.551115123126E-17));
#6395=DIRECTION('',(0.,-0.932880669323542,0.360185586611209));
#6396=DIRECTION('',(1.,1.43773881689E-16,-4.788632213724E-32));
#6397=DIRECTION('',(0.,0.932880669323542,-0.360185586611209));
#6398=DIRECTION('',(1.,0.,5.551115123126E-17));
#6399=DIRECTION('',(0.,-0.932880669323542,0.360185586611209));
#6400=DIRECTION('',(1.,1.43773881689E-16,-4.788632213724E-32));
#6401=DIRECTION('',(0.,0.932880669323542,-0.360185586611209));
#6402=DIRECTION('',(1.,0.,5.551115123126E-17));
#6403=DIRECTION('',(0.,-0.932880669323542,0.360185586611209));
#6404=DIRECTION('',(1.,1.43773881689E-16,-4.788632213724E-32));
#6405=DIRECTION('',(0.,0.932880669323542,-0.360185586611209));
#6406=DIRECTION('',(1.,0.,5.551115123126E-17));
#6407=DIRECTION('',(-5.17852799155601E-17,-0.932880669323542,0.360185586611209));
#6408=DIRECTION('',(1.,0.,5.551115123126E-17));
#6409=DIRECTION('center_axis',(-3.08148791102E-33,-1.,5.551115123126E-17));
#6410=DIRECTION('ref_axis',(0.,5.551115123126E-17,1.));
#6411=DIRECTION('',(0.,5.551115123126E-17,1.));
#6412=DIRECTION('',(1.,0.,5.551115123126E-17));
#6413=DIRECTION('center_axis',(-3.92523114671126E-17,-0.707106781186048,
0.707106781187048));
#6414=DIRECTION('ref_axis',(3.92523114671127E-17,0.707106781187048,0.707106781186048));
#6415=DIRECTION('',(3.92523114671126E-17,0.707106781187048,0.707106781186048));
#6416=DIRECTION('',(1.,0.,5.551115123126E-17));
#6417=DIRECTION('center_axis',(-5.551115123126E-17,3.08148791102E-33,1.));
#6418=DIRECTION('ref_axis',(5.551115123126E-17,1.,-1.82004585698438E-46));
#6419=DIRECTION('',(5.551115123126E-17,1.,0.));
#6420=DIRECTION('',(1.,0.,5.551115123126E-17));
#6421=DIRECTION('',(0.,1.,-3.08148791102E-33));
#6422=DIRECTION('',(1.,0.,5.551115123126E-17));
#6423=DIRECTION('',(0.,-1.,3.08148791102E-33));
#6424=DIRECTION('',(1.,0.,5.551115123126E-17));
#6425=DIRECTION('center_axis',(3.08148791102E-33,1.,-5.551115123126E-17));
#6426=DIRECTION('ref_axis',(0.,-5.551115123126E-17,-1.));
#6427=DIRECTION('',(0.,5.551115123126E-17,1.));
#6428=DIRECTION('',(1.,-3.08148791102E-33,0.));
#6429=DIRECTION('',(0.,-5.551115123126E-17,-1.));
#6430=DIRECTION('',(0.,-5.551115123126E-17,-1.));
#6431=DIRECTION('',(1.,0.,5.551115123126E-17));
#6432=DIRECTION('center_axis',(5.48247851819726E-17,0.156767544201065,-0.987635528464406));
#6433=DIRECTION('ref_axis',(-5.48247851819726E-17,-0.987635528464406,-0.156767544201065));
#6434=DIRECTION('',(-5.48247851819726E-17,-0.987635528464406,-0.156767544201064));
#6435=DIRECTION('',(0.,0.987635528464406,0.156767544201064));
#6436=DIRECTION('',(-1.,-1.848892746612E-32,-5.551115123126E-17));
#6437=DIRECTION('',(0.,-0.987635528464406,-0.156767544201064));
#6438=DIRECTION('',(0.,0.987635528464406,0.156767544201064));
#6439=DIRECTION('',(-1.,-1.848892746612E-32,-5.551115123126E-17));
#6440=DIRECTION('',(0.,-0.987635528464406,-0.156767544201064));
#6441=DIRECTION('',(0.,0.987635528464406,0.156767544201064));
#6442=DIRECTION('',(-1.,-1.848892746612E-32,-5.551115123126E-17));
#6443=DIRECTION('',(0.,-0.987635528464406,-0.156767544201064));
#6444=DIRECTION('center_axis',(1.,0.,5.551115123126E-17));
#6445=DIRECTION('ref_axis',(-5.551115123126E-17,5.551115123126E-17,1.));
#6446=DIRECTION('center_axis',(-1.,0.,0.));
#6447=DIRECTION('ref_axis',(0.,3.330669073875E-16,1.));
#6448=DIRECTION('',(0.,3.330669073875E-16,1.));
#6449=DIRECTION('',(0.,-1.,3.330669073875E-16));
#6450=DIRECTION('',(0.,3.330669073875E-16,1.));
#6451=DIRECTION('',(0.,-1.,3.330669073875E-16));
#6452=DIRECTION('center_axis',(0.,-3.330669073875E-16,-1.));
#6453=DIRECTION('ref_axis',(-1.,0.,0.));
#6454=DIRECTION('',(0.,-1.,3.330669073875E-16));
#6455=DIRECTION('',(-1.,0.,0.));
#6456=DIRECTION('center_axis',(1.,0.,0.));
#6457=DIRECTION('ref_axis',(0.,-3.330669073875E-16,-1.));
#6458=DIRECTION('',(0.,-3.330669073875E-16,-1.));
#6459=DIRECTION('',(0.,-1.,3.330669073875E-16));
#6460=DIRECTION('',(0.,-3.330669073875E-16,-1.));
#6461=DIRECTION('center_axis',(-1.,0.,0.));
#6462=DIRECTION('ref_axis',(0.,3.330669073875E-16,1.));
#6463=DIRECTION('',(0.,3.330669073875E-16,1.));
#6464=DIRECTION('',(0.,-1.,3.330669073875E-16));
#6465=DIRECTION('',(0.,3.330669073875E-16,1.));
#6466=DIRECTION('',(0.,-1.,3.330669073875E-16));
#6467=DIRECTION('center_axis',(0.,-3.330669073875E-16,-1.));
#6468=DIRECTION('ref_axis',(-1.,0.,0.));
#6469=DIRECTION('',(0.,-1.,3.330669073875E-16));
#6470=DIRECTION('',(-1.,0.,0.));
#6471=DIRECTION('center_axis',(1.,0.,0.));
#6472=DIRECTION('ref_axis',(0.,-3.330669073875E-16,-1.));
#6473=DIRECTION('',(0.,-3.330669073875E-16,-1.));
#6474=DIRECTION('',(0.,-1.,3.330669073875E-16));
#6475=DIRECTION('',(0.,-3.330669073875E-16,-1.));
#6476=DIRECTION('center_axis',(-1.,0.,0.));
#6477=DIRECTION('ref_axis',(0.,3.330669073875E-16,1.));
#6478=DIRECTION('',(0.,3.330669073875E-16,1.));
#6479=DIRECTION('',(0.,-1.,3.330669073875E-16));
#6480=DIRECTION('',(0.,3.330669073875E-16,1.));
#6481=DIRECTION('',(0.,-1.,3.330669073875E-16));
#6482=DIRECTION('center_axis',(0.,-3.330669073875E-16,-1.));
#6483=DIRECTION('ref_axis',(-1.,0.,0.));
#6484=DIRECTION('',(0.,-1.,3.330669073875E-16));
#6485=DIRECTION('',(-1.,0.,0.));
#6486=DIRECTION('center_axis',(1.,0.,0.));
#6487=DIRECTION('ref_axis',(0.,-3.330669073875E-16,-1.));
#6488=DIRECTION('',(0.,-3.330669073875E-16,-1.));
#6489=DIRECTION('',(0.,-1.,3.330669073875E-16));
#6490=DIRECTION('',(0.,-3.330669073875E-16,-1.));
#6491=DIRECTION('center_axis',(-1.,0.,0.));
#6492=DIRECTION('ref_axis',(0.,1.,0.));
#6493=DIRECTION('',(0.,0.,1.));
#6494=DIRECTION('',(0.,1.,0.));
#6495=DIRECTION('',(0.,0.,1.));
#6496=DIRECTION('',(0.,1.,0.));
#6497=DIRECTION('center_axis',(0.,-1.,0.));
#6498=DIRECTION('ref_axis',(-1.,0.,0.));
#6499=DIRECTION('',(0.,0.,1.));
#6500=DIRECTION('',(-1.,0.,0.));
#6501=DIRECTION('center_axis',(0.,-1.,2.22044604925E-16));
#6502=DIRECTION('ref_axis',(1.,0.,0.));
#6503=DIRECTION('center_axis',(1.,0.,0.));
#6504=DIRECTION('ref_axis',(0.,-1.,0.));
#6505=DIRECTION('',(0.,-1.,0.));
#6506=DIRECTION('',(0.,0.,1.));
#6507=DIRECTION('',(0.,-1.,0.));
#6508=DIRECTION('center_axis',(0.,0.,1.));
#6509=DIRECTION('ref_axis',(1.,0.,0.));
#6510=DIRECTION('',(1.,0.,0.));
#6511=DIRECTION('center_axis',(0.,-1.,3.330669073875E-16));
#6512=DIRECTION('ref_axis',(0.,-3.330669073875E-16,-1.));
#6513=DIRECTION('',(0.707106781188047,2.35513868801916E-16,0.707106781185048));
#6514=DIRECTION('',(0.,3.330669073875E-16,1.));
#6515=DIRECTION('',(0.50000000000019,2.8844440295761E-16,0.866025403784329));
#6516=DIRECTION('',(0.50000000000019,-2.8844440295761E-16,-0.866025403784329));
#6517=DIRECTION('',(-6.161368972952E-18,-3.330669073875E-16,-1.));
#6518=DIRECTION('',(0.707106781188047,-2.35513868801916E-16,-0.707106781185048));
#6519=DIRECTION('center_axis',(0.,-1.,3.330669073875E-16));
#6520=DIRECTION('ref_axis',(0.,-3.330669073875E-16,-1.));
#6521=DIRECTION('',(0.707106781187048,2.35513868802516E-16,0.707106781186048));
#6522=DIRECTION('',(0.,3.330669073875E-16,1.));
#6523=DIRECTION('',(0.50000000000019,2.8844440295761E-16,0.866025403784329));
#6524=DIRECTION('',(0.50000000000019,-2.8844440295761E-16,-0.866025403784329));
#6525=DIRECTION('',(0.,-3.330669073875E-16,-1.));
#6526=DIRECTION('',(0.707106781187048,-2.35513868802516E-16,-0.707106781186048));
#6527=DIRECTION('center_axis',(0.,-1.,3.330669073875E-16));
#6528=DIRECTION('ref_axis',(0.,-3.330669073875E-16,-1.));
#6529=DIRECTION('',(0.707106781187048,2.35513868802516E-16,0.707106781186048));
#6530=DIRECTION('',(0.,3.330669073875E-16,1.));
#6531=DIRECTION('',(0.50000000000019,2.8844440295761E-16,0.866025403784329));
#6532=DIRECTION('',(0.50000000000019,-2.8844440295761E-16,-0.866025403784329));
#6533=DIRECTION('',(0.,-3.330669073875E-16,-1.));
#6534=DIRECTION('',(0.707106781187048,-2.35513868802516E-16,-0.707106781186048));
#6535=DIRECTION('center_axis',(0.,-1.,3.330669073875E-16));
#6536=DIRECTION('ref_axis',(0.,-3.330669073875E-16,-1.));
#6537=DIRECTION('',(0.707106781187048,-2.35513868802516E-16,-0.707106781186048));
#6538=DIRECTION('',(0.,-3.330669073875E-16,-1.));
#6539=DIRECTION('',(0.50000000000019,-2.8844440295761E-16,-0.866025403784329));
#6540=DIRECTION('',(0.50000000000019,2.8844440295761E-16,0.866025403784329));
#6541=DIRECTION('',(0.,3.330669073875E-16,1.));
#6542=DIRECTION('',(0.707106781187048,2.35513868802516E-16,0.707106781186048));
#6543=DIRECTION('center_axis',(-0.707106781186048,2.35513868802616E-16,
0.707106781187048));
#6544=DIRECTION('ref_axis',(0.707106781187048,2.35513868802516E-16,0.707106781186048));
#6545=DIRECTION('',(0.,-1.,3.330669073875E-16));
#6546=DIRECTION('center_axis',(0.707106781186048,2.35513868802616E-16,0.707106781187048));
#6547=DIRECTION('ref_axis',(0.707106781187048,-2.35513868802516E-16,-0.707106781186048));
#6548=DIRECTION('',(0.,-1.,3.330669073875E-16));
#6549=DIRECTION('center_axis',(0.,-1.,3.330669073875E-16));
#6550=DIRECTION('ref_axis',(0.,-3.330669073875E-16,-1.));
#6551=DIRECTION('',(0.707106781187048,-2.35513868802516E-16,-0.707106781186048));
#6552=DIRECTION('',(0.,-3.330669073875E-16,-1.));
#6553=DIRECTION('',(0.50000000000019,-2.8844440295761E-16,-0.866025403784329));
#6554=DIRECTION('',(0.50000000000019,2.8844440295761E-16,0.866025403784329));
#6555=DIRECTION('',(0.,3.330669073875E-16,1.));
#6556=DIRECTION('',(0.707106781187048,2.35513868802516E-16,0.707106781186048));
#6557=DIRECTION('center_axis',(-0.707106781186048,2.35513868802616E-16,
0.707106781187048));
#6558=DIRECTION('ref_axis',(0.707106781187048,2.35513868802516E-16,0.707106781186048));
#6559=DIRECTION('',(0.,-1.,3.330669073875E-16));
#6560=DIRECTION('center_axis',(0.707106781186048,2.35513868802616E-16,0.707106781187048));
#6561=DIRECTION('ref_axis',(0.707106781187048,-2.35513868802516E-16,-0.707106781186048));
#6562=DIRECTION('',(0.,-1.,3.330669073875E-16));
#6563=DIRECTION('center_axis',(0.,-1.,3.330669073875E-16));
#6564=DIRECTION('ref_axis',(0.,-3.330669073875E-16,-1.));
#6565=DIRECTION('',(0.707106781188047,-2.35513868801916E-16,-0.707106781185048));
#6566=DIRECTION('',(-6.161368972952E-18,-3.330669073875E-16,-1.));
#6567=DIRECTION('',(0.50000000000019,-2.8844440295761E-16,-0.866025403784329));
#6568=DIRECTION('',(0.50000000000019,2.8844440295761E-16,0.866025403784329));
#6569=DIRECTION('',(0.,3.330669073875E-16,1.));
#6570=DIRECTION('',(0.707106781188047,2.35513868801916E-16,0.707106781185048));
#6571=DIRECTION('center_axis',(-0.707106781185048,2.35513868803216E-16,
0.707106781188048));
#6572=DIRECTION('ref_axis',(0.707106781188048,2.35513868801916E-16,0.707106781185048));
#6573=DIRECTION('',(0.,-1.,3.330669073875E-16));
#6574=DIRECTION('center_axis',(0.707106781185048,2.35513868803216E-16,0.707106781188048));
#6575=DIRECTION('ref_axis',(0.707106781188048,-2.35513868801916E-16,-0.707106781185048));
#6576=DIRECTION('',(0.,-1.,3.330669073875E-16));
#6577=DIRECTION('center_axis',(0.,1.,0.));
#6578=DIRECTION('ref_axis',(1.,0.,0.));
#6579=DIRECTION('',(1.,0.,0.));
#6580=DIRECTION('center_axis',(0.,-1.,2.22044604925E-16));
#6581=DIRECTION('ref_axis',(1.,0.,0.));
#6582=DIRECTION('center_axis',(0.,0.,1.));
#6583=DIRECTION('ref_axis',(1.,0.,0.));
#6584=DIRECTION('center_axis',(0.,-1.,2.22044604925E-16));
#6585=DIRECTION('ref_axis',(1.,0.,0.));
#6586=DIRECTION('',(0.,-1.,2.22044604925E-16));
#6587=DIRECTION('center_axis',(-1.,0.,0.));
#6588=DIRECTION('ref_axis',(0.,3.330669073875E-16,1.));
#6589=DIRECTION('',(0.,-1.,3.330669073875E-16));
#6590=DIRECTION('center_axis',(-0.866025403784329,1.66533453693963E-16,
0.50000000000019));
#6591=DIRECTION('ref_axis',(0.50000000000019,2.8844440295761E-16,0.866025403784329));
#6592=DIRECTION('',(0.,-1.,3.330669073875E-16));
#6593=DIRECTION('center_axis',(0.866025403784329,1.66533453693963E-16,0.50000000000019));
#6594=DIRECTION('ref_axis',(0.50000000000019,-2.8844440295761E-16,-0.866025403784329));
#6595=DIRECTION('',(0.,-1.,3.330669073875E-16));
#6596=DIRECTION('center_axis',(1.,-2.052148109095E-33,-6.161368972952E-18));
#6597=DIRECTION('ref_axis',(-6.161368972952E-18,-3.330669073875E-16,-1.));
#6598=DIRECTION('center_axis',(-1.,0.,0.));
#6599=DIRECTION('ref_axis',(0.,3.330669073875E-16,1.));
#6600=DIRECTION('',(0.,-1.,3.330669073875E-16));
#6601=DIRECTION('center_axis',(-0.866025403784329,1.66533453693963E-16,
0.50000000000019));
#6602=DIRECTION('ref_axis',(0.50000000000019,2.8844440295761E-16,0.866025403784329));
#6603=DIRECTION('',(0.,-1.,3.330669073875E-16));
#6604=DIRECTION('center_axis',(0.866025403784329,1.66533453693963E-16,0.50000000000019));
#6605=DIRECTION('ref_axis',(0.50000000000019,-2.8844440295761E-16,-0.866025403784329));
#6606=DIRECTION('',(0.,-1.,3.330669073875E-16));
#6607=DIRECTION('center_axis',(1.,0.,0.));
#6608=DIRECTION('ref_axis',(0.,-3.330669073875E-16,-1.));
#6609=DIRECTION('center_axis',(-1.,0.,0.));
#6610=DIRECTION('ref_axis',(0.,3.330669073875E-16,1.));
#6611=DIRECTION('',(0.,-1.,3.330669073875E-16));
#6612=DIRECTION('center_axis',(-0.866025403784329,1.66533453693963E-16,
0.50000000000019));
#6613=DIRECTION('ref_axis',(0.50000000000019,2.8844440295761E-16,0.866025403784329));
#6614=DIRECTION('',(0.,-1.,3.330669073875E-16));
#6615=DIRECTION('center_axis',(0.866025403784329,1.66533453693963E-16,0.50000000000019));
#6616=DIRECTION('ref_axis',(0.50000000000019,-2.8844440295761E-16,-0.866025403784329));
#6617=DIRECTION('',(0.,-1.,3.330669073875E-16));
#6618=DIRECTION('center_axis',(1.,0.,0.));
#6619=DIRECTION('ref_axis',(0.,-3.330669073875E-16,-1.));
#6620=DIRECTION('',(-6.77236045021345E-15,6.6426975445441E-16,1.00000000000001));
#6621=DIRECTION('',(-0.999999999999997,1.88631850473291E-15,-6.10622663543834E-15));
#6622=CARTESIAN_POINT('',(0.,0.,0.));
#6623=CARTESIAN_POINT('',(0.,0.,0.));
#6624=CARTESIAN_POINT('Origin',(10.1491756348167,6.24904103237489,9.5));
#6625=CARTESIAN_POINT('',(10.3228890643811,12.7,12.));
#6626=CARTESIAN_POINT('',(10.3228890643811,12.7,15.));
#6627=CARTESIAN_POINT('',(10.3228890643811,12.7,14.25));
#6628=CARTESIAN_POINT('',(10.0347561362897,2.,15.));
#6629=CARTESIAN_POINT('',(10.236929817415,9.50784855576818,15.));
#6630=CARTESIAN_POINT('',(10.0347561362897,2.,12.));
#6631=CARTESIAN_POINT('',(10.0347561362897,2.,8.75));
#6632=CARTESIAN_POINT('',(10.236929817415,9.50784855576818,12.));
#6633=CARTESIAN_POINT('Origin',(12.8,12.7,15.));
#6634=CARTESIAN_POINT('',(9.95,12.7,15.));
#6635=CARTESIAN_POINT('',(12.8,12.7,15.));
#6636=CARTESIAN_POINT('',(9.45,12.2,15.));
#6637=CARTESIAN_POINT('Origin',(9.95,12.2,15.));
#6638=CARTESIAN_POINT('',(9.45,2.,15.));
#6639=CARTESIAN_POINT('',(9.45,12.7,15.));
#6640=CARTESIAN_POINT('',(9.45,2.,15.));
#6641=CARTESIAN_POINT('Origin',(11.95,12.7,19.));
#6642=CARTESIAN_POINT('',(9.95,12.7,12.));
#6643=CARTESIAN_POINT('',(9.45,12.7,12.));
#6644=CARTESIAN_POINT('',(9.95,12.7,15.));
#6645=CARTESIAN_POINT('Origin',(9.45,2.,8.));
#6646=CARTESIAN_POINT('',(9.45,2.,12.));
#6647=CARTESIAN_POINT('',(9.45,2.,8.));
#6648=CARTESIAN_POINT('',(7.45,2.,12.));
#6649=CARTESIAN_POINT('Origin',(12.8,12.7,12.));
#6650=CARTESIAN_POINT('',(9.45,12.2,12.));
#6651=CARTESIAN_POINT('',(9.45,2.,12.));
#6652=CARTESIAN_POINT('Origin',(9.95,12.2,12.));
#6653=CARTESIAN_POINT('Origin',(9.45,2.,8.));
#6654=CARTESIAN_POINT('',(9.45,12.2,12.));
#6655=CARTESIAN_POINT('Origin',(9.95,12.2,8.));
#6656=CARTESIAN_POINT('Origin',(9.45,2.5,9.55430324821835));
#6657=CARTESIAN_POINT('',(9.45,2.,12.));
#6658=CARTESIAN_POINT('',(9.45,2.,15.));
#6659=CARTESIAN_POINT('',(9.45,2.,15.));
#6660=CARTESIAN_POINT('',(9.45,2.85,12.));
#6661=CARTESIAN_POINT('',(9.45,2.,12.));
#6662=CARTESIAN_POINT('',(9.45,2.85,15.));
#6663=CARTESIAN_POINT('',(9.45,2.85,15.));
#6664=CARTESIAN_POINT('',(9.45,2.85,15.));
#6665=CARTESIAN_POINT('Origin',(7.65,2.85,15.));
#6666=CARTESIAN_POINT('',(7.65,2.85,15.));
#6667=CARTESIAN_POINT('',(7.65,2.85,15.));
#6668=CARTESIAN_POINT('',(7.65,2.,15.));
#6669=CARTESIAN_POINT('',(7.65,2.85,15.));
#6670=CARTESIAN_POINT('',(7.65,2.,15.));
#6671=CARTESIAN_POINT('Origin',(7.65,2.85,15.));
#6672=CARTESIAN_POINT('',(9.05,2.85,12.));
#6673=CARTESIAN_POINT('',(9.45,2.85,12.));
#6674=CARTESIAN_POINT('',(9.05,2.85,11.));
#6675=CARTESIAN_POINT('',(9.05,2.85,11.));
#6676=CARTESIAN_POINT('',(9.45,2.85,11.));
#6677=CARTESIAN_POINT('',(9.45,2.85,11.));
#6678=CARTESIAN_POINT('',(9.45,2.85,9.70092201840789));
#6679=CARTESIAN_POINT('',(9.45,2.85,15.));
#6680=CARTESIAN_POINT('',(7.65,2.85,9.70092201840789));
#6681=CARTESIAN_POINT('',(7.65,2.85,9.70092201840789));
#6682=CARTESIAN_POINT('',(7.65,2.85,15.));
#6683=CARTESIAN_POINT('Origin',(7.65,3.85,9.70092201840788));
#6684=CARTESIAN_POINT('',(9.45,2.87331572451414,9.48624126468586));
#6685=CARTESIAN_POINT('Origin',(9.45,3.85,9.70092201840788));
#6686=CARTESIAN_POINT('',(7.65,2.87331572451414,9.48624126468586));
#6687=CARTESIAN_POINT('',(7.65,2.87331572451414,9.48624126468586));
#6688=CARTESIAN_POINT('Origin',(7.65,3.85,9.70092201840788));
#6689=CARTESIAN_POINT('Origin',(7.65,2.87331572451414,9.48624126468586));
#6690=CARTESIAN_POINT('',(9.45,3.2,8.));
#6691=CARTESIAN_POINT('',(9.45,2.87331572451414,9.48624126468586));
#6692=CARTESIAN_POINT('',(7.65,3.2,8.));
#6693=CARTESIAN_POINT('',(7.65,3.2,8.));
#6694=CARTESIAN_POINT('',(7.65,2.87331572451414,9.48624126468586));
#6695=CARTESIAN_POINT('Origin',(7.65,2.32970852369138,8.));
#6696=CARTESIAN_POINT('',(9.45,2.32970852369138,8.));
#6697=CARTESIAN_POINT('',(9.45,2.32970852369138,8.));
#6698=CARTESIAN_POINT('',(7.65,2.32970852369138,8.));
#6699=CARTESIAN_POINT('',(7.65,2.32970852369138,8.));
#6700=CARTESIAN_POINT('',(7.65,2.32970852369138,8.));
#6701=CARTESIAN_POINT('Origin',(7.65,2.01165786225707,9.44696287135734));
#6702=CARTESIAN_POINT('',(9.45,2.01165786225707,9.44696287135734));
#6703=CARTESIAN_POINT('',(9.45,2.01165786225707,9.44696287135734));
#6704=CARTESIAN_POINT('',(7.65,2.01165786225707,9.44696287135734));
#6705=CARTESIAN_POINT('',(7.65,2.01165786225707,9.44696287135734));
#6706=CARTESIAN_POINT('',(7.65,2.01165786225707,9.44696287135734));
#6707=CARTESIAN_POINT('Origin',(7.65,2.5,9.55430324821835));
#6708=CARTESIAN_POINT('',(9.45,2.,9.55430324821835));
#6709=CARTESIAN_POINT('Origin',(9.45,2.5,9.55430324821835));
#6710=CARTESIAN_POINT('',(7.65,2.,9.55430324821835));
#6711=CARTESIAN_POINT('',(7.65,2.,9.55430324821835));
#6712=CARTESIAN_POINT('Origin',(7.65,2.5,9.55430324821835));
#6713=CARTESIAN_POINT('Origin',(7.65,2.,15.));
#6714=CARTESIAN_POINT('',(9.05,2.,11.));
#6715=CARTESIAN_POINT('',(9.05,2.,12.));
#6716=CARTESIAN_POINT('',(9.05,2.,11.));
#6717=CARTESIAN_POINT('',(9.45,2.,12.));
#6718=CARTESIAN_POINT('',(7.65,2.,15.));
#6719=CARTESIAN_POINT('',(9.45,2.,11.));
#6720=CARTESIAN_POINT('',(9.45,2.,15.));
#6721=CARTESIAN_POINT('',(9.45,2.,11.));
#6722=CARTESIAN_POINT('Origin',(7.65,2.5,9.55430324821835));
#6723=CARTESIAN_POINT('Origin',(9.45,2.5,9.55430324821835));
#6724=CARTESIAN_POINT('',(9.45,2.,11.));
#6725=CARTESIAN_POINT('Origin',(9.45,2.,12.));
#6726=CARTESIAN_POINT('',(9.05,2.,12.));
#6727=CARTESIAN_POINT('Origin',(9.05,2.,11.));
#6728=CARTESIAN_POINT('',(9.05,2.,11.));
#6729=CARTESIAN_POINT('Origin',(9.45,2.,11.));
#6730=CARTESIAN_POINT('Origin',(3.35,2.5,9.55430324821835));
#6731=CARTESIAN_POINT('',(3.35,2.,9.55430324821835));
#6732=CARTESIAN_POINT('',(3.35,2.,11.));
#6733=CARTESIAN_POINT('',(3.35,2.,15.));
#6734=CARTESIAN_POINT('',(3.35,2.85,11.));
#6735=CARTESIAN_POINT('',(3.35,2.,11.));
#6736=CARTESIAN_POINT('',(3.35,2.85,9.70092201840789));
#6737=CARTESIAN_POINT('',(3.35,2.85,15.));
#6738=CARTESIAN_POINT('',(3.35,2.87331572451414,9.48624126468586));
#6739=CARTESIAN_POINT('Origin',(3.35,3.85,9.70092201840788));
#6740=CARTESIAN_POINT('',(3.35,3.2,8.));
#6741=CARTESIAN_POINT('',(3.35,2.87331572451414,9.48624126468586));
#6742=CARTESIAN_POINT('',(3.35,2.32970852369138,8.));
#6743=CARTESIAN_POINT('',(3.35,2.32970852369138,8.));
#6744=CARTESIAN_POINT('',(3.35,2.01165786225707,9.44696287135734));
#6745=CARTESIAN_POINT('',(3.35,2.01165786225707,9.44696287135734));
#6746=CARTESIAN_POINT('Origin',(3.35,2.5,9.55430324821835));
#6747=CARTESIAN_POINT('Origin',(5.15,2.85,15.));
#6748=CARTESIAN_POINT('',(3.35,2.,15.));
#6749=CARTESIAN_POINT('',(3.35,2.85,15.));
#6750=CARTESIAN_POINT('',(3.35,2.85,15.));
#6751=CARTESIAN_POINT('',(5.15,2.,15.));
#6752=CARTESIAN_POINT('',(5.15,2.,15.));
#6753=CARTESIAN_POINT('',(5.15,2.85,15.));
#6754=CARTESIAN_POINT('',(5.15,2.85,15.));
#6755=CARTESIAN_POINT('',(5.15,2.85,15.));
#6756=CARTESIAN_POINT('Origin',(5.15,2.85,15.));
#6757=CARTESIAN_POINT('',(3.75,2.85,11.));
#6758=CARTESIAN_POINT('',(3.35,2.85,11.));
#6759=CARTESIAN_POINT('',(3.75,2.85,12.));
#6760=CARTESIAN_POINT('',(3.75,2.85,11.));
#6761=CARTESIAN_POINT('',(3.35,2.85,12.));
#6762=CARTESIAN_POINT('',(3.35,2.85,12.));
#6763=CARTESIAN_POINT('',(3.35,2.85,15.));
#6764=CARTESIAN_POINT('',(5.15,2.85,9.70092201840789));
#6765=CARTESIAN_POINT('',(5.15,2.85,15.));
#6766=CARTESIAN_POINT('',(5.15,2.85,9.70092201840789));
#6767=CARTESIAN_POINT('Origin',(5.15,3.85,9.70092201840788));
#6768=CARTESIAN_POINT('',(5.15,2.87331572451414,9.48624126468586));
#6769=CARTESIAN_POINT('Origin',(5.15,3.85,9.70092201840788));
#6770=CARTESIAN_POINT('',(5.15,2.87331572451414,9.48624126468586));
#6771=CARTESIAN_POINT('Origin',(5.15,2.87331572451414,9.48624126468586));
#6772=CARTESIAN_POINT('',(5.15,3.2,8.));
#6773=CARTESIAN_POINT('',(5.15,2.87331572451414,9.48624126468586));
#6774=CARTESIAN_POINT('',(5.15,3.2,8.));
#6775=CARTESIAN_POINT('Origin',(5.15,2.32970852369138,8.));
#6776=CARTESIAN_POINT('',(5.15,2.32970852369138,8.));
#6777=CARTESIAN_POINT('',(5.15,2.32970852369138,8.));
#6778=CARTESIAN_POINT('',(5.15,2.32970852369138,8.));
#6779=CARTESIAN_POINT('Origin',(5.15,2.01165786225707,9.44696287135734));
#6780=CARTESIAN_POINT('',(5.15,2.01165786225707,9.44696287135734));
#6781=CARTESIAN_POINT('',(5.15,2.01165786225707,9.44696287135734));
#6782=CARTESIAN_POINT('',(5.15,2.01165786225707,9.44696287135734));
#6783=CARTESIAN_POINT('Origin',(5.15,2.5,9.55430324821835));
#6784=CARTESIAN_POINT('',(5.15,2.,9.55430324821835));
#6785=CARTESIAN_POINT('Origin',(5.15,2.5,9.55430324821835));
#6786=CARTESIAN_POINT('',(5.15,2.,9.55430324821835));
#6787=CARTESIAN_POINT('Origin',(5.15,2.,15.));
#6788=CARTESIAN_POINT('',(3.75,2.,12.));
#6789=CARTESIAN_POINT('',(3.75,2.,11.));
#6790=CARTESIAN_POINT('',(3.75,2.,11.));
#6791=CARTESIAN_POINT('',(3.35,2.,11.));
#6792=CARTESIAN_POINT('',(5.15,2.,15.));
#6793=CARTESIAN_POINT('',(3.35,2.,12.));
#6794=CARTESIAN_POINT('',(3.35,2.,15.));
#6795=CARTESIAN_POINT('',(3.35,2.,12.));
#6796=CARTESIAN_POINT('Origin',(5.15,2.5,9.55430324821835));
#6797=CARTESIAN_POINT('Origin',(3.35,2.5,9.55430324821835));
#6798=CARTESIAN_POINT('',(3.35,2.,12.));
#6799=CARTESIAN_POINT('Origin',(3.35,2.,11.));
#6800=CARTESIAN_POINT('',(3.75,2.,11.));
#6801=CARTESIAN_POINT('Origin',(3.75,2.,11.));
#6802=CARTESIAN_POINT('',(3.75,2.,12.));
#6803=CARTESIAN_POINT('Origin',(3.35,2.,12.));
#6804=CARTESIAN_POINT('Origin',(2.64981128590554,6.28666237730078,9.5));
#6805=CARTESIAN_POINT('',(2.47711093561891,12.7,12.));
#6806=CARTESIAN_POINT('',(2.7652438637103,2.,12.));
#6807=CARTESIAN_POINT('',(2.56256364294616,9.52665922823112,12.));
#6808=CARTESIAN_POINT('',(2.7652438637103,2.,15.));
#6809=CARTESIAN_POINT('',(2.7652438637103,2.,8.75));
#6810=CARTESIAN_POINT('',(2.47711093561891,12.7,15.));
#6811=CARTESIAN_POINT('',(2.56256364294616,9.52665922823112,15.));
#6812=CARTESIAN_POINT('',(2.47711093561891,12.7,14.25));
#6813=CARTESIAN_POINT('Origin',(3.35,2.,8.));
#6814=CARTESIAN_POINT('',(3.35,2.,12.));
#6815=CARTESIAN_POINT('',(5.35,2.,12.));
#6816=CARTESIAN_POINT('',(3.35,2.,15.));
#6817=CARTESIAN_POINT('',(3.35,2.,8.));
#6818=CARTESIAN_POINT('',(3.35,2.,15.));
#6819=CARTESIAN_POINT('Origin',(0.,12.7,12.));
#6820=CARTESIAN_POINT('',(2.85,12.7,12.));
#6821=CARTESIAN_POINT('',(3.35,12.7,12.));
#6822=CARTESIAN_POINT('',(3.35,12.2,12.));
#6823=CARTESIAN_POINT('Origin',(2.85,12.2,12.));
#6824=CARTESIAN_POINT('',(3.35,2.,12.));
#6825=CARTESIAN_POINT('Origin',(2.85,12.2,8.));
#6826=CARTESIAN_POINT('',(2.85,12.7,15.));
#6827=CARTESIAN_POINT('',(3.35,12.2,15.));
#6828=CARTESIAN_POINT('Origin',(2.85,12.2,15.));
#6829=CARTESIAN_POINT('',(3.35,12.2,12.));
#6830=CARTESIAN_POINT('',(2.85,12.7,15.));
#6831=CARTESIAN_POINT('Origin',(3.35,2.,8.));
#6832=CARTESIAN_POINT('',(3.35,12.7,15.));
#6833=CARTESIAN_POINT('Origin',(0.,12.7,15.));
#6834=CARTESIAN_POINT('',(0.,12.7,15.));
#6835=CARTESIAN_POINT('Origin',(0.85,12.7,19.));
#6836=CARTESIAN_POINT('Origin',(10.45,8.45,8.75));
#6837=CARTESIAN_POINT('',(10.2084437424756,8.45,9.5));
#6838=CARTESIAN_POINT('',(10.2286399757531,9.2,8.75));
#6839=CARTESIAN_POINT('Origin',(10.2084437424756,8.45,8.75));
#6840=CARTESIAN_POINT('',(9.45,8.45,9.5));
#6841=CARTESIAN_POINT('',(10.45,8.45,9.5));
#6842=CARTESIAN_POINT('',(9.45,9.2,8.75));
#6843=CARTESIAN_POINT('Origin',(9.45,8.45,8.75));
#6844=CARTESIAN_POINT('',(10.45,9.2,8.75));
#6845=CARTESIAN_POINT('Origin',(10.45,9.2,8.));
#6846=CARTESIAN_POINT('',(10.2286399757531,9.2,8.));
#6847=CARTESIAN_POINT('',(10.2286399757531,9.2,8.75));
#6848=CARTESIAN_POINT('',(9.45,9.2,8.));
#6849=CARTESIAN_POINT('',(9.45,9.2,8.));
#6850=CARTESIAN_POINT('',(10.45,9.2,8.));
#6851=CARTESIAN_POINT('Origin',(9.95,12.2,8.));
#6852=CARTESIAN_POINT('',(9.95,12.7,11.));
#6853=CARTESIAN_POINT('',(9.45,12.2,11.));
#6854=CARTESIAN_POINT('Origin',(9.95,12.2,11.));
#6855=CARTESIAN_POINT('',(9.95,12.7,8.));
#6856=CARTESIAN_POINT('',(9.95,12.7,11.));
#6857=CARTESIAN_POINT('',(9.45,12.2,8.));
#6858=CARTESIAN_POINT('Origin',(9.95,12.2,8.));
#6859=CARTESIAN_POINT('',(9.45,12.2,8.));
#6860=CARTESIAN_POINT('Origin',(12.8,12.7,8.));
#6861=CARTESIAN_POINT('',(10.3228890643811,12.7,8.));
#6862=CARTESIAN_POINT('',(10.236929817415,9.50784855576818,8.));
#6863=CARTESIAN_POINT('',(9.45,12.7,8.));
#6864=CARTESIAN_POINT('',(12.8,12.7,8.));
#6865=CARTESIAN_POINT('Origin',(9.45,2.,8.));
#6866=CARTESIAN_POINT('',(9.45,2.,9.5));
#6867=CARTESIAN_POINT('',(9.45,0.85,9.5));
#6868=CARTESIAN_POINT('',(9.45,2.,11.));
#6869=CARTESIAN_POINT('',(9.45,2.,8.));
#6870=CARTESIAN_POINT('',(9.45,2.,11.));
#6871=CARTESIAN_POINT('Origin',(11.95,12.7,19.));
#6872=CARTESIAN_POINT('',(10.3228890643811,12.7,11.));
#6873=CARTESIAN_POINT('',(10.3228890643811,12.7,14.25));
#6874=CARTESIAN_POINT('',(9.45,12.7,11.));
#6875=CARTESIAN_POINT('Origin',(12.8,12.7,11.));
#6876=CARTESIAN_POINT('',(10.0347561362897,2.,11.));
#6877=CARTESIAN_POINT('',(10.236929817415,9.50784855576818,11.));
#6878=CARTESIAN_POINT('',(7.45,2.,11.));
#6879=CARTESIAN_POINT('Origin',(9.45,2.,8.));
#6880=CARTESIAN_POINT('',(10.0347561362897,2.,9.5));
#6881=CARTESIAN_POINT('',(10.0347561362897,2.,8.75));
#6882=CARTESIAN_POINT('',(9.45,2.,9.5));
#6883=CARTESIAN_POINT('Origin',(10.45,0.85,9.5));
#6884=CARTESIAN_POINT('',(10.0766437710009,3.55552402281286,9.5));
#6885=CARTESIAN_POINT('Origin',(10.1491756348167,6.24904103237489,9.5));
#6886=CARTESIAN_POINT('Origin',(0.85,12.7,19.));
#6887=CARTESIAN_POINT('',(2.47711093561891,12.7,11.));
#6888=CARTESIAN_POINT('',(2.47711093561891,12.7,8.));
#6889=CARTESIAN_POINT('',(2.47711093561891,12.7,14.25));
#6890=CARTESIAN_POINT('',(2.85,12.7,11.));
#6891=CARTESIAN_POINT('',(3.35,12.7,11.));
#6892=CARTESIAN_POINT('',(2.85,12.7,8.));
#6893=CARTESIAN_POINT('',(2.85,12.7,11.));
#6894=CARTESIAN_POINT('',(0.,12.7,8.));
#6895=CARTESIAN_POINT('Origin',(3.35,2.,8.));
#6896=CARTESIAN_POINT('',(3.35,8.45,9.5));
#6897=CARTESIAN_POINT('',(3.35,2.,9.5));
#6898=CARTESIAN_POINT('',(3.35,0.85,9.5));
#6899=CARTESIAN_POINT('',(3.35,9.2,8.75));
#6900=CARTESIAN_POINT('Origin',(3.35,8.45,8.75));
#6901=CARTESIAN_POINT('',(3.35,9.2,8.));
#6902=CARTESIAN_POINT('',(3.35,9.2,8.75));
#6903=CARTESIAN_POINT('',(3.35,12.2,8.));
#6904=CARTESIAN_POINT('',(3.35,12.7,8.));
#6905=CARTESIAN_POINT('',(3.35,12.2,11.));
#6906=CARTESIAN_POINT('',(3.35,12.2,8.));
#6907=CARTESIAN_POINT('',(3.35,2.,11.));
#6908=CARTESIAN_POINT('',(3.35,2.,11.));
#6909=CARTESIAN_POINT('',(3.35,2.,8.));
#6910=CARTESIAN_POINT('Origin',(0.,12.7,8.));
#6911=CARTESIAN_POINT('',(2.57136002424693,9.2,8.));
#6912=CARTESIAN_POINT('',(2.56256364294616,9.52665922823112,8.));
#6913=CARTESIAN_POINT('Origin',(2.85,12.2,8.));
#6914=CARTESIAN_POINT('',(2.35,9.2,8.));
#6915=CARTESIAN_POINT('Origin',(0.,12.7,11.));
#6916=CARTESIAN_POINT('',(2.7652438637103,2.,11.));
#6917=CARTESIAN_POINT('',(2.56256364294616,9.52665922823112,11.));
#6918=CARTESIAN_POINT('',(5.35,2.,11.));
#6919=CARTESIAN_POINT('Origin',(2.85,12.2,11.));
#6920=CARTESIAN_POINT('Origin',(2.85,12.2,8.));
#6921=CARTESIAN_POINT('Origin',(2.35,9.2,8.75));
#6922=CARTESIAN_POINT('',(2.57136002424693,9.2,8.75));
#6923=CARTESIAN_POINT('',(2.57136002424693,9.2,9.125));
#6924=CARTESIAN_POINT('',(2.35,9.2,8.75));
#6925=CARTESIAN_POINT('Origin',(2.35,8.45,8.75));
#6926=CARTESIAN_POINT('',(2.59155625752437,8.45,9.5));
#6927=CARTESIAN_POINT('Origin',(2.59155625752437,8.45,8.75));
#6928=CARTESIAN_POINT('',(2.35,8.45,9.5));
#6929=CARTESIAN_POINT('Origin',(2.35,0.85,9.5));
#6930=CARTESIAN_POINT('',(2.7652438637103,2.,9.5));
#6931=CARTESIAN_POINT('',(2.72284968936024,3.5743346952758,9.5));
#6932=CARTESIAN_POINT('',(3.35,2.,9.5));
#6933=CARTESIAN_POINT('Origin',(3.35,2.,8.));
#6934=CARTESIAN_POINT('',(2.7652438637103,2.,8.75));
#6935=CARTESIAN_POINT('Origin',(2.64981128590554,6.28666237730078,9.5));
#6936=CARTESIAN_POINT('Origin',(2.25664145244313,11.6,1.04094977927525E-16));
#6937=CARTESIAN_POINT('',(2.30951133436116,11.8443456068481,3.));
#6938=CARTESIAN_POINT('',(2.30951133436116,11.8443456068481,0.));
#6939=CARTESIAN_POINT('',(2.30951133436116,11.8443456068481,0.));
#6940=CARTESIAN_POINT('',(2.25664145244313,11.85,3.));
#6941=CARTESIAN_POINT('Origin',(2.25664145244313,11.6,3.));
#6942=CARTESIAN_POINT('',(2.25664145244313,11.85,1.04094977927525E-16));
#6943=CARTESIAN_POINT('',(2.25664145244313,11.85,1.04094977927525E-16));
#6944=CARTESIAN_POINT('Origin',(2.25664145244313,11.6,0.));
#6945=CARTESIAN_POINT('Origin',(2.64981128590554,6.28666237730078,9.5));
#6946=CARTESIAN_POINT('',(2.57136002424693,9.2,8.));
#6947=CARTESIAN_POINT('',(2.57136002424693,9.2,8.75));
#6948=CARTESIAN_POINT('',(2.57136002424693,9.2,9.125));
#6949=CARTESIAN_POINT('',(2.47711093561891,12.7,8.));
#6950=CARTESIAN_POINT('',(2.56256364294616,9.52665922823112,8.));
#6951=CARTESIAN_POINT('',(2.47711093561891,12.7,11.));
#6952=CARTESIAN_POINT('',(2.47711093561891,12.7,14.25));
#6953=CARTESIAN_POINT('',(2.7652438637103,2.,11.));
#6954=CARTESIAN_POINT('',(2.56256364294616,9.52665922823112,11.));
#6955=CARTESIAN_POINT('',(2.7652438637103,2.,9.5));
#6956=CARTESIAN_POINT('',(2.7652438637103,2.,8.75));
#6957=CARTESIAN_POINT('',(2.59155625752437,8.45,9.5));
#6958=CARTESIAN_POINT('',(2.72284968936024,3.5743346952758,9.5));
#6959=CARTESIAN_POINT('Origin',(2.59155625752437,8.45,8.75));
#6960=CARTESIAN_POINT('Origin',(2.64981128590554,6.28666237730078,9.5));
#6961=CARTESIAN_POINT('',(2.47711093561891,12.7,12.));
#6962=CARTESIAN_POINT('',(2.7652438637103,2.,12.));
#6963=CARTESIAN_POINT('',(2.56256364294616,9.52665922823112,12.));
#6964=CARTESIAN_POINT('',(2.47711093561891,12.7,15.));
#6965=CARTESIAN_POINT('',(2.47711093561891,12.7,14.25));
#6966=CARTESIAN_POINT('',(2.7652438637103,2.,15.));
#6967=CARTESIAN_POINT('',(2.56256364294616,9.52665922823112,15.));
#6968=CARTESIAN_POINT('',(2.7652438637103,2.,8.75));
#6969=CARTESIAN_POINT('Origin',(2.64981128590554,6.28666237730078,9.5));
#6970=CARTESIAN_POINT('',(2.47779400564293,12.6746337591282,-5.55111512312578E-16));
#6971=CARTESIAN_POINT('',(2.47779400564293,12.6746337591282,3.));
#6972=CARTESIAN_POINT('',(2.47779400564293,12.6746337591282,10.011814721647));
#6973=CARTESIAN_POINT('',(2.47711093561891,12.7,0.));
#6974=CARTESIAN_POINT('',(2.56256364294616,9.52665922823112,-5.55111512312578E-16));
#6975=CARTESIAN_POINT('',(2.47711093561891,12.7,3.));
#6976=CARTESIAN_POINT('',(2.47711093561891,12.7,14.25));
#6977=CARTESIAN_POINT('',(2.56256364294616,9.52665922823112,3.));
#6978=CARTESIAN_POINT('Origin',(0.,12.7,11.));
#6979=CARTESIAN_POINT('',(0.5,12.7,11.));
#6980=CARTESIAN_POINT('',(3.35,12.7,11.));
#6981=CARTESIAN_POINT('',(0.,12.2,11.));
#6982=CARTESIAN_POINT('Origin',(0.5,12.2,11.));
#6983=CARTESIAN_POINT('',(4.33680868994202E-16,0.5,11.));
#6984=CARTESIAN_POINT('',(0.,12.7,11.));
#6985=CARTESIAN_POINT('',(0.5,0.,11.));
#6986=CARTESIAN_POINT('Origin',(0.5,0.5,11.));
#6987=CARTESIAN_POINT('',(0.799999999999995,0.,11.));
#6988=CARTESIAN_POINT('',(0.799999999999995,0.,11.));
#6989=CARTESIAN_POINT('',(0.799999999999995,0.85,11.));
#6990=CARTESIAN_POINT('',(0.799999999999995,0.,11.));
#6991=CARTESIAN_POINT('',(1.1,0.85,11.));
#6992=CARTESIAN_POINT('',(0.,0.85,11.));
#6993=CARTESIAN_POINT('',(0.85,1.1,11.));
#6994=CARTESIAN_POINT('Origin',(1.1,1.1,11.));
#6995=CARTESIAN_POINT('',(0.85,11.6,11.));
#6996=CARTESIAN_POINT('',(0.85,0.849999999999999,11.));
#6997=CARTESIAN_POINT('',(1.1,11.85,11.));
#6998=CARTESIAN_POINT('Origin',(1.1,11.6,11.));
#6999=CARTESIAN_POINT('',(2.25,11.85,11.));
#7000=CARTESIAN_POINT('',(2.5,11.85,11.));
#7001=CARTESIAN_POINT('',(2.5,11.6,11.));
#7002=CARTESIAN_POINT('Origin',(2.25,11.6,11.));
#7003=CARTESIAN_POINT('',(2.5,2.,11.));
#7004=CARTESIAN_POINT('',(2.5,11.85,11.));
#7005=CARTESIAN_POINT('',(5.35,2.,11.));
#7006=CARTESIAN_POINT('Origin',(0.85,12.7,19.));
#7007=CARTESIAN_POINT('',(0.5,12.7,8.));
#7008=CARTESIAN_POINT('',(0.,12.7,8.));
#7009=CARTESIAN_POINT('',(0.5,12.7,19.));
#7010=CARTESIAN_POINT('Origin',(0.,12.7,8.));
#7011=CARTESIAN_POINT('',(2.5,9.2,8.));
#7012=CARTESIAN_POINT('',(2.35,9.2,8.));
#7013=CARTESIAN_POINT('',(2.5,11.6,8.));
#7014=CARTESIAN_POINT('',(2.5,12.7,8.));
#7015=CARTESIAN_POINT('',(2.25,11.85,8.));
#7016=CARTESIAN_POINT('Origin',(2.25,11.6,8.));
#7017=CARTESIAN_POINT('',(1.1,11.85,8.));
#7018=CARTESIAN_POINT('',(2.5,11.85,8.));
#7019=CARTESIAN_POINT('',(0.85,11.6,8.));
#7020=CARTESIAN_POINT('Origin',(1.1,11.6,8.));
#7021=CARTESIAN_POINT('',(0.85,1.1,8.));
#7022=CARTESIAN_POINT('',(0.85,0.849999999999998,8.));
#7023=CARTESIAN_POINT('',(1.1,0.85,8.));
#7024=CARTESIAN_POINT('Origin',(1.1,1.1,8.));
#7025=CARTESIAN_POINT('',(0.799999999999995,0.85,8.));
#7026=CARTESIAN_POINT('',(0.,0.85,8.));
#7027=CARTESIAN_POINT('',(0.799999999999995,0.,8.));
#7028=CARTESIAN_POINT('',(0.799999999999995,0.,8.));
#7029=CARTESIAN_POINT('',(0.5,0.,8.));
#7030=CARTESIAN_POINT('',(-0.402051945633822,0.,8.));
#7031=CARTESIAN_POINT('',(4.33680868994202E-16,0.5,8.));
#7032=CARTESIAN_POINT('Origin',(0.5,0.5,8.));
#7033=CARTESIAN_POINT('',(0.,12.2,8.));
#7034=CARTESIAN_POINT('',(0.,12.7,8.));
#7035=CARTESIAN_POINT('Origin',(0.5,12.2,8.));
#7036=CARTESIAN_POINT('Origin',(0.85,12.7,19.));
#7037=CARTESIAN_POINT('',(0.5,12.7,0.));
#7038=CARTESIAN_POINT('',(0.85,12.7,0.));
#7039=CARTESIAN_POINT('',(0.5,12.7,3.));
#7040=CARTESIAN_POINT('',(0.5,12.7,19.));
#7041=CARTESIAN_POINT('',(0.,12.7,3.));
#7042=CARTESIAN_POINT('Origin',(0.,12.7,15.));
#7043=CARTESIAN_POINT('',(0.5,12.7,15.));
#7044=CARTESIAN_POINT('',(0.,12.7,15.));
#7045=CARTESIAN_POINT('',(0.,12.2,15.));
#7046=CARTESIAN_POINT('Origin',(0.5,12.2,15.));
#7047=CARTESIAN_POINT('',(4.33680868994202E-16,0.5,15.));
#7048=CARTESIAN_POINT('',(0.,12.7,15.));
#7049=CARTESIAN_POINT('',(0.5,0.,15.));
#7050=CARTESIAN_POINT('Origin',(0.5,0.5,15.));
#7051=CARTESIAN_POINT('',(0.799999999999995,0.,15.));
#7052=CARTESIAN_POINT('',(0.799999999999995,0.,15.));
#7053=CARTESIAN_POINT('',(0.799999999999995,0.85,15.));
#7054=CARTESIAN_POINT('',(0.799999999999995,0.,15.));
#7055=CARTESIAN_POINT('',(1.1,0.85,15.));
#7056=CARTESIAN_POINT('',(0.,0.85,15.));
#7057=CARTESIAN_POINT('',(0.85,1.1,15.));
#7058=CARTESIAN_POINT('Origin',(1.1,1.1,15.));
#7059=CARTESIAN_POINT('',(0.85,11.6,15.));
#7060=CARTESIAN_POINT('',(0.85,0.849999999999999,15.));
#7061=CARTESIAN_POINT('',(1.1,11.85,15.));
#7062=CARTESIAN_POINT('Origin',(1.1,11.6,15.));
#7063=CARTESIAN_POINT('',(2.25,11.85,15.));
#7064=CARTESIAN_POINT('',(2.5,11.85,15.));
#7065=CARTESIAN_POINT('',(2.5,11.6,15.));
#7066=CARTESIAN_POINT('Origin',(2.25,11.6,15.));
#7067=CARTESIAN_POINT('',(2.5,2.,15.));
#7068=CARTESIAN_POINT('',(2.5,12.7,15.));
#7069=CARTESIAN_POINT('',(3.35,2.,15.));
#7070=CARTESIAN_POINT('Origin',(0.85,12.7,19.));
#7071=CARTESIAN_POINT('',(0.5,12.7,12.));
#7072=CARTESIAN_POINT('',(3.35,12.7,12.));
#7073=CARTESIAN_POINT('',(0.5,12.7,19.));
#7074=CARTESIAN_POINT('Origin',(2.35,9.2,8.75));
#7075=CARTESIAN_POINT('',(2.5,9.2,8.75));
#7076=CARTESIAN_POINT('',(2.35,9.2,8.75));
#7077=CARTESIAN_POINT('',(2.5,9.2,8.));
#7078=CARTESIAN_POINT('Origin',(2.35,8.45,8.75));
#7079=CARTESIAN_POINT('',(2.5,8.45,9.5));
#7080=CARTESIAN_POINT('',(2.35,8.45,9.5));
#7081=CARTESIAN_POINT('Origin',(2.5,8.45,8.75));
#7082=CARTESIAN_POINT('Origin',(2.35,0.85,9.5));
#7083=CARTESIAN_POINT('',(2.5,2.,9.5));
#7084=CARTESIAN_POINT('',(3.35,2.,9.5));
#7085=CARTESIAN_POINT('',(2.5,2.,9.5));
#7086=CARTESIAN_POINT('Origin',(1.1,11.6,15.));
#7087=CARTESIAN_POINT('',(0.85,11.6,12.));
#7088=CARTESIAN_POINT('',(0.85,11.6,19.));
#7089=CARTESIAN_POINT('',(1.1,11.85,12.));
#7090=CARTESIAN_POINT('Origin',(1.1,11.6,12.));
#7091=CARTESIAN_POINT('',(1.1,11.85,15.));
#7092=CARTESIAN_POINT('Origin',(1.1,11.6,15.));
#7093=CARTESIAN_POINT('',(0.85,11.6,19.));
#7094=CARTESIAN_POINT('',(1.1,11.85,15.));
#7095=CARTESIAN_POINT('Origin',(1.1,11.6,19.));
#7096=CARTESIAN_POINT('',(1.1,11.85,1.04094977927525E-16));
#7097=CARTESIAN_POINT('',(0.85,11.6,0.));
#7098=CARTESIAN_POINT('Origin',(1.1,11.6,0.));
#7099=CARTESIAN_POINT('',(1.1,11.85,3.));
#7100=CARTESIAN_POINT('',(1.1,11.85,0.));
#7101=CARTESIAN_POINT('',(0.85,11.6,3.));
#7102=CARTESIAN_POINT('Origin',(1.1,11.6,3.));
#7103=CARTESIAN_POINT('',(0.85,11.6,3.));
#7104=CARTESIAN_POINT('Origin',(0.5,12.2,19.));
#7105=CARTESIAN_POINT('',(0.5,12.7,19.));
#7106=CARTESIAN_POINT('',(0.,12.2,19.));
#7107=CARTESIAN_POINT('Origin',(0.5,12.2,19.));
#7108=CARTESIAN_POINT('',(0.5,12.7,16.));
#7109=CARTESIAN_POINT('',(0.5,12.7,19.));
#7110=CARTESIAN_POINT('',(0.,12.2,16.));
#7111=CARTESIAN_POINT('Origin',(0.5,12.2,16.));
#7112=CARTESIAN_POINT('',(0.,12.2,19.));
#7113=CARTESIAN_POINT('Origin',(0.5,12.2,19.));
#7114=CARTESIAN_POINT('',(0.5,12.7,7.));
#7115=CARTESIAN_POINT('',(0.,12.2,7.));
#7116=CARTESIAN_POINT('Origin',(0.5,12.2,7.));
#7117=CARTESIAN_POINT('',(0.5,12.7,4.));
#7118=CARTESIAN_POINT('',(0.5,12.7,19.));
#7119=CARTESIAN_POINT('',(0.,12.2,4.));
#7120=CARTESIAN_POINT('Origin',(0.5,12.2,4.));
#7121=CARTESIAN_POINT('',(0.,12.2,19.));
#7122=CARTESIAN_POINT('Origin',(0.799999999999995,0.,15.5));
#7123=CARTESIAN_POINT('',(0.799999999999995,0.85,16.));
#7124=CARTESIAN_POINT('Origin',(0.799999999999995,0.85,15.5));
#7125=CARTESIAN_POINT('',(0.799999999999995,0.,16.));
#7126=CARTESIAN_POINT('Origin',(0.799999999999995,0.,15.5));
#7127=CARTESIAN_POINT('',(0.799999999999995,0.,16.));
#7128=CARTESIAN_POINT('Origin',(0.799999999999995,0.,11.5));
#7129=CARTESIAN_POINT('',(0.799999999999995,0.85,12.));
#7130=CARTESIAN_POINT('Origin',(0.799999999999995,0.85,11.5));
#7131=CARTESIAN_POINT('',(0.799999999999995,0.,12.));
#7132=CARTESIAN_POINT('Origin',(0.799999999999995,0.,11.5));
#7133=CARTESIAN_POINT('',(0.799999999999995,0.,12.));
#7134=CARTESIAN_POINT('Origin',(0.799999999999995,0.,7.5));
#7135=CARTESIAN_POINT('',(0.799999999999995,0.85,7.));
#7136=CARTESIAN_POINT('Origin',(0.799999999999995,0.85,7.5));
#7137=CARTESIAN_POINT('',(0.799999999999995,0.,7.));
#7138=CARTESIAN_POINT('',(0.799999999999995,0.,7.));
#7139=CARTESIAN_POINT('Origin',(0.799999999999995,0.,7.5));
#7140=CARTESIAN_POINT('Origin',(0.799999999999995,0.,3.5));
#7141=CARTESIAN_POINT('',(0.799999999999995,0.85,3.));
#7142=CARTESIAN_POINT('',(0.799999999999995,0.85,4.));
#7143=CARTESIAN_POINT('Origin',(0.799999999999995,0.85,3.5));
#7144=CARTESIAN_POINT('',(0.799999999999995,0.,3.));
#7145=CARTESIAN_POINT('',(0.799999999999995,0.,3.));
#7146=CARTESIAN_POINT('',(0.799999999999995,0.,4.));
#7147=CARTESIAN_POINT('Origin',(0.799999999999995,0.,3.5));
#7148=CARTESIAN_POINT('',(0.799999999999995,0.,4.));
#7149=CARTESIAN_POINT('Origin',(6.46809236553378,11.85,1.04094977927525E-16));
#7150=CARTESIAN_POINT('',(6.46809236553378,11.85,3.));
#7151=CARTESIAN_POINT('',(6.46809236553378,11.85,1.04094977927525E-16));
#7152=CARTESIAN_POINT('Origin',(2.25,11.6,15.));
#7153=CARTESIAN_POINT('',(2.25,11.85,12.));
#7154=CARTESIAN_POINT('',(2.25,11.85,15.));
#7155=CARTESIAN_POINT('',(2.5,11.6,12.));
#7156=CARTESIAN_POINT('Origin',(2.25,11.6,12.));
#7157=CARTESIAN_POINT('',(2.5,11.6,8.));
#7158=CARTESIAN_POINT('Origin',(2.25,11.6,15.));
#7159=CARTESIAN_POINT('',(2.25,11.85,15.));
#7160=CARTESIAN_POINT('',(2.5,11.6,8.));
#7161=CARTESIAN_POINT('Origin',(0.5,12.2,19.));
#7162=CARTESIAN_POINT('',(0.,12.2,12.));
#7163=CARTESIAN_POINT('Origin',(0.5,12.2,12.));
#7164=CARTESIAN_POINT('',(0.,12.2,19.));
#7165=CARTESIAN_POINT('Origin',(0.5,12.2,19.));
#7166=CARTESIAN_POINT('',(0.,12.2,19.));
#7167=CARTESIAN_POINT('Origin',(0.5,12.2,19.));
#7168=CARTESIAN_POINT('',(0.,12.2,3.));
#7169=CARTESIAN_POINT('Origin',(0.5,12.2,3.));
#7170=CARTESIAN_POINT('',(0.,12.2,0.));
#7171=CARTESIAN_POINT('Origin',(0.5,12.2,0.));
#7172=CARTESIAN_POINT('',(0.,12.2,19.));
#7173=CARTESIAN_POINT('Origin',(2.5,2.,8.));
#7174=CARTESIAN_POINT('',(2.5,2.,8.));
#7175=CARTESIAN_POINT('Origin',(3.35,2.,8.));
#7176=CARTESIAN_POINT('Origin',(2.5,11.85,15.));
#7177=CARTESIAN_POINT('',(2.5,11.85,12.));
#7178=CARTESIAN_POINT('Origin',(1.1,1.1,19.));
#7179=CARTESIAN_POINT('',(0.85,1.1,19.));
#7180=CARTESIAN_POINT('',(1.1,0.85,19.));
#7181=CARTESIAN_POINT('Origin',(1.1,1.1,19.));
#7182=CARTESIAN_POINT('',(1.1,0.85,16.));
#7183=CARTESIAN_POINT('',(1.1,0.85,16.));
#7184=CARTESIAN_POINT('',(0.85,1.1,16.));
#7185=CARTESIAN_POINT('Origin',(1.1,1.1,16.));
#7186=CARTESIAN_POINT('',(0.85,1.1,19.));
#7187=CARTESIAN_POINT('Origin',(1.1,1.1,19.));
#7188=CARTESIAN_POINT('',(1.1,0.85,12.));
#7189=CARTESIAN_POINT('',(1.1,0.85,12.));
#7190=CARTESIAN_POINT('',(0.85,1.1,12.));
#7191=CARTESIAN_POINT('Origin',(1.1,1.1,12.));
#7192=CARTESIAN_POINT('',(0.85,1.1,15.));
#7193=CARTESIAN_POINT('Origin',(1.1,1.1,19.));
#7194=CARTESIAN_POINT('',(1.1,0.85,8.));
#7195=CARTESIAN_POINT('',(0.85,1.1,11.));
#7196=CARTESIAN_POINT('Origin',(1.1,1.1,19.));
#7197=CARTESIAN_POINT('',(0.85,1.1,7.));
#7198=CARTESIAN_POINT('',(1.1,0.85,7.));
#7199=CARTESIAN_POINT('Origin',(1.1,1.1,7.));
#7200=CARTESIAN_POINT('',(1.1,0.85,4.));
#7201=CARTESIAN_POINT('',(1.1,0.85,4.));
#7202=CARTESIAN_POINT('',(0.85,1.1,4.));
#7203=CARTESIAN_POINT('Origin',(1.1,1.1,4.));
#7204=CARTESIAN_POINT('',(0.85,1.1,7.));
#7205=CARTESIAN_POINT('Origin',(1.1,1.1,19.));
#7206=CARTESIAN_POINT('',(0.85,1.1,3.));
#7207=CARTESIAN_POINT('',(1.1,0.85,3.));
#7208=CARTESIAN_POINT('Origin',(1.1,1.1,3.));
#7209=CARTESIAN_POINT('',(1.1,0.85,0.));
#7210=CARTESIAN_POINT('',(1.1,0.85,0.));
#7211=CARTESIAN_POINT('',(0.85,1.1,0.));
#7212=CARTESIAN_POINT('Origin',(1.1,1.1,0.));
#7213=CARTESIAN_POINT('',(0.85,1.1,3.));
#7214=CARTESIAN_POINT('Origin',(0.,12.7,16.));
#7215=CARTESIAN_POINT('',(4.33680868994202E-16,0.5,16.));
#7216=CARTESIAN_POINT('',(0.,12.7,16.));
#7217=CARTESIAN_POINT('',(0.85,12.7,16.));
#7218=CARTESIAN_POINT('',(0.,12.7,16.));
#7219=CARTESIAN_POINT('',(0.85,0.85,16.));
#7220=CARTESIAN_POINT('',(0.,0.85,16.));
#7221=CARTESIAN_POINT('',(0.5,0.,16.));
#7222=CARTESIAN_POINT('',(-0.402051945633822,0.,16.));
#7223=CARTESIAN_POINT('Origin',(0.5,0.5,16.));
#7224=CARTESIAN_POINT('Origin',(0.,12.7,12.));
#7225=CARTESIAN_POINT('',(2.5,2.,12.));
#7226=CARTESIAN_POINT('',(5.35,2.,12.));
#7227=CARTESIAN_POINT('',(2.5,11.85,12.));
#7228=CARTESIAN_POINT('',(0.85,0.849999999999999,12.));
#7229=CARTESIAN_POINT('',(0.,0.85,12.));
#7230=CARTESIAN_POINT('',(0.5,0.,12.));
#7231=CARTESIAN_POINT('',(-0.402051945633822,0.,12.));
#7232=CARTESIAN_POINT('',(4.33680868994202E-16,0.5,12.));
#7233=CARTESIAN_POINT('Origin',(0.5,0.5,12.));
#7234=CARTESIAN_POINT('',(0.,12.7,12.));
#7235=CARTESIAN_POINT('Origin',(0.,12.7,7.));
#7236=CARTESIAN_POINT('',(0.85,12.7,7.));
#7237=CARTESIAN_POINT('',(0.,12.7,7.));
#7238=CARTESIAN_POINT('',(4.33680868994202E-16,0.5,7.));
#7239=CARTESIAN_POINT('',(0.,12.7,7.));
#7240=CARTESIAN_POINT('',(0.5,0.,7.));
#7241=CARTESIAN_POINT('Origin',(0.5,0.5,7.));
#7242=CARTESIAN_POINT('',(0.799999999999995,0.,7.));
#7243=CARTESIAN_POINT('',(0.,0.85,7.));
#7244=CARTESIAN_POINT('',(0.85,0.849999999999997,7.));
#7245=CARTESIAN_POINT('Origin',(0.,12.7,4.));
#7246=CARTESIAN_POINT('',(4.33680868994202E-16,0.5,4.));
#7247=CARTESIAN_POINT('',(0.,12.7,4.));
#7248=CARTESIAN_POINT('',(0.85,12.7,4.));
#7249=CARTESIAN_POINT('',(0.,12.7,4.));
#7250=CARTESIAN_POINT('',(0.85,0.849999999999998,4.));
#7251=CARTESIAN_POINT('',(0.,0.85,4.));
#7252=CARTESIAN_POINT('',(0.5,0.,4.));
#7253=CARTESIAN_POINT('',(-0.402051945633822,0.,4.));
#7254=CARTESIAN_POINT('Origin',(0.5,0.5,4.));
#7255=CARTESIAN_POINT('Origin',(0.85,0.85,19.));
#7256=CARTESIAN_POINT('',(0.85,12.7,19.));
#7257=CARTESIAN_POINT('',(0.85,12.7,19.));
#7258=CARTESIAN_POINT('',(0.85,0.85,19.));
#7259=CARTESIAN_POINT('Origin',(0.85,12.7,19.));
#7260=CARTESIAN_POINT('',(0.85,12.7,19.));
#7261=CARTESIAN_POINT('Origin',(0.85,0.85,19.));
#7262=CARTESIAN_POINT('',(0.85,12.7,19.));
#7263=CARTESIAN_POINT('Origin',(0.85,12.7,19.));
#7264=CARTESIAN_POINT('Origin',(0.85,0.85,19.));
#7265=CARTESIAN_POINT('Origin',(0.85,0.85,19.));
#7266=CARTESIAN_POINT('Origin',(2.5,2.,8.));
#7267=CARTESIAN_POINT('',(2.5,2.,8.));
#7268=CARTESIAN_POINT('Origin',(3.35,2.,8.));
#7269=CARTESIAN_POINT('Origin',(2.5,11.85,15.));
#7270=CARTESIAN_POINT('Origin',(0.85,0.85,19.));
#7271=CARTESIAN_POINT('',(0.85,0.85,0.));
#7272=CARTESIAN_POINT('',(0.85,0.849999999999996,3.));
#7273=CARTESIAN_POINT('Origin',(0.5,0.5,19.));
#7274=CARTESIAN_POINT('',(0.5,0.,0.));
#7275=CARTESIAN_POINT('',(0.5,0.,3.));
#7276=CARTESIAN_POINT('',(0.5,0.,19.));
#7277=CARTESIAN_POINT('',(0.,0.5,3.));
#7278=CARTESIAN_POINT('Origin',(0.5,0.5,3.));
#7279=CARTESIAN_POINT('',(0.,0.5,0.));
#7280=CARTESIAN_POINT('',(0.,0.5,19.));
#7281=CARTESIAN_POINT('Origin',(0.5,0.5,0.));
#7282=CARTESIAN_POINT('Origin',(0.,0.,19.));
#7283=CARTESIAN_POINT('',(0.,12.7,3.));
#7284=CARTESIAN_POINT('',(0.,0.,0.));
#7285=CARTESIAN_POINT('Origin',(0.5,0.5,19.));
#7286=CARTESIAN_POINT('',(0.5,0.,19.));
#7287=CARTESIAN_POINT('',(0.,0.5,19.));
#7288=CARTESIAN_POINT('Origin',(0.,0.,19.));
#7289=CARTESIAN_POINT('Origin',(0.5,0.5,19.));
#7290=CARTESIAN_POINT('',(0.5,0.,19.));
#7291=CARTESIAN_POINT('',(0.,0.5,19.));
#7292=CARTESIAN_POINT('Origin',(0.,0.,19.));
#7293=CARTESIAN_POINT('Origin',(0.5,0.5,19.));
#7294=CARTESIAN_POINT('',(0.5,0.,19.));
#7295=CARTESIAN_POINT('',(0.,0.5,19.));
#7296=CARTESIAN_POINT('Origin',(0.5,0.5,19.));
#7297=CARTESIAN_POINT('',(0.,0.5,19.));
#7298=CARTESIAN_POINT('',(0.,0.5,19.));
#7299=CARTESIAN_POINT('',(0.5,0.,19.));
#7300=CARTESIAN_POINT('',(0.5,0.,19.));
#7301=CARTESIAN_POINT('Origin',(0.5,0.5,19.));
#7302=CARTESIAN_POINT('Origin',(0.,0.,19.));
#7303=CARTESIAN_POINT('Origin',(0.,0.,19.));
#7304=CARTESIAN_POINT('',(0.,0.,19.));
#7305=CARTESIAN_POINT('Origin',(2.33255439658077,11.9580375360733,10.523629443294));
#7306=CARTESIAN_POINT('',(2.50146037362918,12.7914010103063,3.));
#7307=CARTESIAN_POINT('',(1.87087658120192,9.68017008032239,3.));
#7308=CARTESIAN_POINT('',(2.50146037362918,12.7914010103063,-3.61277267349411E-16));
#7309=CARTESIAN_POINT('',(2.50146037362918,12.7914010103063,14.25));
#7310=CARTESIAN_POINT('',(1.87087658120192,9.68017008032239,-9.3002718480549E-16));
#7311=CARTESIAN_POINT('Origin',(0.0878376308099721,13.3486297270005,3.));
#7312=CARTESIAN_POINT('',(0.852143185980028,4.65385179132598,3.));
#7313=CARTESIAN_POINT('',(1.87087658120192,9.68017008032239,3.));
#7314=CARTESIAN_POINT('',(1.68490279795837,4.48506820498375,3.));
#7315=CARTESIAN_POINT('',(0.852143185980028,4.65385179132598,3.));
#7316=CARTESIAN_POINT('',(3.23299300366801,12.1231746521369,3.));
#7317=CARTESIAN_POINT('',(3.16076895164823,11.7668291398811,3.));
#7318=CARTESIAN_POINT('',(2.85543236119858,12.709680137827,3.));
#7319=CARTESIAN_POINT('Origin',(2.74295683402665,12.2224951054344,3.));
#7320=CARTESIAN_POINT('',(0.0878376308099721,13.3486297270005,3.));
#7321=CARTESIAN_POINT('',(0.799999999999995,0.,3.));
#7322=CARTESIAN_POINT('',(0.,0.85,3.));
#7323=CARTESIAN_POINT('Origin',(2.74295683402665,12.2224951054344,19.));
#7324=CARTESIAN_POINT('',(3.23299300366801,12.1231746521369,-3.21381781813703E-16));
#7325=CARTESIAN_POINT('',(2.85543236119858,12.709680137827,-3.43332569125728E-16));
#7326=CARTESIAN_POINT('Origin',(2.74295683402665,12.2224951054344,-3.46146546993122E-16));
#7327=CARTESIAN_POINT('',(2.85543236119858,12.709680137827,3.00000000000001));
#7328=CARTESIAN_POINT('',(3.23299300366801,12.1231746521369,6.61751212209353E-15));
#7329=CARTESIAN_POINT('Origin',(0.981614508539261,5.54591012627361,-3.95574170710686E-16));
#7330=CARTESIAN_POINT('',(1.03092000191541,5.53591689668046,-3.93082438383235E-16));
#7331=CARTESIAN_POINT('',(0.563048540937968,3.22749067619895,7.85121032382459));
#7332=CARTESIAN_POINT('',(1.86367961389374,5.36713331033823,-3.50997593387731E-16));
#7333=CARTESIAN_POINT('',(0.981614508539261,5.54591012627361,-3.95574170710686E-16));
#7334=CARTESIAN_POINT('',(1.86367961389374,5.36713331033823,-3.50997593387731E-16));
#7335=CARTESIAN_POINT('Origin',(2.33255439658077,11.9580375360733,10.523629443294));
#7336=CARTESIAN_POINT('',(1.87087658120192,9.68017008032239,-9.3002718480549E-16));
#7337=CARTESIAN_POINT('Origin',(3.16076895164823,11.7668291398811,10.523629443294));
#7338=CARTESIAN_POINT('',(3.16076895164823,11.7668291398811,-3.22943859517539E-16));
#7339=CARTESIAN_POINT('Origin',(0.916052185877421,13.1574213308082,19.));
#7340=CARTESIAN_POINT('',(0.916052185877422,13.1574213308082,-4.41649930977159E-16));
#7341=CARTESIAN_POINT('Origin',(10.468015830869,11.9554065212985,10.523629443294));
#7342=CARTESIAN_POINT('',(10.3222103306219,12.674794789088,-4.38933326467831E-16));
#7343=CARTESIAN_POINT('',(10.3222103306219,12.6747947890881,3.));
#7344=CARTESIAN_POINT('',(10.3222103306219,12.6747947890881,10.011814721647));
#7345=CARTESIAN_POINT('',(10.2991098538206,12.7887699955314,1.16677808044697E-16));
#7346=CARTESIAN_POINT('',(10.9676531747667,9.49025093566901,-4.52893106454461E-16));
#7347=CARTESIAN_POINT('',(10.2991098538206,12.7887699955314,3.));
#7348=CARTESIAN_POINT('',(10.2991098538206,12.7887699955314,14.25));
#7349=CARTESIAN_POINT('',(10.9334315697905,9.6590965627753,3.));
#7350=CARTESIAN_POINT('Origin',(10.468015830869,11.9554065212985,10.523629443294));
#7351=CARTESIAN_POINT('',(10.4905240866057,11.8443532683145,3.));
#7352=CARTESIAN_POINT('',(10.4905240866057,11.8443532683145,-4.42573653451965E-16));
#7353=CARTESIAN_POINT('',(10.4905240866057,11.8443532683145,0.));
#7354=CARTESIAN_POINT('',(11.9484270414697,4.65122077655109,3.));
#7355=CARTESIAN_POINT('',(10.9334315697905,9.6590965627753,3.));
#7356=CARTESIAN_POINT('',(11.7696502255344,5.53328588190557,8.48726370108705E-17));
#7357=CARTESIAN_POINT('',(12.2375216865118,3.22485966142406,7.8512103238246));
#7358=CARTESIAN_POINT('',(10.9676531747667,9.49025093566901,-4.52893106454461E-16));
#7359=CARTESIAN_POINT('Origin',(11.8845180415723,13.1547903160333,19.));
#7360=CARTESIAN_POINT('',(9.94513786625118,12.7070491230521,1.34622506268379E-16));
#7361=CARTESIAN_POINT('',(11.8845180415723,13.1547903160333,3.6305144416948E-17));
#7362=CARTESIAN_POINT('',(9.94513786625118,12.7070491230521,3.));
#7363=CARTESIAN_POINT('',(9.94513786625118,12.7070491230521,3.00000000000001));
#7364=CARTESIAN_POINT('',(12.7127325966398,13.3459987122256,3.));
#7365=CARTESIAN_POINT('Origin',(9.63980127580153,11.7641981251062,10.523629443294));
#7366=CARTESIAN_POINT('',(9.56757722378174,12.120543637362,3.));
#7367=CARTESIAN_POINT('',(11.1156674294914,4.48243719020885,3.));
#7368=CARTESIAN_POINT('',(9.63980127580153,11.7641981251062,3.));
#7369=CARTESIAN_POINT('',(9.56757722378174,12.120543637362,1.56573293580405E-16));
#7370=CARTESIAN_POINT('',(9.56757722378174,12.120543637362,7.09546719748764E-15));
#7371=CARTESIAN_POINT('',(10.936890613556,5.36450229556333,1.26957482006376E-16));
#7372=CARTESIAN_POINT('',(9.63980127580153,11.7641981251062,1.55011215876569E-16));
#7373=CARTESIAN_POINT('',(10.936890613556,5.36450229556333,1.26957482006376E-16));
#7374=CARTESIAN_POINT('Origin',(11.8189557189105,5.54327911149871,8.23809046834225E-17));
#7375=CARTESIAN_POINT('',(11.9484270414697,4.65122077655109,3.));
#7376=CARTESIAN_POINT('',(11.8189557189105,5.54327911149871,8.23809046834225E-17));
#7377=CARTESIAN_POINT('Origin',(10.0576133934231,12.2198640906595,19.));
#7378=CARTESIAN_POINT('Origin',(10.0576133934231,12.2198640906595,1.31808528400986E-16));
#7379=CARTESIAN_POINT('Origin',(10.0576133934231,12.2198640906595,3.));
#7380=CARTESIAN_POINT('Origin',(0.,12.7,0.));
#7381=CARTESIAN_POINT('',(10.3228890643811,12.7,0.));
#7382=CARTESIAN_POINT('',(10.2322923230337,9.33563224502521,-5.55111512312578E-16));
#7383=CARTESIAN_POINT('',(12.3,12.7,0.));
#7384=CARTESIAN_POINT('',(11.95,12.7,0.));
#7385=CARTESIAN_POINT('',(12.8,12.2,0.));
#7386=CARTESIAN_POINT('Origin',(12.3,12.2,0.));
#7387=CARTESIAN_POINT('',(12.8,0.5,0.));
#7388=CARTESIAN_POINT('',(12.8,0.,0.));
#7389=CARTESIAN_POINT('',(12.3,0.,0.));
#7390=CARTESIAN_POINT('Origin',(12.3,0.5,0.));
#7391=CARTESIAN_POINT('',(0.,0.,0.));
#7392=CARTESIAN_POINT('',(11.7,0.85,0.));
#7393=CARTESIAN_POINT('',(0.85,0.85,0.));
#7394=CARTESIAN_POINT('',(11.95,1.1,0.));
#7395=CARTESIAN_POINT('Origin',(11.7,1.1,0.));
#7396=CARTESIAN_POINT('',(11.95,11.6,0.));
#7397=CARTESIAN_POINT('',(11.95,0.85,0.));
#7398=CARTESIAN_POINT('',(11.7,11.85,1.04094977927525E-16));
#7399=CARTESIAN_POINT('Origin',(11.7,11.6,0.));
#7400=CARTESIAN_POINT('',(10.5433585475569,11.85,1.04094977927525E-16));
#7401=CARTESIAN_POINT('',(6.33190763446622,11.85,1.04094977927525E-16));
#7402=CARTESIAN_POINT('Origin',(10.5433585475569,11.6,0.));
#7403=CARTESIAN_POINT('Origin',(10.1491756348167,6.24904103237489,9.5));
#7404=CARTESIAN_POINT('',(10.3228890643811,12.7,3.));
#7405=CARTESIAN_POINT('',(10.236929817415,9.50784855576818,3.));
#7406=CARTESIAN_POINT('',(10.3228890643811,12.7,14.25));
#7407=CARTESIAN_POINT('Origin',(10.1491756348167,6.24904103237489,9.5));
#7408=CARTESIAN_POINT('',(10.3228890643811,12.7,8.));
#7409=CARTESIAN_POINT('',(10.3228890643811,12.7,11.));
#7410=CARTESIAN_POINT('',(10.3228890643811,12.7,14.25));
#7411=CARTESIAN_POINT('',(10.2286399757531,9.2,8.));
#7412=CARTESIAN_POINT('',(10.236929817415,9.50784855576818,8.));
#7413=CARTESIAN_POINT('',(10.2286399757531,9.2,8.75));
#7414=CARTESIAN_POINT('',(10.2286399757531,9.2,8.75));
#7415=CARTESIAN_POINT('',(10.2084437424756,8.45,9.5));
#7416=CARTESIAN_POINT('Origin',(10.2084437424756,8.45,8.75));
#7417=CARTESIAN_POINT('',(10.0347561362897,2.,9.5));
#7418=CARTESIAN_POINT('',(10.0766437710009,3.55552402281286,9.5));
#7419=CARTESIAN_POINT('',(10.0347561362897,2.,11.));
#7420=CARTESIAN_POINT('',(10.0347561362897,2.,8.75));
#7421=CARTESIAN_POINT('',(10.236929817415,9.50784855576818,11.));
#7422=CARTESIAN_POINT('Origin',(10.1491756348167,6.24904103237489,9.5));
#7423=CARTESIAN_POINT('',(10.3228890643811,12.7,12.));
#7424=CARTESIAN_POINT('',(10.3228890643811,12.7,15.));
#7425=CARTESIAN_POINT('',(10.3228890643811,12.7,14.25));
#7426=CARTESIAN_POINT('',(10.0347561362897,2.,12.));
#7427=CARTESIAN_POINT('',(10.236929817415,9.50784855576818,12.));
#7428=CARTESIAN_POINT('',(10.0347561362897,2.,15.));
#7429=CARTESIAN_POINT('',(10.0347561362897,2.,8.75));
#7430=CARTESIAN_POINT('',(10.236929817415,9.50784855576818,15.));
#7431=CARTESIAN_POINT('Origin',(0.,0.,19.));
#7432=CARTESIAN_POINT('',(12.3,0.,3.));
#7433=CARTESIAN_POINT('',(12.3,0.,19.));
#7434=CARTESIAN_POINT('',(12.,0.,3.));
#7435=CARTESIAN_POINT('',(12.,0.,3.));
#7436=CARTESIAN_POINT('',(12.,0.,4.));
#7437=CARTESIAN_POINT('Origin',(12.,0.,3.5));
#7438=CARTESIAN_POINT('',(12.3,0.,4.));
#7439=CARTESIAN_POINT('',(13.2020519456338,0.,4.));
#7440=CARTESIAN_POINT('',(12.3,0.,7.));
#7441=CARTESIAN_POINT('',(12.3,0.,19.));
#7442=CARTESIAN_POINT('',(12.,0.,7.));
#7443=CARTESIAN_POINT('',(12.,0.,7.));
#7444=CARTESIAN_POINT('',(12.,0.,8.));
#7445=CARTESIAN_POINT('Origin',(12.,0.,7.5));
#7446=CARTESIAN_POINT('',(12.3,0.,8.));
#7447=CARTESIAN_POINT('',(13.2020519456338,0.,8.));
#7448=CARTESIAN_POINT('',(12.3,0.,11.));
#7449=CARTESIAN_POINT('',(12.3,0.,19.));
#7450=CARTESIAN_POINT('',(12.,0.,11.));
#7451=CARTESIAN_POINT('',(12.,0.,11.));
#7452=CARTESIAN_POINT('',(12.,0.,12.));
#7453=CARTESIAN_POINT('Origin',(12.,0.,11.5));
#7454=CARTESIAN_POINT('',(12.3,0.,12.));
#7455=CARTESIAN_POINT('',(13.2020519456338,0.,12.));
#7456=CARTESIAN_POINT('',(12.3,0.,15.));
#7457=CARTESIAN_POINT('',(12.3,0.,19.));
#7458=CARTESIAN_POINT('',(12.,0.,15.));
#7459=CARTESIAN_POINT('',(12.,0.,15.));
#7460=CARTESIAN_POINT('',(12.,0.,16.));
#7461=CARTESIAN_POINT('Origin',(12.,0.,15.5));
#7462=CARTESIAN_POINT('',(12.3,0.,16.));
#7463=CARTESIAN_POINT('',(13.2020519456338,0.,16.));
#7464=CARTESIAN_POINT('',(12.3,0.,19.));
#7465=CARTESIAN_POINT('',(12.3,0.,19.));
#7466=CARTESIAN_POINT('',(0.,0.,19.));
#7467=CARTESIAN_POINT('Origin',(10.45,8.45,8.75));
#7468=CARTESIAN_POINT('',(10.3,9.2,8.75));
#7469=CARTESIAN_POINT('',(10.45,9.2,8.75));
#7470=CARTESIAN_POINT('',(10.3,8.45,9.5));
#7471=CARTESIAN_POINT('Origin',(10.3,8.45,8.75));
#7472=CARTESIAN_POINT('',(10.45,8.45,9.5));
#7473=CARTESIAN_POINT('Origin',(10.45,9.2,8.));
#7474=CARTESIAN_POINT('',(10.3,9.2,8.));
#7475=CARTESIAN_POINT('',(10.45,9.2,8.));
#7476=CARTESIAN_POINT('',(10.3,9.2,8.));
#7477=CARTESIAN_POINT('Origin',(12.8,12.7,8.));
#7478=CARTESIAN_POINT('',(12.3,12.7,8.));
#7479=CARTESIAN_POINT('',(12.8,12.7,8.));
#7480=CARTESIAN_POINT('',(12.8,12.2,8.));
#7481=CARTESIAN_POINT('Origin',(12.3,12.2,8.));
#7482=CARTESIAN_POINT('',(12.8,0.5,8.));
#7483=CARTESIAN_POINT('',(12.8,12.7,8.));
#7484=CARTESIAN_POINT('Origin',(12.3,0.5,8.));
#7485=CARTESIAN_POINT('',(12.,0.85,8.));
#7486=CARTESIAN_POINT('',(12.,0.,8.));
#7487=CARTESIAN_POINT('',(11.7,0.85,8.));
#7488=CARTESIAN_POINT('',(12.8,0.85,8.));
#7489=CARTESIAN_POINT('',(11.95,1.1,8.));
#7490=CARTESIAN_POINT('Origin',(11.7,1.1,8.));
#7491=CARTESIAN_POINT('',(11.95,11.6,8.));
#7492=CARTESIAN_POINT('',(11.95,0.849999999999998,8.));
#7493=CARTESIAN_POINT('',(11.7,11.85,8.));
#7494=CARTESIAN_POINT('Origin',(11.7,11.6,8.));
#7495=CARTESIAN_POINT('',(10.55,11.85,8.));
#7496=CARTESIAN_POINT('',(10.3,11.85,8.));
#7497=CARTESIAN_POINT('',(10.3,11.6,8.));
#7498=CARTESIAN_POINT('Origin',(10.55,11.6,8.));
#7499=CARTESIAN_POINT('',(10.3,12.7,8.));
#7500=CARTESIAN_POINT('Origin',(9.45,2.,8.));
#7501=CARTESIAN_POINT('',(10.3,2.,12.));
#7502=CARTESIAN_POINT('',(7.45,2.,12.));
#7503=CARTESIAN_POINT('',(10.3,2.,15.));
#7504=CARTESIAN_POINT('',(10.3,2.,8.));
#7505=CARTESIAN_POINT('',(9.45,2.,15.));
#7506=CARTESIAN_POINT('Origin',(12.8,12.7,12.));
#7507=CARTESIAN_POINT('',(12.3,12.7,12.));
#7508=CARTESIAN_POINT('',(9.45,12.7,12.));
#7509=CARTESIAN_POINT('',(12.8,12.2,12.));
#7510=CARTESIAN_POINT('Origin',(12.3,12.2,12.));
#7511=CARTESIAN_POINT('',(12.8,0.5,12.));
#7512=CARTESIAN_POINT('',(12.8,12.7,12.));
#7513=CARTESIAN_POINT('Origin',(12.3,0.5,12.));
#7514=CARTESIAN_POINT('',(12.,0.85,12.));
#7515=CARTESIAN_POINT('',(12.,0.,12.));
#7516=CARTESIAN_POINT('',(11.7,0.85,12.));
#7517=CARTESIAN_POINT('',(12.8,0.85,12.));
#7518=CARTESIAN_POINT('',(11.95,1.1,12.));
#7519=CARTESIAN_POINT('Origin',(11.7,1.1,12.));
#7520=CARTESIAN_POINT('',(11.95,11.6,12.));
#7521=CARTESIAN_POINT('',(11.95,0.849999999999999,12.));
#7522=CARTESIAN_POINT('',(11.7,11.85,12.));
#7523=CARTESIAN_POINT('Origin',(11.7,11.6,12.));
#7524=CARTESIAN_POINT('',(10.55,11.85,12.));
#7525=CARTESIAN_POINT('',(10.3,11.85,12.));
#7526=CARTESIAN_POINT('',(10.3,11.6,12.));
#7527=CARTESIAN_POINT('Origin',(10.55,11.6,12.));
#7528=CARTESIAN_POINT('',(10.3,11.85,12.));
#7529=CARTESIAN_POINT('Origin',(12.8,12.7,3.));
#7530=CARTESIAN_POINT('',(10.5433585475569,11.85,3.));
#7531=CARTESIAN_POINT('Origin',(10.5433585475569,11.6,3.));
#7532=CARTESIAN_POINT('',(11.7,11.85,3.));
#7533=CARTESIAN_POINT('',(6.33190763446622,11.85,3.));
#7534=CARTESIAN_POINT('',(11.95,11.6,3.));
#7535=CARTESIAN_POINT('Origin',(11.7,11.6,3.));
#7536=CARTESIAN_POINT('',(11.95,1.1,3.));
#7537=CARTESIAN_POINT('',(11.95,0.849999999999996,3.));
#7538=CARTESIAN_POINT('',(11.7,0.85,3.));
#7539=CARTESIAN_POINT('Origin',(11.7,1.1,3.));
#7540=CARTESIAN_POINT('',(12.,0.85,3.));
#7541=CARTESIAN_POINT('',(12.8,0.85,3.));
#7542=CARTESIAN_POINT('',(12.,0.,3.));
#7543=CARTESIAN_POINT('',(12.8,0.5,3.));
#7544=CARTESIAN_POINT('Origin',(12.3,0.5,3.));
#7545=CARTESIAN_POINT('',(12.8,12.2,3.));
#7546=CARTESIAN_POINT('',(12.8,12.7,3.));
#7547=CARTESIAN_POINT('',(12.3,12.7,3.));
#7548=CARTESIAN_POINT('Origin',(12.3,12.2,3.));
#7549=CARTESIAN_POINT('',(12.8,12.7,3.));
#7550=CARTESIAN_POINT('Origin',(0.85,0.85,19.));
#7551=CARTESIAN_POINT('',(11.7,0.85,19.));
#7552=CARTESIAN_POINT('',(0.85,0.85,19.));
#7553=CARTESIAN_POINT('',(11.7,0.85,16.));
#7554=CARTESIAN_POINT('',(11.7,0.85,16.));
#7555=CARTESIAN_POINT('',(12.,0.85,16.));
#7556=CARTESIAN_POINT('',(12.8,0.85,16.));
#7557=CARTESIAN_POINT('',(12.,0.85,15.));
#7558=CARTESIAN_POINT('Origin',(12.,0.85,15.5));
#7559=CARTESIAN_POINT('',(11.7,0.85,15.));
#7560=CARTESIAN_POINT('',(12.8,0.85,15.));
#7561=CARTESIAN_POINT('',(11.7,0.85,12.));
#7562=CARTESIAN_POINT('',(12.,0.85,11.));
#7563=CARTESIAN_POINT('Origin',(12.,0.85,11.5));
#7564=CARTESIAN_POINT('',(11.7,0.85,11.));
#7565=CARTESIAN_POINT('',(12.8,0.85,11.));
#7566=CARTESIAN_POINT('',(11.7,0.85,8.));
#7567=CARTESIAN_POINT('',(12.,0.85,7.));
#7568=CARTESIAN_POINT('Origin',(12.,0.85,7.5));
#7569=CARTESIAN_POINT('',(11.7,0.85,7.));
#7570=CARTESIAN_POINT('',(12.8,0.85,7.));
#7571=CARTESIAN_POINT('',(11.7,0.85,4.));
#7572=CARTESIAN_POINT('',(11.7,0.85,4.));
#7573=CARTESIAN_POINT('',(12.,0.85,4.));
#7574=CARTESIAN_POINT('',(12.8,0.85,4.));
#7575=CARTESIAN_POINT('Origin',(12.,0.85,3.5));
#7576=CARTESIAN_POINT('',(11.7,0.85,0.));
#7577=CARTESIAN_POINT('Origin',(12.8,0.,19.));
#7578=CARTESIAN_POINT('',(12.8,12.2,15.));
#7579=CARTESIAN_POINT('',(12.8,0.5,15.));
#7580=CARTESIAN_POINT('',(12.8,12.7,15.));
#7581=CARTESIAN_POINT('',(12.8,0.5,19.));
#7582=CARTESIAN_POINT('',(12.8,12.2,19.));
#7583=CARTESIAN_POINT('Origin',(12.3,0.5,19.));
#7584=CARTESIAN_POINT('Origin',(12.3,0.5,15.));
#7585=CARTESIAN_POINT('Origin',(12.8,0.,19.));
#7586=CARTESIAN_POINT('',(12.8,12.2,11.));
#7587=CARTESIAN_POINT('',(12.8,0.5,11.));
#7588=CARTESIAN_POINT('',(12.8,12.7,11.));
#7589=CARTESIAN_POINT('',(12.8,0.5,19.));
#7590=CARTESIAN_POINT('',(12.8,12.2,19.));
#7591=CARTESIAN_POINT('Origin',(12.3,0.5,19.));
#7592=CARTESIAN_POINT('Origin',(12.3,0.5,11.));
#7593=CARTESIAN_POINT('Origin',(12.8,0.,19.));
#7594=CARTESIAN_POINT('',(12.8,0.5,4.));
#7595=CARTESIAN_POINT('',(12.8,12.2,4.));
#7596=CARTESIAN_POINT('',(12.8,12.7,4.));
#7597=CARTESIAN_POINT('',(12.8,12.2,7.));
#7598=CARTESIAN_POINT('',(12.8,12.2,19.));
#7599=CARTESIAN_POINT('',(12.8,0.5,7.));
#7600=CARTESIAN_POINT('',(12.8,12.7,7.));
#7601=CARTESIAN_POINT('',(12.8,0.5,19.));
#7602=CARTESIAN_POINT('Origin',(12.3,0.5,19.));
#7603=CARTESIAN_POINT('Origin',(12.3,0.5,7.));
#7604=CARTESIAN_POINT('Origin',(12.3,0.5,4.));
#7605=CARTESIAN_POINT('Origin',(12.8,0.,19.));
#7606=CARTESIAN_POINT('',(12.8,0.5,19.));
#7607=CARTESIAN_POINT('',(12.8,12.2,19.));
#7608=CARTESIAN_POINT('Origin',(12.3,0.5,19.));
#7609=CARTESIAN_POINT('Origin',(11.95,0.85,19.));
#7610=CARTESIAN_POINT('',(11.95,11.6,0.));
#7611=CARTESIAN_POINT('',(11.95,1.1,3.));
#7612=CARTESIAN_POINT('Origin',(11.95,12.7,19.));
#7613=CARTESIAN_POINT('',(12.3,12.7,11.));
#7614=CARTESIAN_POINT('',(9.45,12.7,11.));
#7615=CARTESIAN_POINT('',(12.3,12.7,19.));
#7616=CARTESIAN_POINT('Origin',(10.3,11.85,15.));
#7617=CARTESIAN_POINT('',(11.7,11.85,11.));
#7618=CARTESIAN_POINT('',(11.7,11.85,15.));
#7619=CARTESIAN_POINT('',(10.55,11.85,11.));
#7620=CARTESIAN_POINT('',(10.3,11.85,11.));
#7621=CARTESIAN_POINT('',(10.55,11.85,15.));
#7622=CARTESIAN_POINT('Origin',(10.3,2.,8.));
#7623=CARTESIAN_POINT('',(10.3,11.6,15.));
#7624=CARTESIAN_POINT('',(10.3,11.6,8.));
#7625=CARTESIAN_POINT('',(10.3,12.7,15.));
#7626=CARTESIAN_POINT('Origin',(11.95,0.85,19.));
#7627=CARTESIAN_POINT('',(11.95,1.1,15.));
#7628=CARTESIAN_POINT('',(11.95,11.6,15.));
#7629=CARTESIAN_POINT('',(11.95,0.849999999999999,15.));
#7630=CARTESIAN_POINT('',(11.95,11.6,19.));
#7631=CARTESIAN_POINT('',(11.95,1.1,15.));
#7632=CARTESIAN_POINT('Origin',(11.95,12.7,19.));
#7633=CARTESIAN_POINT('',(12.3,12.7,15.));
#7634=CARTESIAN_POINT('',(12.8,12.7,15.));
#7635=CARTESIAN_POINT('',(12.3,12.7,19.));
#7636=CARTESIAN_POINT('Origin',(11.95,0.85,19.));
#7637=CARTESIAN_POINT('',(11.95,1.1,11.));
#7638=CARTESIAN_POINT('',(11.95,11.6,11.));
#7639=CARTESIAN_POINT('',(11.95,0.849999999999999,11.));
#7640=CARTESIAN_POINT('',(11.95,11.6,19.));
#7641=CARTESIAN_POINT('',(11.95,1.1,11.));
#7642=CARTESIAN_POINT('Origin',(11.95,12.7,19.));
#7643=CARTESIAN_POINT('',(12.3,12.7,7.));
#7644=CARTESIAN_POINT('',(11.95,12.7,7.));
#7645=CARTESIAN_POINT('',(12.8,12.7,7.));
#7646=CARTESIAN_POINT('',(12.3,12.7,4.));
#7647=CARTESIAN_POINT('',(12.3,12.7,19.));
#7648=CARTESIAN_POINT('',(11.95,12.7,4.));
#7649=CARTESIAN_POINT('',(12.8,12.7,4.));
#7650=CARTESIAN_POINT('',(11.95,12.7,19.));
#7651=CARTESIAN_POINT('Origin',(11.95,0.85,19.));
#7652=CARTESIAN_POINT('',(11.95,1.1,4.));
#7653=CARTESIAN_POINT('',(11.95,0.849999999999998,4.));
#7654=CARTESIAN_POINT('',(11.95,1.1,7.));
#7655=CARTESIAN_POINT('',(11.95,1.1,7.));
#7656=CARTESIAN_POINT('',(11.95,0.849999999999997,7.));
#7657=CARTESIAN_POINT('Origin',(11.95,12.7,19.));
#7658=CARTESIAN_POINT('',(12.3,12.7,19.));
#7659=CARTESIAN_POINT('Origin',(12.8,0.,19.));
#7660=CARTESIAN_POINT('',(12.8,0.5,16.));
#7661=CARTESIAN_POINT('',(12.8,12.2,16.));
#7662=CARTESIAN_POINT('',(12.8,12.7,16.));
#7663=CARTESIAN_POINT('',(12.8,12.2,19.));
#7664=CARTESIAN_POINT('',(12.8,12.2,19.));
#7665=CARTESIAN_POINT('',(12.8,0.5,19.));
#7666=CARTESIAN_POINT('',(12.8,0.,19.));
#7667=CARTESIAN_POINT('',(12.8,0.5,19.));
#7668=CARTESIAN_POINT('Origin',(11.95,12.7,19.));
#7669=CARTESIAN_POINT('',(12.3,12.7,19.));
#7670=CARTESIAN_POINT('',(11.95,12.7,19.));
#7671=CARTESIAN_POINT('',(11.95,12.7,19.));
#7672=CARTESIAN_POINT('',(12.3,12.7,16.));
#7673=CARTESIAN_POINT('',(12.3,12.7,19.));
#7674=CARTESIAN_POINT('',(11.95,12.7,16.));
#7675=CARTESIAN_POINT('',(12.8,12.7,16.));
#7676=CARTESIAN_POINT('',(11.95,12.7,19.));
#7677=CARTESIAN_POINT('Origin',(11.95,0.85,19.));
#7678=CARTESIAN_POINT('',(11.95,1.1,16.));
#7679=CARTESIAN_POINT('',(11.95,0.85,16.));
#7680=CARTESIAN_POINT('',(11.95,1.1,19.));
#7681=CARTESIAN_POINT('',(11.95,1.1,19.));
#7682=CARTESIAN_POINT('',(11.95,0.85,19.));
#7683=CARTESIAN_POINT('Origin',(0.,12.7,19.));
#7684=CARTESIAN_POINT('Origin',(12.3,0.5,19.));
#7685=CARTESIAN_POINT('Origin',(12.3,12.2,19.));
#7686=CARTESIAN_POINT('Origin',(11.7,1.1,19.));
#7687=CARTESIAN_POINT('Origin',(12.8,12.7,4.));
#7688=CARTESIAN_POINT('Origin',(12.3,12.2,4.));
#7689=CARTESIAN_POINT('',(12.,0.,4.));
#7690=CARTESIAN_POINT('Origin',(11.7,1.1,4.));
#7691=CARTESIAN_POINT('Origin',(12.8,12.7,7.));
#7692=CARTESIAN_POINT('Origin',(12.3,12.2,7.));
#7693=CARTESIAN_POINT('Origin',(11.7,1.1,7.));
#7694=CARTESIAN_POINT('',(12.,0.,7.));
#7695=CARTESIAN_POINT('Origin',(12.8,12.7,11.));
#7696=CARTESIAN_POINT('',(10.3,2.,11.));
#7697=CARTESIAN_POINT('',(7.45,2.,11.));
#7698=CARTESIAN_POINT('',(10.3,11.6,11.));
#7699=CARTESIAN_POINT('',(10.3,11.85,11.));
#7700=CARTESIAN_POINT('Origin',(10.55,11.6,11.));
#7701=CARTESIAN_POINT('Origin',(11.7,11.6,11.));
#7702=CARTESIAN_POINT('Origin',(11.7,1.1,11.));
#7703=CARTESIAN_POINT('',(12.,0.,11.));
#7704=CARTESIAN_POINT('Origin',(12.3,12.2,11.));
#7705=CARTESIAN_POINT('Origin',(12.8,12.7,15.));
#7706=CARTESIAN_POINT('',(10.55,11.85,15.));
#7707=CARTESIAN_POINT('Origin',(10.55,11.6,15.));
#7708=CARTESIAN_POINT('',(11.7,11.85,15.));
#7709=CARTESIAN_POINT('',(10.3,11.85,15.));
#7710=CARTESIAN_POINT('Origin',(11.7,11.6,15.));
#7711=CARTESIAN_POINT('Origin',(11.7,1.1,15.));
#7712=CARTESIAN_POINT('',(12.,0.,15.));
#7713=CARTESIAN_POINT('Origin',(12.3,12.2,15.));
#7714=CARTESIAN_POINT('Origin',(12.8,12.7,16.));
#7715=CARTESIAN_POINT('Origin',(12.3,12.2,16.));
#7716=CARTESIAN_POINT('Origin',(12.3,0.5,16.));
#7717=CARTESIAN_POINT('',(12.,0.,16.));
#7718=CARTESIAN_POINT('Origin',(11.7,1.1,16.));
#7719=CARTESIAN_POINT('Origin',(11.7,1.1,19.));
#7720=CARTESIAN_POINT('Origin',(11.7,1.1,19.));
#7721=CARTESIAN_POINT('Origin',(11.7,1.1,19.));
#7722=CARTESIAN_POINT('Origin',(11.7,1.1,19.));
#7723=CARTESIAN_POINT('Origin',(11.7,1.1,19.));
#7724=CARTESIAN_POINT('Origin',(12.3,0.5,19.));
#7725=CARTESIAN_POINT('Origin',(10.3,11.85,15.));
#7726=CARTESIAN_POINT('',(11.7,11.85,15.));
#7727=CARTESIAN_POINT('',(10.55,11.85,15.));
#7728=CARTESIAN_POINT('Origin',(9.45,2.,8.));
#7729=CARTESIAN_POINT('',(10.3,2.,9.5));
#7730=CARTESIAN_POINT('',(9.45,2.,9.5));
#7731=CARTESIAN_POINT('',(10.3,2.,8.));
#7732=CARTESIAN_POINT('Origin',(10.3,2.,8.));
#7733=CARTESIAN_POINT('',(10.3,11.6,8.));
#7734=CARTESIAN_POINT('',(10.3,2.,9.5));
#7735=CARTESIAN_POINT('Origin',(12.3,12.2,19.));
#7736=CARTESIAN_POINT('Origin',(12.3,12.2,19.));
#7737=CARTESIAN_POINT('Origin',(12.3,12.2,19.));
#7738=CARTESIAN_POINT('Origin',(10.55,11.6,15.));
#7739=CARTESIAN_POINT('Origin',(10.55,11.6,15.));
#7740=CARTESIAN_POINT('Origin',(6.33190763446622,11.85,1.04094977927525E-16));
#7741=CARTESIAN_POINT('',(11.7,11.85,3.));
#7742=CARTESIAN_POINT('',(10.5433585475569,11.85,1.04094977927525E-16));
#7743=CARTESIAN_POINT('Origin',(10.5433585475569,11.6,1.04094977927525E-16));
#7744=CARTESIAN_POINT('Origin',(12.,0.,3.5));
#7745=CARTESIAN_POINT('Origin',(12.,0.,7.5));
#7746=CARTESIAN_POINT('Origin',(12.,0.,11.5));
#7747=CARTESIAN_POINT('Origin',(12.,0.,15.5));
#7748=CARTESIAN_POINT('Origin',(12.3,12.2,19.));
#7749=CARTESIAN_POINT('Origin',(12.3,12.2,19.));
#7750=CARTESIAN_POINT('Origin',(11.7,11.6,19.));
#7751=CARTESIAN_POINT('Origin',(11.7,11.6,19.));
#7752=CARTESIAN_POINT('Origin',(11.7,11.6,1.04094977927525E-16));
#7753=CARTESIAN_POINT('Origin',(10.45,0.85,9.5));
#7754=CARTESIAN_POINT('Origin',(-2.585,2.045585922872E-16,3.685));
#7755=CARTESIAN_POINT('',(-2.585,2.045585922872E-16,3.685));
#7756=CARTESIAN_POINT('',(-2.585,-1.295,4.185));
#7757=CARTESIAN_POINT('',(-2.585,2.045585922872E-16,3.685));
#7758=CARTESIAN_POINT('',(-2.585,-1.295,11.875000000001));
#7759=CARTESIAN_POINT('',(-2.585,-1.295,4.185));
#7760=CARTESIAN_POINT('',(-2.585,-0.295,12.875));
#7761=CARTESIAN_POINT('',(-2.585,-1.295,11.875000000001));
#7762=CARTESIAN_POINT('',(-2.585,3.15,12.875));
#7763=CARTESIAN_POINT('',(-2.585,-0.295,12.875));
#7764=CARTESIAN_POINT('',(-2.585,3.15,4.185));
#7765=CARTESIAN_POINT('',(-2.585,3.15,12.875));
#7766=CARTESIAN_POINT('',(-2.585,3.15,4.185));
#7767=CARTESIAN_POINT('Origin',(-2.585,2.045585922872E-16,3.685));
#7768=CARTESIAN_POINT('',(-0.73,2.045585922872E-16,3.685));
#7769=CARTESIAN_POINT('',(-2.585,2.045585922872E-16,3.685));
#7770=CARTESIAN_POINT('',(-0.73,-0.11655,3.73));
#7771=CARTESIAN_POINT('',(-0.73,0.106662228694,3.643817672319));
#7772=CARTESIAN_POINT('',(0.73,-0.11655,3.73));
#7773=CARTESIAN_POINT('',(-0.9275,-0.11655,3.73));
#7774=CARTESIAN_POINT('',(0.73,2.045585922872E-16,3.685));
#7775=CARTESIAN_POINT('',(0.73,0.682499659449,3.421486617973));
#7776=CARTESIAN_POINT('',(1.81,2.045585922872E-16,3.685));
#7777=CARTESIAN_POINT('',(-2.585,2.045585922872E-16,3.685));
#7778=CARTESIAN_POINT('',(1.81,-0.11655,3.73));
#7779=CARTESIAN_POINT('',(1.81,0.106662228694,3.643817672319));
#7780=CARTESIAN_POINT('',(3.27,-0.11655,3.73));
#7781=CARTESIAN_POINT('',(0.3425,-0.11655,3.73));
#7782=CARTESIAN_POINT('',(3.27,2.045585922872E-16,3.685));
#7783=CARTESIAN_POINT('',(3.27,0.682499659449,3.421486617973));
#7784=CARTESIAN_POINT('',(4.35,2.045585922872E-16,3.685));
#7785=CARTESIAN_POINT('',(-2.585,2.045585922872E-16,3.685));
#7786=CARTESIAN_POINT('',(4.35,-0.11655,3.73));
#7787=CARTESIAN_POINT('',(4.35,0.106662228694,3.643817672319));
#7788=CARTESIAN_POINT('',(5.81,-0.11655,3.73));
#7789=CARTESIAN_POINT('',(1.6125,-0.11655,3.73));
#7790=CARTESIAN_POINT('',(5.81,2.045585922872E-16,3.685));
#7791=CARTESIAN_POINT('',(5.81,0.682499659449,3.421486617973));
#7792=CARTESIAN_POINT('',(7.665,2.045585922872E-16,3.685));
#7793=CARTESIAN_POINT('',(-2.585,2.045585922872E-16,3.685));
#7794=CARTESIAN_POINT('',(7.665,-1.295,4.185));
#7795=CARTESIAN_POINT('',(7.665,2.045585922872E-16,3.685));
#7796=CARTESIAN_POINT('',(-2.585,-1.295,4.185));
#7797=CARTESIAN_POINT('Origin',(-2.585,-1.295,4.185));
#7798=CARTESIAN_POINT('',(7.665,-1.295,11.875000000001));
#7799=CARTESIAN_POINT('',(7.665,-1.295,4.185));
#7800=CARTESIAN_POINT('',(-2.585,-1.295,11.875000000001));
#7801=CARTESIAN_POINT('Origin',(-2.585,-1.295,11.875000000001));
#7802=CARTESIAN_POINT('',(7.665,-0.295,12.875));
#7803=CARTESIAN_POINT('',(7.665,-1.295,11.875000000001));
#7804=CARTESIAN_POINT('',(-2.585,-0.295,12.875));
#7805=CARTESIAN_POINT('Origin',(-2.585,-0.295,12.875));
#7806=CARTESIAN_POINT('',(7.665,3.15,12.875));
#7807=CARTESIAN_POINT('',(7.665,-0.295,12.875));
#7808=CARTESIAN_POINT('',(7.655,3.15,12.875));
#7809=CARTESIAN_POINT('',(-2.585,3.15,12.875));
#7810=CARTESIAN_POINT('',(7.655,1.89,12.875));
#7811=CARTESIAN_POINT('',(7.655,1.4325,12.875));
#7812=CARTESIAN_POINT('',(-2.575,1.89,12.875));
#7813=CARTESIAN_POINT('',(2.535,1.89,12.875));
#7814=CARTESIAN_POINT('',(-2.575,3.15,12.875));
#7815=CARTESIAN_POINT('',(-2.575,0.7975,12.875));
#7816=CARTESIAN_POINT('',(-2.585,3.15,12.875));
#7817=CARTESIAN_POINT('Origin',(-2.585,3.15,12.875));
#7818=CARTESIAN_POINT('',(-2.575,3.15,5.));
#7819=CARTESIAN_POINT('',(-2.575,3.15,8.9375));
#7820=CARTESIAN_POINT('',(7.655,3.15,5.));
#7821=CARTESIAN_POINT('',(-2.58,3.15,5.));
#7822=CARTESIAN_POINT('',(7.655,3.15,8.9375));
#7823=CARTESIAN_POINT('',(7.665,3.15,4.185));
#7824=CARTESIAN_POINT('',(7.665,3.15,12.875));
#7825=CARTESIAN_POINT('',(-2.585,3.15,4.185));
#7826=CARTESIAN_POINT('Origin',(-2.585,3.15,4.185));
#7827=CARTESIAN_POINT('',(7.665,3.15,4.185));
#7828=CARTESIAN_POINT('',(5.81,0.2625,3.726666666667));
#7829=CARTESIAN_POINT('',(5.81,1.441169513394,3.913757065618));
#7830=CARTESIAN_POINT('',(4.35,0.2625,3.726666666667));
#7831=CARTESIAN_POINT('',(0.8825,0.2625,3.726666666667));
#7832=CARTESIAN_POINT('',(4.35,1.706508048661,3.955874293438));
#7833=CARTESIAN_POINT('',(3.27,0.2625,3.726666666667));
#7834=CARTESIAN_POINT('',(3.27,1.441169513394,3.913757065618));
#7835=CARTESIAN_POINT('',(1.81,0.2625,3.726666666667));
#7836=CARTESIAN_POINT('',(-0.3875,0.2625,3.726666666667));
#7837=CARTESIAN_POINT('',(1.81,1.706508048661,3.955874293438));
#7838=CARTESIAN_POINT('',(0.73,0.2625,3.726666666667));
#7839=CARTESIAN_POINT('',(0.73,1.441169513394,3.913757065618));
#7840=CARTESIAN_POINT('',(-0.73,0.2625,3.726666666667));
#7841=CARTESIAN_POINT('',(-1.6575,0.2625,3.726666666667));
#7842=CARTESIAN_POINT('',(-0.73,1.706508048661,3.955874293438));
#7843=CARTESIAN_POINT('Origin',(7.665,2.045585922872E-16,3.685));
#7844=CARTESIAN_POINT('Origin',(5.81,0.2625,0.3025));
#7845=CARTESIAN_POINT('',(5.81,0.2625,0.3025));
#7846=CARTESIAN_POINT('',(5.81,0.2625,0.3025));
#7847=CARTESIAN_POINT('',(5.81,-0.2625,3.73));
#7848=CARTESIAN_POINT('',(5.81,0.2625,3.73));
#7849=CARTESIAN_POINT('',(5.81,-0.2625,0.3025));
#7850=CARTESIAN_POINT('',(5.81,-0.2625,0.3025));
#7851=CARTESIAN_POINT('',(5.81,0.2625,0.3025));
#7852=CARTESIAN_POINT('Origin',(5.81,0.2625,3.73));
#7853=CARTESIAN_POINT('',(4.35,-0.2625,3.73));
#7854=CARTESIAN_POINT('',(4.35,0.2625,3.73));
#7855=CARTESIAN_POINT('',(5.81,-0.2625,3.73));
#7856=CARTESIAN_POINT('Origin',(4.35,0.2625,3.73));
#7857=CARTESIAN_POINT('',(4.35,0.2625,0.3025));
#7858=CARTESIAN_POINT('',(4.35,0.2625,3.73));
#7859=CARTESIAN_POINT('',(4.35,-0.2625,0.3025));
#7860=CARTESIAN_POINT('',(4.35,0.2625,0.3025));
#7861=CARTESIAN_POINT('',(4.35,-0.2625,3.73));
#7862=CARTESIAN_POINT('Origin',(3.27,0.2625,0.3025));
#7863=CARTESIAN_POINT('',(3.27,0.2625,0.3025));
#7864=CARTESIAN_POINT('',(3.27,0.2625,0.3025));
#7865=CARTESIAN_POINT('',(3.27,-0.2625,3.73));
#7866=CARTESIAN_POINT('',(3.27,0.2625,3.73));
#7867=CARTESIAN_POINT('',(3.27,-0.2625,0.3025));
#7868=CARTESIAN_POINT('',(3.27,-0.2625,0.3025));
#7869=CARTESIAN_POINT('',(3.27,0.2625,0.3025));
#7870=CARTESIAN_POINT('Origin',(3.27,0.2625,3.73));
#7871=CARTESIAN_POINT('',(1.81,-0.2625,3.73));
#7872=CARTESIAN_POINT('',(1.81,0.2625,3.73));
#7873=CARTESIAN_POINT('',(3.27,-0.2625,3.73));
#7874=CARTESIAN_POINT('Origin',(1.81,0.2625,3.73));
#7875=CARTESIAN_POINT('',(1.81,0.2625,0.3025));
#7876=CARTESIAN_POINT('',(1.81,0.2625,3.73));
#7877=CARTESIAN_POINT('',(1.81,-0.2625,0.3025));
#7878=CARTESIAN_POINT('',(1.81,0.2625,0.3025));
#7879=CARTESIAN_POINT('',(1.81,-0.2625,3.73));
#7880=CARTESIAN_POINT('Origin',(0.73,0.2625,0.302499999998));
#7881=CARTESIAN_POINT('',(0.73,0.2625,0.302499999998));
#7882=CARTESIAN_POINT('',(0.73,0.2625,0.302499999998));
#7883=CARTESIAN_POINT('',(0.73,-0.2625,3.73));
#7884=CARTESIAN_POINT('',(0.73,0.2625,3.73));
#7885=CARTESIAN_POINT('',(0.73,-0.2625,0.302499999998));
#7886=CARTESIAN_POINT('',(0.73,-0.2625,0.302499999998));
#7887=CARTESIAN_POINT('',(0.73,0.2625,0.302499999998));
#7888=CARTESIAN_POINT('Origin',(0.73,0.2625,3.73));
#7889=CARTESIAN_POINT('',(-0.73,-0.2625,3.73));
#7890=CARTESIAN_POINT('',(-0.73,0.2625,3.73));
#7891=CARTESIAN_POINT('',(0.73,-0.2625,3.73));
#7892=CARTESIAN_POINT('Origin',(-0.73,0.2625,3.73));
#7893=CARTESIAN_POINT('',(-0.73,0.2625,0.302499999998));
#7894=CARTESIAN_POINT('',(-0.73,0.2625,3.73));
#7895=CARTESIAN_POINT('',(-0.73,-0.2625,0.302499999998));
#7896=CARTESIAN_POINT('',(-0.73,0.2625,0.302499999998));
#7897=CARTESIAN_POINT('',(-0.73,-0.2625,3.73));
#7898=CARTESIAN_POINT('Origin',(-2.575,1.89,5.));
#7899=CARTESIAN_POINT('',(-2.575,1.89,18.775));
#7900=CARTESIAN_POINT('',(-2.575,1.89,5.));
#7901=CARTESIAN_POINT('',(-2.575,3.16,18.775));
#7902=CARTESIAN_POINT('',(-2.575,1.89,18.775));
#7903=CARTESIAN_POINT('',(-2.575,3.16,5.));
#7904=CARTESIAN_POINT('',(-2.575,3.16,5.));
#7905=CARTESIAN_POINT('',(-2.575,1.89,5.));
#7906=CARTESIAN_POINT('Origin',(7.655,1.89,5.));
#7907=CARTESIAN_POINT('',(7.655,1.89,18.775));
#7908=CARTESIAN_POINT('',(7.655,1.89,5.));
#7909=CARTESIAN_POINT('',(7.655,1.89,18.775));
#7910=CARTESIAN_POINT('',(0.6725,1.89,16.005));
#7911=CARTESIAN_POINT('Origin',(2.54,1.89,16.005));
#7912=CARTESIAN_POINT('Origin',(7.655,3.16,5.));
#7913=CARTESIAN_POINT('',(7.655,3.16,5.));
#7914=CARTESIAN_POINT('',(7.655,3.16,5.));
#7915=CARTESIAN_POINT('',(7.655,3.16,18.775));
#7916=CARTESIAN_POINT('',(7.655,3.16,5.));
#7917=CARTESIAN_POINT('',(7.655,3.16,18.775));
#7918=CARTESIAN_POINT('Origin',(-2.575,3.16,5.));
#7919=CARTESIAN_POINT('',(-2.575,3.16,5.));
#7920=CARTESIAN_POINT('Origin',(-0.73,0.2625,0.302499999998));
#7921=CARTESIAN_POINT('',(0.4275,0.2625,-8.743006318923E-17));
#7922=CARTESIAN_POINT('',(0.4275,0.2625,-8.743006318923E-17));
#7923=CARTESIAN_POINT('',(0.4275,0.2625,-9.009548279765));
#7924=CARTESIAN_POINT('',(0.4275,0.2625,-9.009548279765));
#7925=CARTESIAN_POINT('',(0.,0.2625,-9.75));
#7926=CARTESIAN_POINT('',(0.,0.2625,-9.75));
#7927=CARTESIAN_POINT('',(-0.4275,0.2625,-9.009548279765));
#7928=CARTESIAN_POINT('',(-0.4275,0.2625,-9.009548279765));
#7929=CARTESIAN_POINT('',(-0.4275,0.2625,-8.743006318923E-17));
#7930=CARTESIAN_POINT('',(-0.4275,0.2625,-8.743006318923E-17));
#7931=CARTESIAN_POINT('',(-0.73,0.2625,0.302499999998));
#7932=CARTESIAN_POINT('Origin',(1.81,0.2625,0.3025));
#7933=CARTESIAN_POINT('',(2.9675,0.2625,-8.743006318923E-17));
#7934=CARTESIAN_POINT('',(2.9675,0.2625,-8.743006318923E-17));
#7935=CARTESIAN_POINT('',(2.9675,0.2625,-9.009548279765));
#7936=CARTESIAN_POINT('',(2.9675,0.2625,-9.009548279765));
#7937=CARTESIAN_POINT('',(2.54,0.2625,-9.75));
#7938=CARTESIAN_POINT('',(2.54,0.2625,-9.75));
#7939=CARTESIAN_POINT('',(2.1125,0.2625,-9.009548279765));
#7940=CARTESIAN_POINT('',(2.1125,0.2625,-9.009548279765));
#7941=CARTESIAN_POINT('',(2.1125,0.2625,-8.743006318923E-17));
#7942=CARTESIAN_POINT('',(2.1125,0.2625,-8.743006318923E-17));
#7943=CARTESIAN_POINT('',(1.81,0.2625,0.3025));
#7944=CARTESIAN_POINT('Origin',(4.35,0.2625,0.3025));
#7945=CARTESIAN_POINT('',(5.5075,0.2625,-8.743006318923E-17));
#7946=CARTESIAN_POINT('',(5.5075,0.2625,-8.743006318923E-17));
#7947=CARTESIAN_POINT('',(5.5075,0.2625,-9.009548279765));
#7948=CARTESIAN_POINT('',(5.5075,0.2625,-9.009548279765));
#7949=CARTESIAN_POINT('',(5.08,0.2625,-9.75));
#7950=CARTESIAN_POINT('',(5.08,0.2625,-9.75));
#7951=CARTESIAN_POINT('',(4.6525,0.2625,-9.009548279765));
#7952=CARTESIAN_POINT('',(4.6525,0.2625,-9.009548279765));
#7953=CARTESIAN_POINT('',(4.6525,0.2625,-8.743006318923E-17));
#7954=CARTESIAN_POINT('',(4.6525,0.2625,-8.743006318923E-17));
#7955=CARTESIAN_POINT('',(4.35,0.2625,0.3025));
#7956=CARTESIAN_POINT('Origin',(4.35,-0.2625,0.3025));
#7957=CARTESIAN_POINT('',(4.6525,-0.2625,8.743006318923E-17));
#7958=CARTESIAN_POINT('',(4.35,-0.2625,0.3025));
#7959=CARTESIAN_POINT('',(4.6525,-0.2625,-9.009548279765));
#7960=CARTESIAN_POINT('',(4.6525,-0.2625,8.743006318923E-17));
#7961=CARTESIAN_POINT('',(5.08,-0.2625,-9.75));
#7962=CARTESIAN_POINT('',(4.6525,-0.2625,-9.009548279765));
#7963=CARTESIAN_POINT('',(5.5075,-0.2625,-9.009548279765));
#7964=CARTESIAN_POINT('',(5.08,-0.2625,-9.75));
#7965=CARTESIAN_POINT('',(5.5075,-0.2625,8.743006318923E-17));
#7966=CARTESIAN_POINT('',(5.5075,-0.2625,-9.009548279765));
#7967=CARTESIAN_POINT('',(5.5075,-0.2625,8.743006318923E-17));
#7968=CARTESIAN_POINT('Origin',(5.5075,0.2625,-8.743006318923E-17));
#7969=CARTESIAN_POINT('',(5.5075,0.2625,-8.743006318923E-17));
#7970=CARTESIAN_POINT('Origin',(4.35,0.2625,0.3025));
#7971=CARTESIAN_POINT('',(4.6525,0.2625,-8.743006318923E-17));
#7972=CARTESIAN_POINT('Origin',(1.81,-0.2625,0.3025));
#7973=CARTESIAN_POINT('',(2.1125,-0.2625,8.743006318923E-17));
#7974=CARTESIAN_POINT('',(1.81,-0.2625,0.3025));
#7975=CARTESIAN_POINT('',(2.1125,-0.2625,-9.009548279765));
#7976=CARTESIAN_POINT('',(2.1125,-0.2625,8.743006318923E-17));
#7977=CARTESIAN_POINT('',(2.54,-0.2625,-9.75));
#7978=CARTESIAN_POINT('',(2.1125,-0.2625,-9.009548279765));
#7979=CARTESIAN_POINT('',(2.9675,-0.2625,-9.009548279765));
#7980=CARTESIAN_POINT('',(2.54,-0.2625,-9.75));
#7981=CARTESIAN_POINT('',(2.9675,-0.2625,8.743006318923E-17));
#7982=CARTESIAN_POINT('',(2.9675,-0.2625,-9.009548279765));
#7983=CARTESIAN_POINT('',(2.9675,-0.2625,8.743006318923E-17));
#7984=CARTESIAN_POINT('Origin',(2.9675,0.2625,-8.743006318923E-17));
#7985=CARTESIAN_POINT('',(2.9675,0.2625,-8.743006318923E-17));
#7986=CARTESIAN_POINT('Origin',(1.81,0.2625,0.3025));
#7987=CARTESIAN_POINT('',(2.1125,0.2625,-8.743006318923E-17));
#7988=CARTESIAN_POINT('Origin',(-0.73,-0.2625,0.302499999998));
#7989=CARTESIAN_POINT('',(-0.4275,-0.2625,8.743006318923E-17));
#7990=CARTESIAN_POINT('',(-0.73,-0.2625,0.302499999998));
#7991=CARTESIAN_POINT('',(-0.4275,-0.2625,-9.009548279765));
#7992=CARTESIAN_POINT('',(-0.4275,-0.2625,8.743006318923E-17));
#7993=CARTESIAN_POINT('',(0.,-0.2625,-9.75));
#7994=CARTESIAN_POINT('',(-0.4275,-0.2625,-9.009548279765));
#7995=CARTESIAN_POINT('',(0.4275,-0.2625,-9.009548279765));
#7996=CARTESIAN_POINT('',(0.,-0.2625,-9.75));
#7997=CARTESIAN_POINT('',(0.4275,-0.2625,8.743006318923E-17));
#7998=CARTESIAN_POINT('',(0.4275,-0.2625,-9.009548279765));
#7999=CARTESIAN_POINT('',(0.4275,-0.2625,8.743006318923E-17));
#8000=CARTESIAN_POINT('Origin',(0.4275,0.2625,-8.743006318923E-17));
#8001=CARTESIAN_POINT('',(0.4275,0.2625,-8.743006318923E-17));
#8002=CARTESIAN_POINT('Origin',(-0.73,0.2625,0.302499999998));
#8003=CARTESIAN_POINT('',(-0.4275,0.2625,-8.743006318923E-17));
#8004=CARTESIAN_POINT('Origin',(-2.575,3.16,5.));
#8005=CARTESIAN_POINT('',(-2.575,3.16,18.775));
#8006=CARTESIAN_POINT('',(0.6725,3.16,16.005));
#8007=CARTESIAN_POINT('Origin',(2.54,3.16,16.005));
#8008=CARTESIAN_POINT('Origin',(-2.575,3.16,18.775));
#8009=CARTESIAN_POINT('Origin',(2.54,1.89,16.005));
#8010=CARTESIAN_POINT('',(0.6725,1.89,16.005));
#8011=CARTESIAN_POINT('Origin',(0.4275,0.2625,-9.009548279765));
#8012=CARTESIAN_POINT('',(0.4275,0.2625,-9.009548279765));
#8013=CARTESIAN_POINT('Origin',(0.,0.2625,-9.75));
#8014=CARTESIAN_POINT('',(0.,0.2625,-9.75));
#8015=CARTESIAN_POINT('Origin',(-0.4275,0.2625,-9.009548279765));
#8016=CARTESIAN_POINT('',(-0.4275,0.2625,-9.009548279765));
#8017=CARTESIAN_POINT('Origin',(-0.4275,0.2625,-8.743006318923E-17));
#8018=CARTESIAN_POINT('Origin',(2.9675,0.2625,-9.009548279765));
#8019=CARTESIAN_POINT('',(2.9675,0.2625,-9.009548279765));
#8020=CARTESIAN_POINT('Origin',(2.54,0.2625,-9.75));
#8021=CARTESIAN_POINT('',(2.54,0.2625,-9.75));
#8022=CARTESIAN_POINT('Origin',(2.1125,0.2625,-9.009548279765));
#8023=CARTESIAN_POINT('',(2.1125,0.2625,-9.009548279765));
#8024=CARTESIAN_POINT('Origin',(2.1125,0.2625,-8.743006318923E-17));
#8025=CARTESIAN_POINT('Origin',(5.5075,0.2625,-9.009548279765));
#8026=CARTESIAN_POINT('',(5.5075,0.2625,-9.009548279765));
#8027=CARTESIAN_POINT('Origin',(5.08,0.2625,-9.75));
#8028=CARTESIAN_POINT('',(5.08,0.2625,-9.75));
#8029=CARTESIAN_POINT('Origin',(4.6525,0.2625,-9.009548279765));
#8030=CARTESIAN_POINT('',(4.6525,0.2625,-9.009548279765));
#8031=CARTESIAN_POINT('Origin',(4.6525,0.2625,-8.743006318923E-17));
#8032=CARTESIAN_POINT('',(8.79999999999977,4.09332493635484,5.00000000000008));
#8033=UNCERTAINTY_MEASURE_WITH_UNIT(LENGTH_MEASURE(0.01),#8039,
'DISTANCE_ACCURACY_VALUE',
'Maximum model space distance between geometric entities at asserted c
onnectivities');
#8034=UNCERTAINTY_MEASURE_WITH_UNIT(LENGTH_MEASURE(0.01),#8039,
'DISTANCE_ACCURACY_VALUE',
'Maximum model space distance between geometric entities at asserted c
onnectivities');
#8035=UNCERTAINTY_MEASURE_WITH_UNIT(LENGTH_MEASURE(0.01),#8039,
'DISTANCE_ACCURACY_VALUE',
'Maximum model space distance between geometric entities at asserted c
onnectivities');
#8036=(
GEOMETRIC_REPRESENTATION_CONTEXT(3)
GLOBAL_UNCERTAINTY_ASSIGNED_CONTEXT((#8033))
GLOBAL_UNIT_ASSIGNED_CONTEXT((#8039,#8041,#8042))
REPRESENTATION_CONTEXT('','3D')
);
#8037=(
GEOMETRIC_REPRESENTATION_CONTEXT(3)
GLOBAL_UNCERTAINTY_ASSIGNED_CONTEXT((#8034))
GLOBAL_UNIT_ASSIGNED_CONTEXT((#8039,#8041,#8042))
REPRESENTATION_CONTEXT('','3D')
);
#8038=(
GEOMETRIC_REPRESENTATION_CONTEXT(3)
GLOBAL_UNCERTAINTY_ASSIGNED_CONTEXT((#8035))
GLOBAL_UNIT_ASSIGNED_CONTEXT((#8039,#8041,#8042))
REPRESENTATION_CONTEXT('','3D')
);
#8039=(
LENGTH_UNIT()
NAMED_UNIT(*)
SI_UNIT(.MILLI.,.METRE.)
);
#8040=(
LENGTH_UNIT()
NAMED_UNIT(*)
SI_UNIT($,.METRE.)
);
#8041=(
NAMED_UNIT(*)
PLANE_ANGLE_UNIT()
SI_UNIT($,.RADIAN.)
);
#8042=(
NAMED_UNIT(*)
SI_UNIT($,.STERADIAN.)
SOLID_ANGLE_UNIT()
);
#8043=SHAPE_DEFINITION_REPRESENTATION(#8045,#8048);
#8044=SHAPE_DEFINITION_REPRESENTATION(#8046,#8049);
#8045=PRODUCT_DEFINITION_SHAPE('',$,#8051);
#8046=PRODUCT_DEFINITION_SHAPE('',$,#8052);
#8047=PRODUCT_DEFINITION_SHAPE($,$,#14);
#8048=SHAPE_REPRESENTATION('',(#4913,#5293),#8036);
#8049=SHAPE_REPRESENTATION('',(#4914),#8037);
#8050=PRODUCT_DEFINITION_CONTEXT('part definition',#8058,'design');
#8051=PRODUCT_DEFINITION('TO-220-3_Vertical','TO-220-3_Vertical v2',#8053,
#8050);
#8052=PRODUCT_DEFINITION('v8508a_1','v8508a v2',#8054,#8050);
#8053=PRODUCT_DEFINITION_FORMATION('',$,#8060);
#8054=PRODUCT_DEFINITION_FORMATION('',$,#8061);
#8055=PRODUCT_RELATED_PRODUCT_CATEGORY('TO-220-3_Vertical v2',
'TO-220-3_Vertical v2',(#8060));
#8056=PRODUCT_RELATED_PRODUCT_CATEGORY('v8508a v2','v8508a v2',(#8061));
#8057=APPLICATION_PROTOCOL_DEFINITION('international standard',
'automotive_design',2009,#8058);
#8058=APPLICATION_CONTEXT(
'Core Data for Automotive Mechanical Design Process');
#8059=PRODUCT_CONTEXT('part definition',#8058,'mechanical');
#8060=PRODUCT('TO-220-3_Vertical','TO-220-3_Vertical v2',
'FreeCAD Model',(#8059));
#8061=PRODUCT('v8508a_1','v8508a v2','STEP AP242',(#8059));
#8062=PRESENTATION_STYLE_ASSIGNMENT((#8065));
#8063=PRESENTATION_STYLE_ASSIGNMENT((#8066));
#8064=PRESENTATION_STYLE_ASSIGNMENT((#8067));
#8065=SURFACE_STYLE_USAGE(.BOTH.,#8068);
#8066=SURFACE_STYLE_USAGE(.BOTH.,#8069);
#8067=SURFACE_STYLE_USAGE(.BOTH.,#8070);
#8068=SURFACE_SIDE_STYLE('',(#8071));
#8069=SURFACE_SIDE_STYLE('',(#8072));
#8070=SURFACE_SIDE_STYLE('',(#8073));
#8071=SURFACE_STYLE_FILL_AREA(#8074);
#8072=SURFACE_STYLE_FILL_AREA(#8075);
#8073=SURFACE_STYLE_FILL_AREA(#8076);
#8074=FILL_AREA_STYLE('Stahl - satiniert',(#8077));
#8075=FILL_AREA_STYLE('Opaque(38,37,37)',(#8078));
#8076=FILL_AREA_STYLE('Opaque(210,209,199)',(#8079));
#8077=FILL_AREA_STYLE_COLOUR('Stahl - satiniert',#8080);
#8078=FILL_AREA_STYLE_COLOUR('Opaque(38,37,37)',#8081);
#8079=FILL_AREA_STYLE_COLOUR('Opaque(210,209,199)',#8082);
#8080=COLOUR_RGB('Stahl - satiniert',0.627450980392157,0.627450980392157,
0.627450980392157);
#8081=COLOUR_RGB('Opaque(38,37,37)',0.149019607843137,0.145098039215686,
0.145098039215686);
#8082=COLOUR_RGB('Opaque(210,209,199)',0.823529411764706,0.819607843137255,
0.780392156862745);
ENDSEC;
END-ISO-10303-21;
